ticker,period,previous_period,holder_count,previous_holder_count,holder_count_delta,holder_count_delta_pct,large_holder_count,previous_large_holder_count,large_holder_delta,large_holder_delta_pct,total_value_usd,previous_total_value_usd,total_value_delta_pct,total_shares,previous_total_shares,total_shares_delta_pct,trend,cusip
A,2026-06-30,2026-03-31,1134,1080.0,54.0,0.050000000000000044,206,193.0,13.0,0.06735751295336789,33315220013.0,29546907387.0,0.12753661750934975,319224446.0,275300423.0,0.15954942067052325,positive,00846U101
AA,2026-06-30,2026-03-31,714,763.0,-49.0,-0.06422018348623848,104,108.0,-4.0,-0.03703703703703709,10651101279.0,13670914097.0,-0.2208932626284792,223965507.0,212715794.0,0.05288611996530923,negative,013872106
AAL,2026-06-30,2026-03-31,580,570.0,10.0,0.01754385964912286,74,60.0,14.0,0.2333333333333334,9291530849.0,4971736306.0,0.8688704060564874,529253816.0,474723717.0,0.11486702064224019,positive,02376R102
AAMI,2026-06-30,2026-03-31,303,256.0,47.0,0.18359375,42,35.0,7.0,0.19999999999999996,2561607455.0,2010887002.0,0.2738694180489809,39045567.0,38306039.0,0.019305781002311395,positive,10948W103
AAOI,2026-06-30,2026-03-31,484,379.0,105.0,0.2770448548812665,80,62.0,18.0,0.29032258064516125,7665817778.0,4534745693.0,0.6904625522514389,64919173.0,56632608.0,0.14632144435234196,positive,03823U102
AAON,2026-06-30,2026-03-31,476,402.0,74.0,0.1840796019900497,97,79.0,18.0,0.2278481012658229,8248589143.0,6133464093.0,0.34484999307552,76487599.0,75048883.0,0.01917038525410164,positive,000360206
AAP,2026-06-30,2026-03-31,373,360.0,13.0,0.036111111111111205,54,48.0,6.0,0.125,3987960307.0,3575475664.0,0.11536497008024393,81922342.0,79949111.0,0.02468108744823949,positive,00751Y106
AAPL,2026-06-30,2026-03-31,6113,6116.0,-3.0,-0.0004905166775670544,2788,2624.0,164.0,0.0625,2737774586491.0,2580793715883.0,0.06082658588398271,16297381310.0,10615186467.0,0.5352892161305451,positive,037833100
AARD,2026-06-30,2026-03-31,72,79.0,-7.0,-0.08860759493670889,1,1.0,0.0,0.0,55086729.0,40772132.0,0.35108777240297373,9560449.0,10834232.0,-0.11757021632913156,neutral,002942100
AAUC,2026-06-30,2026-03-31,137,113.0,24.0,0.21238938053097356,35,37.0,-2.0,-0.05405405405405406,1931147918.0,2562368238.0,-0.2463425477411807,78238830.0,83979504.0,-0.06835803650376404,negative,01921D204
ABAT,2026-06-30,2026-03-31,179,169.0,10.0,0.059171597633136175,4,4.0,0.0,0.0,147286255.0,152314318.0,-0.033011098798997995,52200355.0,54675807.0,-0.04527508848657691,neutral,02451V309
ABBV,2026-06-30,2026-03-31,4214,4111.0,103.0,0.02505473120895152,878,790.0,88.0,0.11139240506329107,329513433204.0,304588615446.0,0.08183108788062654,2061287304.0,1449244512.0,0.42231851625600636,positive,00287Y109
ABCB,2026-06-30,2026-03-31,391,386.0,5.0,0.012953367875647714,62,57.0,5.0,0.08771929824561409,6001498712.0,5185738078.0,0.15730849142975178,74880299.0,68206970.0,0.09783939969771427,positive,03076K108
ABCL,2026-06-30,2026-03-31,152,138.0,14.0,0.10144927536231885,14,11.0,3.0,0.2727272727272727,886626363.0,429742040.0,1.063159478183703,116099374.0,124445340.0,-0.06706531558353246,positive,00288U106
ABEO,2026-06-30,2026-03-31,129,108.0,21.0,0.19444444444444442,6,6.0,0.0,0.0,281233270.0,186588163.0,0.5072406817146273,45612854.0,41714598.0,0.09345064286607774,neutral,00289Y206
ABG,2026-06-30,2026-03-31,316,312.0,4.0,0.012820512820512775,49,48.0,1.0,0.02083333333333326,3771957198.0,3991159454.0,-0.054921949004145154,23810182.0,20878486.0,0.14041707813488014,positive,043436104
ABLV,2026-06-30,2026-03-31,3,2.0,1.0,0.5,0,0.0,0.0,,80741.0,7954.0,9.150993210963037,73401.0,11948.0,5.143371275527285,neutral,G1149B108
ABNB,2026-06-30,2026-03-31,1308,1303.0,5.0,0.0038372985418264616,268,249.0,19.0,0.0763052208835342,50069184320.0,46205165089.0,0.08362743047356624,458338318.0,384420034.0,0.19228520228474877,positive,009066101
ABOS,2026-06-30,2026-03-31,98,84.0,14.0,0.16666666666666674,1,1.0,0.0,0.0,127228492.0,109963887.0,0.1570024984657008,47972061.0,47517517.0,0.009565819695503075,neutral,00509G209
ABR,2026-06-30,2026-03-31,299,311.0,-12.0,-0.03858520900321538,14,16.0,-2.0,-0.125,648521704.0,905212487.0,-0.2835696443502552,122264096.0,120942086.0,0.010930934331660147,negative,038923108
ABSI,2026-06-30,2026-03-31,199,166.0,33.0,0.1987951807228916,32,10.0,22.0,2.2,1747370564.0,398469122.0,3.3852094617258697,152718816.0,132959414.0,0.14861228254209968,positive,00091E109
ABT,2026-06-30,2026-03-31,2972,3120.0,-148.0,-0.04743589743589749,456,502.0,-46.0,-0.0916334661354582,127197393417.0,153152806001.0,-0.16947396043028118,1708835090.0,1539666994.0,0.10987317170481603,negative,002824100
ABTC,2026-06-30,2026-03-31,133,144.0,-11.0,-0.07638888888888884,0,0.0,0.0,,44269386.0,30685617.0,0.44267543976710644,67065935.0,36108622.0,0.8573385326086385,neutral,02462A104
ABTS,2026-06-30,2026-03-31,7,6.0,1.0,0.16666666666666674,0,0.0,0.0,,59634.0,266948.0,-0.7766081783718177,51409.0,176809.0,-0.7092399142577583,neutral,G6S34K113
ABUS,2026-06-30,2026-03-31,178,168.0,10.0,0.059523809523809534,14,14.0,0.0,0.0,680019483.0,664708724.0,0.023033786750781493,142953070.0,147907407.0,-0.03349620617715243,neutral,03879J100
ABVC,2026-06-30,2026-03-31,15,13.0,2.0,0.15384615384615374,0,0.0,0.0,,1722061.0,976982.0,0.7626332931415318,1089883.0,1007117.0,0.08218111699037944,neutral,00091F304
ABX,2026-06-30,2026-03-31,151,132.0,19.0,0.14393939393939403,9,6.0,3.0,0.5,285091293.0,219602775.0,0.298213526673331,28239934.0,28965398.0,-0.02504588405793695,positive,00258Y104
ACA,2026-06-30,2026-03-31,429,374.0,55.0,0.1470588235294117,70,53.0,17.0,0.320754716981132,6479546519.0,4793374884.0,0.3517712834496507,54278036.0,48246071.0,0.12502499944503254,positive,039653100
ACAD,2026-06-30,2026-03-31,354,344.0,10.0,0.029069767441860517,53,50.0,3.0,0.06000000000000005,4338874004.0,3800104730.0,0.1417774804327563,176653034.0,172539564.0,0.023840734870525182,positive,004225108
ACB,2026-06-30,2026-03-31,150,156.0,-6.0,-0.038461538461538436,0,0.0,0.0,,14817697.0,17213643.0,-0.13918878182846017,5270924.0,5343741.0,-0.013626596049471695,neutral,05156X850
ACCO,2026-06-30,2026-03-31,199,195.0,4.0,0.02051282051282044,8,6.0,2.0,0.33333333333333326,309437049.0,233034647.0,0.3278585522950157,78199523.0,82275910.0,-0.049545328638723074,positive,00081T108
ACEL,2026-06-30,2026-03-31,173,172.0,1.0,0.005813953488372103,13,10.0,3.0,0.30000000000000004,575826904.0,520581795.0,0.1061218612149124,46446444.0,48583245.0,-0.043982261785930565,positive,00436Q106
ACET,2026-06-30,2026-03-31,56,49.0,7.0,0.1428571428571428,0,0.0,0.0,,53831546.0,47525558.0,0.13268624852337352,6355374.0,7098651.0,-0.10470679569963359,neutral,007002207
ACFN,2026-06-30,2026-03-31,14,13.0,1.0,0.07692307692307687,0,0.0,0.0,,1889745.0,1968704.0,-0.040107095835635986,110950.0,115791.0,-0.041808085257057925,neutral,004848206
ACGL,2026-06-30,2026-03-31,4,4.0,0.0,0.0,0,0.0,0.0,,769094.0,3482076.0,-0.7791277387397633,47564.0,88774.0,-0.46421249464933423,neutral,03939A404
ACHC,2026-06-30,2026-03-31,317,296.0,21.0,0.07094594594594605,58,56.0,2.0,0.03571428571428581,4080400134.0,3203417774.0,0.27376459202976244,143409452.0,138501103.0,0.035439060727191496,positive,00404A109
ACHR,2026-06-30,2026-03-31,539,539.0,0.0,0.0,28,29.0,-1.0,-0.03448275862068961,1844455749.0,2003398885.0,-0.07933673977261901,403704210.0,401437388.0,0.005646763524677079,negative,03945R102
ACHV,2026-06-30,2026-03-31,114,81.0,33.0,0.40740740740740744,17,3.0,14.0,4.666666666666667,540696074.0,70243668.0,6.697435076995125,82947279.0,23831256.0,2.480608785369936,positive,004468500
ACI,2026-06-30,2026-03-31,449,443.0,6.0,0.013544018058690765,52,58.0,-6.0,-0.10344827586206895,6123410151.0,7885615453.0,-0.22347086444972253,471994098.0,476734022.0,-0.009942491580766655,negative,013091103
ACIU,2026-06-30,2026-03-31,43,46.0,-3.0,-0.06521739130434778,1,1.0,0.0,0.0,58213779.0,71392056.0,-0.1845902434859139,24469719.0,26089782.0,-0.062095689415879396,neutral,H00263105
ACIW,2026-06-30,2026-03-31,379,382.0,-3.0,-0.007853403141361293,60,60.0,0.0,0.0,5169763694.0,4246937099.0,0.21729226816599012,112070006.0,106356400.0,0.05372131813412273,neutral,004498101
ACLS,2026-06-30,2026-03-31,443,379.0,64.0,0.16886543535620047,57,40.0,17.0,0.42500000000000004,5843134171.0,3109391366.0,0.8791890383733703,38397452.0,34479538.0,0.11363011882583818,positive,054540208
ACM,2026-06-30,2026-03-31,577,625.0,-48.0,-0.07679999999999998,84,99.0,-15.0,-0.1515151515151515,8250538038.0,9919763146.0,-0.1682726778283099,131526165.0,120616311.0,0.09045090095650488,negative,00766T100
ACN,2026-06-30,2026-03-31,2,2.0,0.0,0.0,0,0.0,0.0,,9751.0,15769.0,-0.3816348531929735,78092.0,79359.0,-0.015965422951398023,neutral,00B4BNMY3
ACNB,2026-06-30,2026-03-31,118,108.0,10.0,0.09259259259259256,7,6.0,1.0,0.16666666666666674,245087158.0,220320202.0,0.11241345902542332,4177961.0,4624631.0,-0.09658500321431052,positive,000868109
ACNT,2026-06-30,2026-03-31,82,85.0,-3.0,-0.03529411764705881,1,1.0,0.0,0.0,76410063.0,80172692.0,-0.04693155370160207,5130448.0,6021393.0,-0.1479632702931033,neutral,871565107
ACOG,2026-06-30,2026-03-31,26,25.0,1.0,0.040000000000000036,3,2.0,1.0,0.5,76516463.0,57822856.0,0.3232909664648871,10597925.0,10532491.0,0.006212585417827654,positive,02074J501
ACON,2026-06-30,2026-03-31,16,11.0,5.0,0.4545454545454546,0,0.0,0.0,,335225.0,396294.0,-0.15410023871166356,258637.0,300780.0,-0.14011237449298486,neutral,655187409
ACR,2026-06-30,2026-03-31,68,66.0,2.0,0.030303030303030276,1,2.0,-1.0,-0.5,53886657.0,63620532.0,-0.15299895637464966,3229984.0,3512512.0,-0.08043474299874276,negative,00489Q102
ACRS,2026-06-30,2026-03-31,150,136.0,14.0,0.10294117647058831,17,14.0,3.0,0.2142857142857142,647501322.0,456310321.0,0.41899337402889913,124859311.0,123912218.0,0.007643257584171392,positive,00461U105
ACRV,2026-06-30,2026-03-31,46,44.0,2.0,0.045454545454545414,1,1.0,0.0,0.0,35650079.0,22141856.0,0.6100763639687659,21402557.0,16961165.0,0.2618565411043403,neutral,004890109
ACTG,2026-06-30,2026-03-31,125,118.0,7.0,0.05932203389830515,4,5.0,-1.0,-0.19999999999999996,401104526.0,416204692.0,-0.03628062415019584,86290643.0,86680660.0,-0.0044994696625522135,negative,003881307
ACTU,2026-06-30,2026-03-31,65,61.0,4.0,0.06557377049180335,1,1.0,0.0,0.0,20638021.0,39140534.0,-0.47271999406037746,13517095.0,14266672.0,-0.05254042428395356,neutral,005083100
ACVA,2026-06-30,2026-03-31,259,267.0,-8.0,-0.029962546816479363,35,24.0,11.0,0.45833333333333326,1190561679.0,730549265.0,0.6296802091779532,168203124.0,173750578.0,-0.03192768659451595,positive,00091G104
ACXP,2026-06-30,2026-03-31,20,22.0,-2.0,-0.09090909090909094,0,0.0,0.0,,192785.0,729125.0,-0.7355940339447968,124385.0,216585.0,-0.42569891728420717,neutral,00510M203
AD,2026-06-30,2026-03-31,141,148.0,-7.0,-0.04729729729729726,16,17.0,-1.0,-0.05882352941176472,654179521.0,986534163.0,-0.33689116349435533,18788384.0,21510963.0,-0.12656704397659924,negative,911684108
ADAG,2026-06-30,2026-03-31,36,25.0,11.0,0.43999999999999995,3,0.0,3.0,,80907831.0,12089464.0,5.692424990884625,19261571.0,3908588.0,3.928012622461104,positive,005329107
ADAM,2026-06-30,2026-03-31,207,186.0,21.0,0.11290322580645151,11,9.0,2.0,0.22222222222222232,470505365.0,368866274.0,0.27554454870005274,51628579.0,52161561.0,-0.010217907397364945,positive,649604840
ADBE,2026-06-30,2026-03-31,1990,2200.0,-210.0,-0.09545454545454546,335,369.0,-34.0,-0.09214092140921404,67653913516.0,85375069227.0,-0.2075682734017117,464751190.0,361899026.0,0.2842012733131809,negative,00724F101
ADCT,2026-06-30,2026-03-31,116,118.0,-2.0,-0.016949152542372836,3,9.0,-6.0,-0.6666666666666667,99633375.0,312262309.0,-0.6809305121739813,93344305.0,83857393.0,0.1131314921750548,negative,H0036K147
ADEA,2026-06-30,2026-03-31,304,259.0,45.0,0.17374517374517384,48,37.0,11.0,0.29729729729729737,3634106292.0,2982543965.0,0.21845858255437323,119806907.0,127717362.0,-0.06193719378575957,positive,00676P107
ADI,2026-06-30,2026-03-31,2285,2123.0,162.0,0.07630711257654266,508,463.0,45.0,0.09719222462203025,170463903586.0,146057336591.0,0.16710264314448642,745310369.0,484560735.0,0.5381154830879973,positive,032654105
ADIL,2026-06-30,2026-03-31,18,15.0,3.0,0.19999999999999996,0,0.0,0.0,,1917732.0,64433.0,28.76319587788866,864014.0,35996.0,23.003055895099454,neutral,00688A304
ADM,2026-06-30,2026-03-31,1161,1115.0,46.0,0.041255605381165905,175,145.0,30.0,0.2068965517241379,32631744158.0,30796263770.0,0.05960074902943324,482223088.0,437314106.0,0.10269273591645822,positive,039483102
ADMA,2026-06-30,2026-03-31,326,360.0,-34.0,-0.09444444444444444,36,36.0,0.0,0.0,1710944488.0,1958519840.0,-0.1264094174302569,212283756.0,223980653.0,-0.05222280068984353,neutral,000899104
ADNT,2026-06-30,2026-03-31,317,291.0,26.0,0.08934707903780059,29,33.0,-4.0,-0.12121212121212122,1398507498.0,1616712984.0,-0.134968598730571,79060455.0,81628002.0,-0.03145424287121468,negative,G0084W101
ADP,2026-06-30,2026-03-31,2288,2286.0,2.0,0.0008748906386701893,381,375.0,6.0,0.016000000000000014,82010026222.0,77669311375.0,0.05588712929412143,516590372.0,389689142.0,0.32564733353540554,positive,053015103
ADPT,2026-06-30,2026-03-31,303,300.0,3.0,0.010000000000000009,54,41.0,13.0,0.3170731707317074,3188007425.0,2153225282.0,0.4805730973207103,160016837.0,162217675.0,-0.013567189888524789,positive,00650F109
ADSK,2026-06-30,2026-03-31,1197,1326.0,-129.0,-0.09728506787330315,238,270.0,-32.0,-0.11851851851851847,39034312804.0,49680679092.0,-0.21429590904513962,263916693.0,211693666.0,0.24669149524766598,negative,052769106
ADT,2026-06-30,2026-03-31,457,451.0,6.0,0.013303769401330268,54,51.0,3.0,0.05882352941176472,4469404849.0,4875244751.0,-0.0832450313221208,734558881.0,777605544.0,-0.05535796822971206,positive,00090Q103
ADTN,2026-06-30,2026-03-31,251,228.0,23.0,0.10087719298245612,30,28.0,2.0,0.0714285714285714,1180901194.0,1021170908.0,0.15641875884697654,88226181.0,84721616.0,0.04136565336525222,positive,00486H105
ADTX,2026-06-30,2026-03-31,1,10.0,-9.0,-0.9,0,0.0,0.0,,0.0,19848.0,-1.0,1.0,20282.0,-0.9999506951977123,neutral,007025877
ADUR,2026-06-30,2026-03-31,41,38.0,3.0,0.07894736842105265,0,0.0,0.0,,14052694.0,7506631.0,0.8720374026643909,919257.0,758514.0,0.21191830341958084,neutral,007408206
ADUS,2026-06-30,2026-03-31,304,298.0,6.0,0.020134228187919545,37,33.0,4.0,0.1212121212121211,1951194580.0,1852671211.0,0.05317908996212073,21820514.0,20168340.0,0.08191918620967309,positive,006739106
ADV,2026-06-30,2026-03-31,89,69.0,20.0,0.28985507246376807,5,3.0,2.0,0.6666666666666667,184417364.0,91699905.0,1.0110965654762674,4267718.0,4336404.0,-0.015839391348223097,positive,00791N201
AEC,2026-06-30,2026-03-31,25,27.0,-2.0,-0.07407407407407407,0,0.0,0.0,,6958397.0,11469052.0,-0.3932892622685815,1631783.0,2008117.0,-0.18740641108062928,neutral,03464C205
AEE,2026-06-30,2026-03-31,953,933.0,20.0,0.02143622722400851,159,147.0,12.0,0.08163265306122458,23644237020.0,25541584224.0,-0.07428463275262187,285653687.0,267953406.0,0.0660573092323371,positive,023608102
AEG,2026-06-30,2026-03-31,1,1.0,0.0,0.0,0,0.0,0.0,,50.0,42681.0,-0.9988285185445515,5923.0,11846.0,-0.5,neutral,00BPH0Y27
AEHR,2026-06-30,2026-03-31,263,191.0,72.0,0.37696335078534027,40,18.0,22.0,1.2222222222222223,2128639922.0,829349995.0,1.5666364440021487,26818655.0,24075812.0,0.11392525410980947,positive,00760J108
AEI,2026-06-30,2026-03-31,18,19.0,-1.0,-0.052631578947368474,0,0.0,0.0,,3263315.0,5185491.0,-0.3706835090447559,2265966.0,2817989.0,-0.19589253187290656,neutral,02115D208
AEM,2026-06-30,2026-03-31,1057,1124.0,-67.0,-0.059608540925266906,210,229.0,-19.0,-0.08296943231441045,49888288329.0,63448889379.0,-0.21372479775017494,321631075.0,337224889.0,-0.046241586871721085,negative,008474108
AEO,2026-06-30,2026-03-31,346,366.0,-20.0,-0.05464480874316935,53,47.0,6.0,0.12765957446808507,2864140530.0,2760695573.0,0.037470613569893896,174072682.0,168720865.0,0.03171994761880814,positive,02553E106
AEP,2026-06-30,2026-03-31,0,1.0,-1.0,-1.0,0,0.0,0.0,,0.0,3486.0,-1.0,0.0,26592.0,-1.0,neutral,
AERT,2026-06-30,2026-03-31,4,11.0,-7.0,-0.6363636363636364,0,0.0,0.0,,1701873.0,2070049.0,-0.17785859175314211,234741.0,6783664.0,-0.9653961340066372,neutral,G0136H128
AES,2026-06-30,2026-03-31,705,754.0,-49.0,-0.06498673740053051,106,108.0,-2.0,-0.01851851851851849,9414352240.0,9868581056.0,-0.0460277737419843,665137691.0,721301837.0,-0.07786497014009408,negative,00130H105
AESI,2026-06-30,2026-03-31,286,242.0,44.0,0.18181818181818188,42,27.0,15.0,0.5555555555555556,1753261550.0,1263926916.0,0.3871542158059398,107894645.0,97498761.0,0.10662580624998919,positive,642045108
AEVA,2026-06-30,2026-03-31,197,154.0,43.0,0.27922077922077926,22,14.0,8.0,0.5714285714285714,1289577854.0,580277036.0,1.2223485921300528,47063945.0,45517511.0,0.033974485116288644,positive,00835Q202
AEYE,2026-06-30,2026-03-31,88,91.0,-3.0,-0.03296703296703296,0,0.0,0.0,,23977454.0,30202184.0,-0.20610198255861234,4270668.0,4742828.0,-0.09955241893655009,neutral,050734201
AFG,2026-06-30,2026-03-31,517,494.0,23.0,0.046558704453441235,76,68.0,8.0,0.11764705882352944,8299086420.0,7697368778.0,0.07817186097667306,71174639.0,60995495.0,0.16688353787439558,positive,025932104
AFL,2026-06-30,2026-03-31,1694,1668.0,26.0,0.015587529976019088,237,230.0,7.0,0.0304347826086957,40316989958.0,41541010014.0,-0.02946534173308457,436831474.0,384682434.0,0.1355638713672067,positive,001055102
AFRI,2026-06-30,2026-03-31,61,58.0,3.0,0.051724137931034475,0,0.0,0.0,,11157964.0,7471353.0,0.4934328494450737,1980768.0,1633678.0,0.2124592483953387,neutral,X3R81D102
AFYA,2026-06-30,2026-03-31,55,54.0,1.0,0.0185185185185186,4,4.0,0.0,0.0,161517936.0,169965273.0,-0.04970037026328311,10895296.0,11437140.0,-0.04737582997147893,neutral,G01125106
AG,2026-06-30,2026-03-31,350,346.0,4.0,0.011560693641618602,54,52.0,2.0,0.03846153846153855,3838693582.0,4514377681.0,-0.14967380816270703,226912277.0,250289128.0,-0.09339938648873314,positive,32076V103
AGEN,2026-06-30,2026-03-31,106,88.0,18.0,0.20454545454545459,0,0.0,0.0,,43745071.0,35204104.0,0.24261282150512908,14388343.0,10792973.0,0.33312137443501433,neutral,00847G804
AGI,2026-06-30,2026-03-31,478,497.0,-19.0,-0.0382293762575453,93,108.0,-15.0,-0.13888888888888884,7381154868.0,9722379911.0,-0.24080781294620202,246325587.0,261118595.0,-0.05665244943585879,negative,011532108
AGIO,2026-06-30,2026-03-31,239,234.0,5.0,0.02136752136752129,45,38.0,7.0,0.18421052631578938,2555123771.0,2106356689.0,0.21305369804819407,72988667.0,66321594.0,0.10052642884307028,positive,00847X104
AGL,2026-06-30,2026-03-31,181,98.0,83.0,0.846938775510204,24,3.0,21.0,7.0,1761740452.0,125673055.0,13.018442155321202,16580329.0,16015196.0,0.03528729838835565,positive,00857U206
AGMH,2026-06-30,2026-03-31,7,3.0,4.0,1.3333333333333335,0,0.0,0.0,,310188.0,8.0,38772.5,284350.0,8.0,35542.75,neutral,G0132V121
AGNC,2026-06-30,2026-03-31,1,1.0,0.0,0.0,0,0.0,0.0,,252128.0,244325.0,0.03193696920085953,10085.0,9940.0,0.014587525150905334,neutral,00123Q609
AGO,2026-06-30,2026-03-31,372,371.0,1.0,0.0026954177897573484,51,50.0,1.0,0.020000000000000018,3326121541.0,3495210875.0,-0.0483774341655423,45807298.0,43296507.0,0.057990613422925774,positive,G0585R106
AGPU,2026-06-30,2026-03-31,28,15.0,13.0,0.8666666666666667,0,0.0,0.0,,3438722.0,567904.0,5.055111427283484,453662.0,350558.0,0.29411395546528674,neutral,74039M408
AGRO,2026-06-30,2026-03-31,88,88.0,0.0,0.0,2,5.0,-3.0,-0.6,138804309.0,199135608.0,-0.3029659015076801,15034655.0,14703128.0,0.02254805916128877,negative,L00849106
AGRZ,2026-06-30,2026-03-31,3,7.0,-4.0,-0.5714285714285714,0,0.0,0.0,,67937.0,85951.0,-0.20958453072099215,196870.0,313091.0,-0.3712051767696931,neutral,G0136M101
AGX,2026-06-30,2026-03-31,569,503.0,66.0,0.1312127236580516,94,82.0,12.0,0.14634146341463405,11004821349.0,7641114795.0,0.44021149324978825,28199260.0,15171016.0,0.8587588332910598,positive,04010E109
AGYS,2026-06-30,2026-03-31,292,252.0,40.0,0.15873015873015883,60,52.0,8.0,0.15384615384615374,3072474573.0,2080187424.0,0.4770181463225691,33269467.0,29746135.0,0.11844671585064748,positive,00847J105
AHCO,2026-06-30,2026-03-31,240,242.0,-2.0,-0.008264462809917328,26,27.0,-1.0,-0.03703703703703709,1478393767.0,1771060923.0,-0.16524962648052288,145149404.0,151789298.0,-0.0437441511851514,negative,00653Q102
AI,2026-06-30,2026-03-31,321,320.0,1.0,0.0031250000000000444,21,16.0,5.0,0.3125,854509752.0,750184578.0,0.1390660072993397,100164418.0,91624486.0,0.09320578344090258,positive,12468P104
AIFF,2026-06-30,2026-03-31,22,23.0,-1.0,-0.04347826086956519,0,0.0,0.0,,1870739.0,2825024.0,-0.33779713021907065,1572560.0,1315909.0,0.19503704283502876,neutral,317970101
AIFU,2026-06-30,2026-03-31,6,10.0,-4.0,-0.4,0,0.0,0.0,,33303.0,68804.0,-0.5159729085518283,724.0,50913.0,-0.9857796633472787,neutral,G3314G128
AII,2026-06-30,2026-03-31,104,100.0,4.0,0.040000000000000036,5,6.0,-1.0,-0.16666666666666663,200658416.0,221538377.0,-0.09424985992381807,10855346.0,11696302.0,-0.0718993062935619,negative,026948109
AIIO,2026-06-30,2026-03-31,18,19.0,-1.0,-0.052631578947368474,0,0.0,0.0,,3317989.0,266906.0,11.431301656763056,1474797.0,3181183.0,-0.5363998235876402,neutral,G6693P122
AIMD,2026-06-30,2026-03-31,17,15.0,2.0,0.1333333333333333,0,0.0,0.0,,328628.0,240184.0,0.36823435366219237,248084.0,234637.0,0.05730980194939428,neutral,00902F402
AIOT,2026-06-30,2026-03-31,182,194.0,-12.0,-0.061855670103092786,15,13.0,2.0,0.15384615384615374,444111915.0,380509421.0,0.16715090478666483,116189091.0,123302119.0,-0.057687800158568225,positive,73931J109
AIP,2026-06-30,2026-03-31,213,152.0,61.0,0.4013157894736843,35,13.0,22.0,1.6923076923076925,1474053460.0,468348740.0,2.1473415728629908,34152579.0,29504025.0,0.15755660456497034,positive,04302A104
AIR,2026-06-30,2026-03-31,411,380.0,31.0,0.08157894736842097,80,61.0,19.0,0.3114754098360655,5809208145.0,4577402486.0,0.26910582208304423,47647304.0,42379378.0,0.12430399521201085,positive,000361105
AIRE,2026-06-30,2026-03-31,20,22.0,-2.0,-0.09090909090909094,0,0.0,0.0,,511324.0,1569083.0,-0.6741255880026742,264915.0,6457935.0,-0.9589783731177226,neutral,75607T204
AIRG,2026-06-30,2026-03-31,48,35.0,13.0,0.37142857142857144,0,0.0,0.0,,27873098.0,28950682.0,-0.03722136839470658,4637009.0,5269402.0,-0.12001228981960377,neutral,00938A104
AIRJ,2026-06-30,2026-03-31,144,117.0,27.0,0.23076923076923084,3,0.0,3.0,,125660543.0,49058919.0,1.5614209518151023,29966514.0,26841595.0,0.11642076411629043,positive,612160101
AIRS,2026-06-30,2026-03-31,104,89.0,15.0,0.1685393258426966,1,1.0,0.0,0.0,184005658.0,116246002.0,0.5828988079951343,45761565.0,41345304.0,0.10681408945499582,neutral,009496100
AIRT,2026-06-30,2026-03-31,15,12.0,3.0,0.25,0,0.0,0.0,,5377040.0,5100699.0,0.0541770843564775,205385.0,236944.0,-0.13319180903504624,neutral,009207101
AIXC,2026-06-30,2026-03-31,14,12.0,2.0,0.16666666666666674,0,0.0,0.0,,672988.0,155664.0,3.3233374447528012,570331.0,124532.0,3.5797947515498025,neutral,74754R301
AIZ,2026-06-30,2026-03-31,615,586.0,29.0,0.04948805460750849,100,86.0,14.0,0.16279069767441867,11968759792.0,9868249635.0,0.2128553932756283,64734137.0,50875708.0,0.27239776201247157,positive,04621X108
AKAM,2026-06-30,2026-03-31,804,777.0,27.0,0.03474903474903468,142,140.0,2.0,0.014285714285714235,18640008504.0,18653647401.0,-0.0007311651553608689,181956787.0,167481054.0,0.08643206293650385,positive,00971T101
AKAN,2026-06-30,2026-03-31,4,6.0,-2.0,-0.33333333333333337,0,0.0,0.0,,11242.0,21249.0,-0.470939808932185,820.0,46073.0,-0.9822021574457925,neutral,00971M700
AKBA,2026-06-30,2026-03-31,171,171.0,0.0,0.0,3,3.0,0.0,0.0,122914175.0,153389355.0,-0.19867858496438684,112397667.0,113182240.0,-0.006931944446407878,neutral,00972D105
ALAB,2026-06-30,2026-03-31,992,709.0,283.0,0.39915373765867423,225,115.0,110.0,0.9565217391304348,59474681462.0,13863855307.0,3.289909274512598,228890456.0,128606566.0,0.77977270616183,positive,04626A103
ALB,2026-06-30,2026-03-31,967,1018.0,-51.0,-0.05009823182711204,141,155.0,-14.0,-0.0903225806451613,17547955754.0,22858242219.0,-0.23231385922518732,175970818.0,158318757.0,0.11149696558064814,negative,012653101
ALC,2026-06-30,2026-03-31,633,663.0,-30.0,-0.04524886877828049,128,132.0,-4.0,-0.030303030303030276,15448891058.0,17666911366.0,-0.1255465803869138,242284957.0,247791306.0,-0.022221719917808525,negative,H01301128
ALCO,2026-06-30,2026-03-31,113,109.0,4.0,0.03669724770642202,5,5.0,0.0,0.0,184339377.0,191232518.0,-0.03604586224190176,4490083.0,4673527.0,-0.039251725730909404,neutral,016230104
ALDX,2026-06-30,2026-03-31,108,128.0,-20.0,-0.15625,1,0.0,1.0,,75523809.0,65096731.0,0.16017821232835794,37098261.0,39896642.0,-0.07014076523031687,positive,01438T106
ALEC,2026-06-30,2026-03-31,142,138.0,4.0,0.02898550724637672,3,3.0,0.0,0.0,185518419.0,190698924.0,-0.02716588479544857,96786994.0,92476751.0,0.04660893633687446,neutral,014442107
ALF,2026-06-30,2026-03-31,37,56.0,-19.0,-0.3392857142857143,4,14.0,-10.0,-0.7142857142857143,68457396.0,302769030.0,-0.7738956457997042,15653860.0,37933189.0,-0.5873307672603008,negative,G20315100
ALG,2026-06-30,2026-03-31,274,260.0,14.0,0.05384615384615388,37,35.0,2.0,0.05714285714285716,1933659515.0,2032942492.0,-0.04883708092614358,14116579.0,12827670.0,0.10047880870025505,positive,011311107
ALGM,2026-06-30,2026-03-31,376,322.0,54.0,0.16770186335403725,65,43.0,22.0,0.5116279069767442,9895382123.0,4482254491.0,1.207679671662802,159808911.0,145971353.0,0.09479639474191903,positive,01749D105
ALGN,2026-06-30,2026-03-31,675,693.0,-18.0,-0.025974025974025983,114,125.0,-11.0,-0.08799999999999997,12233848192.0,12504216884.0,-0.021622201094892657,87648432.0,74552417.0,0.17566184339804836,negative,016255101
ALGS,2026-06-30,2026-03-31,31,35.0,-4.0,-0.11428571428571432,0,0.0,0.0,,13336674.0,23266666.0,-0.4267904993349714,2311425.0,3131478.0,-0.2618741054543573,neutral,01626L204
ALGT,2026-06-30,2026-03-31,303,241.0,62.0,0.2572614107883817,52,32.0,20.0,0.625,3016894023.0,1490857062.0,1.0235970971977726,28178245.0,19747573.0,0.42692193111528187,positive,01748X102
ALHC,2026-06-30,2026-03-31,325,293.0,32.0,0.10921501706484649,63,47.0,16.0,0.34042553191489366,4860053419.0,3386552360.0,0.4351035809763768,230385360.0,212048820.0,0.08647319989802349,positive,01625V104
ALK,2026-06-30,2026-03-31,490,454.0,36.0,0.07929515418502198,74,43.0,31.0,0.7209302325581395,5329720678.0,3971044506.0,0.3421457931149161,106499149.0,109993631.0,-0.03176985765657647,positive,011659109
ALKS,2026-06-30,2026-03-31,425,391.0,34.0,0.08695652173913038,90,70.0,20.0,0.2857142857142858,9002000811.0,6270676063.0,0.43557101667492093,191904240.0,186445019.0,0.029280594511350344,positive,G01767105
ALKT,2026-06-30,2026-03-31,206,210.0,-4.0,-0.01904761904761909,32,31.0,1.0,0.032258064516129004,1771490502.0,1636598857.0,0.082421935236632,101145933.0,105955507.0,-0.04539239286543173,positive,01644J108
ALL,2026-06-30,2026-03-31,1754,1693.0,61.0,0.03603071470761954,254,247.0,7.0,0.028340080971659853,48192901772.0,44903598217.0,0.07325256072139696,313286213.0,232085651.0,0.34987325433574523,positive,020002101
ALLE,2026-06-30,2026-03-31,736,767.0,-31.0,-0.04041720990873532,119,120.0,-1.0,-0.008333333333333304,11774235608.0,12596897196.0,-0.06530668427311026,105818512.0,90892759.0,0.1642127839908567,negative,G0176J109
ALLO,2026-06-30,2026-03-31,210,209.0,1.0,0.004784688995215225,18,10.0,8.0,0.8,637755942.0,456612867.0,0.3967104041332239,315060393.0,195526824.0,0.6113410250043236,positive,019770106
ALLR,2026-06-30,2026-03-31,20,14.0,6.0,0.4285714285714286,0,0.0,0.0,,1585267.0,1223419.0,0.2957678440501579,1281163.0,1122403.0,0.1414465214365963,neutral,016744500
ALLT,2026-06-30,2026-03-31,84,80.0,4.0,0.050000000000000044,4,4.0,0.0,0.0,293702806.0,230266932.0,0.27548842314883504,36910794.0,36607863.0,0.008275025504766553,neutral,M0854Q105
ALM,2026-06-30,2026-03-31,181,142.0,39.0,0.27464788732394374,32,21.0,11.0,0.5238095238095237,1867337524.0,1264736985.0,0.47646312723273443,124182833.0,102561934.0,0.21080822247365183,positive,020398707
ALMS,2026-06-30,2026-03-31,199,197.0,2.0,0.010152284263959421,44,43.0,1.0,0.023255813953488413,3196211599.0,2595703988.0,0.23134672280666857,121124464.0,121406114.0,-0.002319899638662304,positive,022307102
ALMU,2026-06-30,2026-03-31,100,90.0,10.0,0.11111111111111116,4,2.0,2.0,1.0,118307768.0,70683382.0,0.6737706183894823,5485700.0,5497642.0,-0.0021722040103738793,positive,00776X109
ALNT,2026-06-30,2026-03-31,232,215.0,17.0,0.07906976744186056,28,16.0,12.0,0.75,1305332837.0,788112300.0,0.6562777119453662,14964498.0,13590775.0,0.1010776059496239,positive,019330109
ALNY,2026-06-30,2026-03-31,791,795.0,-4.0,-0.005031446540880502,183,187.0,-4.0,-0.021390374331550777,38162579903.0,43247327944.0,-0.11757369258938088,194545699.0,138528647.0,0.40437160986636944,negative,02043Q107
ALOY,2026-06-30,2026-03-31,108,49.0,59.0,1.204081632653061,7,0.0,7.0,,320436612.0,28621374.0,10.195710310762859,22256491.0,3033970.0,6.335765020748393,positive,75606V101
ALT,2026-06-30,2026-03-31,211,173.0,38.0,0.21965317919075145,12,6.0,6.0,1.0,461551453.0,230872154.0,0.9991646675588257,152375555.0,75214622.0,1.025876763696293,positive,02155H200
ALTG,2026-06-30,2026-03-31,133,126.0,7.0,0.05555555555555558,3,3.0,0.0,0.0,135076188.0,111450588.0,0.21198273085827046,21331401.0,21000682.0,0.015748012374074305,neutral,02128L106
ALTI,2026-06-30,2026-03-31,79,85.0,-6.0,-0.07058823529411762,2,1.0,1.0,1.0,127198542.0,123005164.0,0.034091072794309785,35278247.0,33895553.0,0.04079278482342508,positive,02157E106
ALTO,2026-06-30,2026-03-31,135,102.0,33.0,0.32352941176470584,4,2.0,2.0,1.0,193660158.0,171261453.0,0.1307866108084461,36485784.0,36403947.0,0.0022480254682273326,positive,021513106
ALV,2026-06-30,2026-03-31,412,413.0,-1.0,-0.002421307506053294,57,55.0,2.0,0.036363636363636376,6169812288.0,4904996837.0,0.25786264355138466,61163836.0,49640635.0,0.23213242538094048,positive,052800109
ALVO,2026-06-30,2026-03-31,76,60.0,16.0,0.2666666666666666,5,1.0,4.0,4.0,151788559.0,65129450.0,1.3305671858122556,42947782.0,21208065.0,1.0250683878986604,positive,L01800108
ALX,2026-06-30,2026-03-31,156,151.0,5.0,0.0331125827814569,12,10.0,2.0,0.19999999999999996,538165760.0,454372247.0,0.18441600153453042,3157224.0,2048018.0,0.5415997320336052,positive,014752109
ALXO,2026-06-30,2026-03-31,96,69.0,27.0,0.3913043478260869,9,8.0,1.0,0.125,216189796.0,203354641.0,0.0631170989601364,106190420.0,102584290.0,0.035152848452721264,positive,00166B105
ALZN,2026-06-30,2026-03-31,12,13.0,-1.0,-0.07692307692307687,0,0.0,0.0,,3263398.0,727811.0,3.4838536378263036,2719501.0,686616.0,2.9607305975974927,neutral,02262M605
AM,2026-06-30,2026-03-31,533,514.0,19.0,0.03696498054474717,78,73.0,5.0,0.06849315068493156,6472867509.0,6639817165.0,-0.025143712823905706,299479265.0,296322631.0,0.010652692942646036,positive,03676B102
AMAL,2026-06-30,2026-03-31,197,176.0,21.0,0.11931818181818188,14,14.0,0.0,0.0,767895693.0,699260065.0,0.09815465151724334,18643675.0,19081343.0,-0.02293695994039835,neutral,022671101
AMBA,2026-06-30,2026-03-31,343,308.0,35.0,0.11363636363636354,45,40.0,5.0,0.125,2930711183.0,1906680828.0,0.537074868515959,41089724.0,39406656.0,0.04271024671568169,positive,G037AX101
AMBP,2026-06-30,2026-03-31,232,221.0,11.0,0.04977375565610864,13,15.0,-2.0,-0.1333333333333333,725260429.0,490839507.0,0.4775917966195822,154103698.0,123018275.0,0.25268947235685113,negative,L02235106
AMBQ,2026-06-30,2026-03-31,186,97.0,89.0,0.9175257731958764,39,8.0,31.0,3.875,1361749529.0,280319348.0,3.8578506575293545,28017428.0,12227555.0,1.291335266944209,positive,023193105
AMCI,2026-06-30,2026-03-31,14,14.0,0.0,0.0,0,0.0,0.0,,2677094.0,2824419.0,-0.052161170138000035,537622.0,517763.0,0.038355386537856084,neutral,001661107
AMCR,2026-06-30,2026-03-31,696,661.0,35.0,0.05295007564296528,103,98.0,5.0,0.05102040816326525,15373176286.0,14041677367.0,0.09482477657044153,406553368.0,364288992.0,0.11601881178995388,positive,G0250X149
AMCX,2026-06-30,2026-03-31,179,182.0,-3.0,-0.016483516483516536,11,4.0,7.0,1.75,337706464.0,223357669.0,0.5119537444671309,35335478.0,34254416.0,0.03155978487562017,positive,00164V103
AMD,2026-06-30,2026-03-31,3987,3200.0,787.0,0.24593749999999992,943,594.0,349.0,0.5875420875420876,662031033836.0,235293058965.0,1.813644553511787,2642213791.0,1223160856.0,1.1601523446724817,positive,007903107
AME,2026-06-30,2026-03-31,1199,1162.0,37.0,0.03184165232358005,286,271.0,15.0,0.05535055350553497,47004780130.0,43775136104.0,0.0737780464765907,295069957.0,217881154.0,0.35427021375148393,positive,031100100
AMG,2026-06-30,2026-03-31,567,548.0,19.0,0.034671532846715314,87,75.0,12.0,0.15999999999999992,8229993182.0,6978979443.0,0.17925453846332529,35519276.0,26413246.0,0.3447524018819952,positive,008252108
AMGN,2026-06-30,2026-03-31,3151,3150.0,1.0,0.0003174603174602719,519,494.0,25.0,0.0506072874493928,163410260295.0,167482562147.0,-0.024314781191523305,765943880.0,486564772.0,0.5741868792753455,positive,031162100
AMKR,2026-06-30,2026-03-31,650,536.0,114.0,0.2126865671641791,102,66.0,36.0,0.5454545454545454,9588766942.0,5498468545.0,0.7438977532606763,132015541.0,128258527.0,0.02929250855968424,positive,031652100
AMLX,2026-06-30,2026-03-31,209,171.0,38.0,0.22222222222222232,40,34.0,6.0,0.17647058823529416,2080015299.0,1845660827.0,0.1269759148439682,117755324.0,133237426.0,-0.11619934777184904,positive,03237H101
AMP,2026-06-30,2026-03-31,0,1.0,-1.0,-1.0,0,0.0,0.0,,0.0,45000.0,-1.0,0.0,103.0,-1.0,neutral,
AMPG,2026-06-30,2026-03-31,65,38.0,27.0,0.7105263157894737,1,0.0,1.0,,40592505.0,13006999.0,2.1208201830414533,6598506.0,6948694.0,-0.050396232730927526,positive,03211Q200
AMPL,2026-06-30,2026-03-31,203,218.0,-15.0,-0.06880733944954132,13,14.0,-1.0,-0.0714285714285714,624559018.0,593687241.0,0.0520000681638364,82918114.0,87963379.0,-0.05735642556432485,negative,03213A104
AMPX,2026-06-30,2026-03-31,269,255.0,14.0,0.05490196078431375,35,33.0,2.0,0.06060606060606055,1365096101.0,1519396650.0,-0.1015538299363764,104618614.0,99549936.0,0.05091593429050523,positive,03214Q108
AMPY,2026-06-30,2026-03-31,132,132.0,0.0,0.0,1,3.0,-2.0,-0.6666666666666667,84848225.0,155642026.0,-0.4548501636698047,23783668.0,27187095.0,-0.12518538666966805,negative,03212B103
AMRC,2026-06-30,2026-03-31,189,190.0,-1.0,-0.0052631578947368585,26,25.0,1.0,0.040000000000000036,982231135.0,849720062.0,0.1559467393156595,37990199.0,34700865.0,0.09479112408293,positive,02361E108
AMRX,2026-06-30,2026-03-31,309,317.0,-8.0,-0.025236593059936863,45,33.0,12.0,0.36363636363636354,2909234865.0,2073224523.0,0.4032415846549391,175530699.0,171213766.0,0.025213702734627086,positive,03168L105
AMRZ,2026-06-30,2026-03-31,1,2.0,-1.0,-0.5,0,1.0,-1.0,-1.0,2398.0,49300121.0,-0.9999513591457514,44999.0,924999.0,-0.9513523798404107,negative,143013422
AMSF,2026-06-30,2026-03-31,218,183.0,35.0,0.1912568306010929,17,14.0,3.0,0.2142857142857142,660169996.0,628774734.0,0.049930858067843475,20579288.0,19177836.0,0.07307664952396098,positive,03071H100
AMST,2026-06-30,2026-03-31,13,13.0,0.0,0.0,0,0.0,0.0,,522313.0,654517.0,-0.20198711416204618,392414.0,355869.0,0.1026922828344139,neutral,031094204
AMTB,2026-06-30,2026-03-31,147,150.0,-3.0,-0.020000000000000018,14,12.0,2.0,0.16666666666666674,689290948.0,638104869.0,0.08021577876410158,30377700.0,29392106.0,0.03353260906176647,positive,023576101
AMTM,2026-06-30,2026-03-31,463,488.0,-25.0,-0.05122950819672134,47,53.0,-6.0,-0.1132075471698113,4313372227.0,5303910801.0,-0.18675626554904423,228156507.0,218882085.0,0.042371772911428573,negative,023939101
AMTX,2026-06-30,2026-03-31,90,78.0,12.0,0.15384615384615374,0,1.0,-1.0,-1.0,29009348.0,48949353.0,-0.4073599297625037,17852126.0,15720605.0,0.13558772070158875,negative,00770K202
AMWL,2026-06-30,2026-03-31,55,55.0,0.0,0.0,2,0.0,2.0,,60669930.0,33802207.0,0.7948511468496717,7208921.0,6923667.0,0.04119984395552234,positive,03044L204
AMZN,2026-06-30,2026-03-31,6134,6025.0,109.0,0.018091286307053922,2169,1995.0,174.0,0.08721804511278197,1679553139668.0,1555660910262.0,0.07963961078454718,10850162622.0,7758254825.0,0.3985313536024515,positive,023135106
AN,2026-06-30,2026-03-31,513,514.0,-1.0,-0.0019455252918287869,59,61.0,-2.0,-0.032786885245901676,4410987425.0,4830818840.0,-0.08690688450656125,30237044.0,25694375.0,0.17679624431417373,negative,05329W102
ANAB,2026-06-30,2026-03-31,215,208.0,7.0,0.033653846153846256,40,32.0,8.0,0.25,2137958964.0,1618735421.0,0.3207587455393057,32740664.0,29639260.0,0.10463837491219419,positive,032724106
ANDE,2026-06-30,2026-03-31,302,289.0,13.0,0.04498269896193774,34,33.0,1.0,0.030303030303030276,2106232334.0,2363412406.0,-0.10881726411653603,33597283.0,33372476.0,0.006736299697990722,positive,034164103
ANET,2026-06-30,2026-03-31,2263,2048.0,215.0,0.10498046875,484,398.0,86.0,0.2160804020100502,148778677851.0,112937136422.0,0.3173583337111965,1193046091.0,969551660.0,0.23051317451202147,positive,040413205
ANGH,2026-06-30,2026-03-31,2,2.0,0.0,0.0,0,0.0,0.0,,4156.0,4474.0,-0.07107733571747876,1312.0,1220.0,0.07540983606557372,neutral,G0369L200
ANGI,2026-06-30,2026-03-31,180,222.0,-42.0,-0.18918918918918914,2,6.0,-4.0,-0.6666666666666667,186168250.0,227972870.0,-0.1833754165572421,33559526.0,34740039.0,-0.03398133778721435,negative,00183L201
ANGO,2026-06-30,2026-03-31,163,147.0,16.0,0.10884353741496589,16,14.0,2.0,0.1428571428571428,494381973.0,467590150.0,0.05729766334898212,38686714.0,41808087.0,-0.07465955091415688,positive,03475V101
ANGX,2026-06-30,2026-03-31,143,122.0,21.0,0.1721311475409837,2,2.0,0.0,0.0,163230431.0,109141987.0,0.49557869969876944,44408748.0,36323271.0,0.2225977115331932,neutral,034948109
ANIK,2026-06-30,2026-03-31,135,130.0,5.0,0.03846153846153855,2,4.0,-2.0,-0.5,174324702.0,179643399.0,-0.029606971531417114,12509858.0,13023532.0,-0.039441988548114315,negative,035255108
ANIP,2026-06-30,2026-03-31,309,281.0,28.0,0.0996441281138789,51,53.0,-2.0,-0.037735849056603765,1886065885.0,1870492431.0,0.008325857801880554,25351190.0,24840001.0,0.020579266482316116,negative,00182C103
ANIX,2026-06-30,2026-03-31,64,61.0,3.0,0.049180327868852514,0,0.0,0.0,,14871201.0,16355648.0,-0.0907605128210145,5429705.0,6448605.0,-0.15800316502561407,neutral,03528H109
ANNA,2026-06-30,2026-03-31,34,35.0,-1.0,-0.02857142857142858,0,1.0,-1.0,-1.0,2859202.0,37724206.0,-0.9242077619870912,3762062.0,3676710.0,0.023214232289193282,negative,01444V103
ANNX,2026-06-30,2026-03-31,217,217.0,0.0,0.0,23,24.0,-1.0,-0.04166666666666663,1054186206.0,929383896.0,0.13428499303370756,186354191.0,169238721.0,0.10113211621352303,negative,03589W102
ANTX,2026-06-30,2026-03-31,67,52.0,15.0,0.28846153846153855,3,1.0,2.0,2.0,121865053.0,95370291.0,0.27780938615359796,25199947.0,27948751.0,-0.09835158644477526,positive,037326105
ANVS,2026-06-30,2026-03-31,61,56.0,5.0,0.08928571428571419,0,0.0,0.0,,19996134.0,12301860.0,0.625456150533334,10852686.0,5634947.0,0.9259606168434238,neutral,03615A108
AOMR,2026-06-30,2026-03-31,84,84.0,0.0,0.0,4,4.0,0.0,0.0,149344133.0,150391836.0,-0.006966488526677694,16614794.0,18449105.0,-0.09942547348502817,neutral,03464Y108
AON,2026-06-30,2026-03-31,8,10.0,-2.0,-0.19999999999999996,0,0.0,0.0,,1037219.0,6357784.0,-0.8368584085272479,14762.0,56315.0,-0.7378673532806534,neutral,G0408V102
AORT,2026-06-30,2026-03-31,208,239.0,-31.0,-0.12970711297071125,25,32.0,-7.0,-0.21875,1035898020.0,1732758078.0,-0.4021681196282959,48386213.0,48542638.0,-0.003222424788698164,negative,228903100
AOS,2026-06-30,2026-03-31,612,636.0,-24.0,-0.037735849056603765,91,86.0,5.0,0.058139534883721034,7787817720.0,8076648457.0,-0.035761211910823154,136052607.0,126281733.0,0.0773736134900842,positive,831865209
AOUT,2026-06-30,2026-03-31,99,94.0,5.0,0.05319148936170204,2,2.0,0.0,0.0,100970961.0,91960047.0,0.09798727049367417,8625616.0,9846112.0,-0.12395715181789524,neutral,02875D109
AP,2026-06-30,2026-03-31,87,63.0,24.0,0.38095238095238093,2,2.0,0.0,0.0,98980135.0,85133084.0,0.16265181935615058,11687739.0,12828248.0,-0.0889060610614949,neutral,032037103
APA,2026-06-30,2026-03-31,816,820.0,-4.0,-0.004878048780487809,107,115.0,-8.0,-0.06956521739130439,11795167172.0,15336955688.0,-0.23093165215122713,384847933.0,372810683.0,0.03228783548565861,negative,03743Q108
APD,2026-06-30,2026-03-31,1774,1791.0,-17.0,-0.009491903964265802,258,259.0,-1.0,-0.0038610038610038533,59568444332.0,62584334465.0,-0.04818921793738373,279944254.0,217564976.0,0.2867156246692941,negative,009158106
APG,2026-06-30,2026-03-31,581,577.0,4.0,0.006932409012131657,128,125.0,3.0,0.02400000000000002,14239923070.0,14149695153.0,0.0063766686154274055,387568933.0,392010935.0,-0.01133132166325923,positive,00187Y100
API,2026-06-30,2026-03-31,60,64.0,-4.0,-0.0625,1,1.0,0.0,0.0,91005498.0,83650404.0,0.087926580725181,24896332.0,25379478.0,-0.01903687696019596,neutral,00851L103
APLD,2026-06-30,2026-03-31,567,462.0,105.0,0.2272727272727273,69,52.0,17.0,0.32692307692307687,7677794035.0,5137351819.0,0.49450423204508187,227534481.0,224433846.0,0.013815362768412331,positive,038169207
APLE,2026-06-30,2026-03-31,370,351.0,19.0,0.054131054131054235,43,32.0,11.0,0.34375,3342614999.0,2334553263.0,0.4318007012204972,216118854.0,213184400.0,0.013764862719786164,positive,03784Y200
APLM,2026-06-30,2026-03-31,4,4.0,0.0,0.0,0,0.0,0.0,,223769.0,9221.0,23.26732458518599,10676.0,590.0,17.09491525423729,neutral,G0411D123
APO,2026-06-30,2026-03-31,6,5.0,1.0,0.19999999999999996,0,0.0,0.0,,1374007.0,1600355.0,-0.14143611886112772,11614.0,13859.0,-0.16198859946605093,neutral,03768E105
APOG,2026-06-30,2026-03-31,239,220.0,19.0,0.08636363636363642,18,13.0,5.0,0.3846153846153846,876372884.0,684432830.0,0.28043665585123967,20952317.0,21249077.0,-0.01396578307848384,positive,037598109
APP,2026-06-30,2026-03-31,1467,1401.0,66.0,0.047109207708779355,353,304.0,49.0,0.1611842105263157,114573057302.0,93278875492.0,0.22828514706769032,408674163.0,241562702.0,0.6917933092170827,positive,03831W108
APPF,2026-06-30,2026-03-31,397,399.0,-2.0,-0.005012531328320802,58,56.0,2.0,0.03571428571428581,3621318596.0,3478634051.0,0.04101740594385972,27962237.0,22938240.0,0.21902277594096153,positive,03783C100
APPN,2026-06-30,2026-03-31,214,209.0,5.0,0.02392344497607657,16,18.0,-2.0,-0.11111111111111116,860594194.0,963201437.0,-0.10652729435244812,39666961.0,40881634.0,-0.02971194840206237,negative,03782L101
APPS,2026-06-30,2026-03-31,212,201.0,11.0,0.054726368159204064,25,6.0,19.0,3.166666666666667,1008602885.0,219989780.0,3.584771551660263,79144385.0,79240435.0,-0.0012121336789733261,positive,25400W102
APRE,2026-06-30,2026-03-31,29,22.0,7.0,0.3181818181818181,0,0.0,0.0,,2067201.0,1727167.0,0.19687384022506227,2713789.0,2263932.0,0.19870605654233442,neutral,03836J201
APTV,2026-06-30,2026-03-31,664,724.0,-60.0,-0.08287292817679559,118,131.0,-13.0,-0.0992366412213741,12855075632.0,14931842700.0,-0.13908310646749578,232571608.0,222794652.0,0.04388326161437672,negative,G3265R107
APVO,2026-06-30,2026-03-31,9,9.0,0.0,0.0,0,0.0,0.0,,128440.0,200023.0,-0.3578738445078816,50446.0,66463.0,-0.24099122820215757,neutral,03835L702
APWC,2026-06-30,2026-03-31,8,7.0,1.0,0.1428571428571428,0,0.0,0.0,,388463.0,374761.0,0.03656196882813312,274658.0,275560.0,-0.003273334301059694,neutral,G0535E106
APYX,2026-06-30,2026-03-31,69,67.0,2.0,0.029850746268656803,3,3.0,0.0,0.0,110375754.0,82575756.0,0.33666053266288,24656654.0,22479738.0,0.09683902899580055,neutral,03837C106
AQB,2026-06-30,2026-03-31,37,34.0,3.0,0.08823529411764697,0,0.0,0.0,,520417.0,440511.0,0.18139388119706434,486363.0,508998.0,-0.04446972286728046,neutral,03842K309
AQMS,2026-06-30,2026-03-31,32,34.0,-2.0,-0.05882352941176472,0,0.0,0.0,,734813.0,947926.0,-0.22482029187932395,283869.0,246040.0,0.1537514225329215,neutral,03837J309
AQN,2026-06-30,2026-03-31,244,253.0,-9.0,-0.035573122529644285,51,50.0,1.0,0.020000000000000018,3120215650.0,3287082534.0,-0.05076443389358476,530382676.0,539957277.0,-0.01773214550083746,positive,015857105
AQST,2026-06-30,2026-03-31,188,183.0,5.0,0.02732240437158473,8,9.0,-1.0,-0.11111111111111116,293461822.0,315830424.0,-0.07082472206667456,72351016.0,73697551.0,-0.018271095602620524,negative,03843E104
AR,2026-06-30,2026-03-31,629,639.0,-10.0,-0.015649452269170583,118,127.0,-9.0,-0.07086614173228345,9639279131.0,11926858463.0,-0.1918006605927809,292422673.0,287263112.0,0.017961098325774527,negative,03674X106
ARAI,2026-06-30,2026-03-31,53,49.0,4.0,0.08163265306122458,0,0.0,0.0,,1010197.0,1160960.0,-0.12986063257993385,2382587.0,936429.0,1.5443327791001775,neutral,04272H204
ARAY,2026-06-30,2026-03-31,111,125.0,-14.0,-0.11199999999999999,0,0.0,0.0,,17636650.0,29697627.0,-0.4061259507367373,71673615.0,81878948.0,-0.12463927846263978,neutral,004397105
ARBB,2026-06-30,2026-03-31,1,1.0,0.0,0.0,0,0.0,0.0,,239.0,967.0,-0.7528438469493278,50.0,232.0,-0.7844827586206897,neutral,G0447T118
ARBE,2026-06-30,2026-03-31,50,54.0,-4.0,-0.07407407407407407,0,0.0,0.0,,22276981.0,19987141.0,0.11456565999109136,29892441.0,32729456.0,-0.0866807868728402,neutral,M1R95N100
ARDT,2026-06-30,2026-03-31,140,137.0,3.0,0.021897810218978186,7,6.0,1.0,0.16666666666666674,1064551195.0,939995734.0,0.13250641092803095,108722179.0,110274908.0,-0.014080528636668643,positive,03980N107
ARDX,2026-06-30,2026-03-31,250,242.0,8.0,0.03305785123966931,21,26.0,-5.0,-0.1923076923076923,910411794.0,1114464860.0,-0.18309510988080857,181266379.0,188513207.0,-0.03844201748687026,negative,039697107
AREB,2026-06-30,2026-03-31,2,8.0,-6.0,-0.75,0,0.0,0.0,,1.0,4640.0,-0.9997844827586206,3.0,150362.0,-0.9999800481504636,neutral,02919L885
ARES,2026-06-30,2026-03-31,807,806.0,1.0,0.001240694789081953,152,129.0,23.0,0.17829457364341095,24593456673.0,24071199771.0,0.021696338652350544,264070517.0,225983654.0,0.16853813240846183,positive,03990B101
ARHS,2026-06-30,2026-03-31,168,177.0,-9.0,-0.05084745762711862,17,9.0,8.0,0.8888888888888888,443236601.0,357736064.0,0.2390045220601522,54789472.0,54579510.0,0.0038469015203690393,positive,04035M102
ARIS,2026-06-30,2026-03-31,187,164.0,23.0,0.1402439024390243,38,39.0,-1.0,-0.02564102564102566,1749815898.0,1993753986.0,-0.12235114749006948,116380909.0,123048231.0,-0.05418462293862636,negative,04040Y109
ARKO,2026-06-30,2026-03-31,154,151.0,3.0,0.019867549668874274,13,9.0,4.0,0.4444444444444444,580905303.0,386866116.0,0.5015667668346535,73887894.0,70761978.0,0.044175079447327015,positive,041242108
ARKR,2026-06-30,2026-03-31,22,21.0,1.0,0.04761904761904767,0,0.0,0.0,,4566653.0,5321825.0,-0.14190094563425137,779543.0,811498.0,-0.0393777926747817,neutral,040712101
ARLO,2026-06-30,2026-03-31,262,277.0,-15.0,-0.054151624548736454,33,36.0,-3.0,-0.08333333333333337,1490520739.0,1626541794.0,-0.08362592065064389,113504525.0,116481718.0,-0.02555931566874725,negative,04206A101
ARMK,2026-06-30,2026-03-31,549,471.0,78.0,0.16560509554140124,113,73.0,40.0,0.547945205479452,14404492098.0,11446612392.0,0.2584065577399346,280222425.0,290547389.0,-0.03553624775475095,positive,03852U106
AROC,2026-06-30,2026-03-31,454,434.0,20.0,0.04608294930875578,63,64.0,-1.0,-0.015625,6991784883.0,6095125154.0,0.14711096267015233,187640968.0,180011798.0,0.04238149990591178,negative,03957W106
AROW,2026-06-30,2026-03-31,148,139.0,9.0,0.06474820143884896,8,7.0,1.0,0.1428571428571428,416216868.0,318959644.0,0.30492015472653344,10838381.0,9839344.0,0.1015349194011308,positive,042744102
ARQ,2026-06-30,2026-03-31,100,96.0,4.0,0.04166666666666674,0,0.0,0.0,,39056824.0,40868165.0,-0.044321564229761745,15699202.0,16204395.0,-0.03117629507303421,neutral,00770C101
ARQQ,2026-06-30,2026-03-31,70,60.0,10.0,0.16666666666666674,2,1.0,1.0,1.0,210195422.0,34956665.0,5.013028473969127,18491531.0,10367534.0,0.7835997451274335,positive,G0567U127
ARQT,2026-06-30,2026-03-31,274,271.0,3.0,0.011070110701107083,49,50.0,-1.0,-0.020000000000000018,3430703250.0,3289181596.0,0.043026403337567576,135803984.0,141378308.0,-0.03942842490376952,negative,03969K108
ARRY,2026-06-30,2026-03-31,262,262.0,0.0,0.0,24,28.0,-4.0,-0.1428571428571429,1524311777.0,1395193944.0,0.09254472007656589,218977013.0,197420865.0,0.10918880332127001,negative,04271T100
ARTL,2026-06-30,2026-03-31,10,11.0,-1.0,-0.09090909090909094,0,0.0,0.0,,131972.0,906643.0,-0.8544388474846218,117117.0,56621.0,1.0684375055191535,neutral,04301G706
ARTV,2026-06-30,2026-03-31,74,40.0,34.0,0.8500000000000001,7,3.0,4.0,1.3333333333333335,394438529.0,109770091.0,2.5933151317147036,40686538.0,17043652.0,1.3871960070529483,positive,04317A107
ARVN,2026-06-30,2026-03-31,202,208.0,-6.0,-0.028846153846153855,13,14.0,-1.0,-0.0714285714285714,465226534.0,584261500.0,-0.2037357690006958,57408429.0,57326651.0,0.0014265267301241114,negative,04335A105
ARX,2026-06-30,2026-03-31,118,107.0,11.0,0.10280373831775691,20,19.0,1.0,0.05263157894736836,838474282.0,777276981.0,0.078732938831235,71269405.0,58232500.0,0.22387678701755886,positive,G00894108
AS,2026-06-30,2026-03-31,355,345.0,10.0,0.02898550724637672,92,77.0,15.0,0.19480519480519476,6798702678.0,5415998160.0,0.255300034666186,213005265.0,207874862.0,0.02468024729223872,positive,G0260P102
ASAN,2026-06-30,2026-03-31,263,253.0,10.0,0.03952569169960474,19,19.0,0.0,0.0,741162504.0,681939268.0,0.08684532300609504,108607563.0,107791202.0,0.0075735401855896445,neutral,04342Y104
ASB,2026-06-30,2026-03-31,397,372.0,25.0,0.06720430107526876,56,51.0,5.0,0.0980392156862746,4625315141.0,3811035881.0,0.2136634986985051,161659603.0,154012637.0,0.04965154904788749,positive,045487105
ASC,2026-06-30,2026-03-31,194,192.0,2.0,0.01041666666666674,11,14.0,-3.0,-0.2142857142857143,461756368.0,502353530.0,-0.08081392799210552,34806894.0,34773690.0,0.0009548598379982565,negative,Y0207T100
ASH,2026-06-30,2026-03-31,357,352.0,5.0,0.014204545454545414,43,44.0,-1.0,-0.022727272727272707,3387555776.0,2792907783.0,0.2129135793954713,56550572.0,51819612.0,0.09129670828102698,negative,044186104
ASIX,2026-06-30,2026-03-31,257,268.0,-11.0,-0.04104477611940294,17,16.0,1.0,0.0625,486667196.0,579472694.0,-0.16015508402886025,25487612.0,25081771.0,0.016180715468616658,positive,00773T101
ASLE,2026-06-30,2026-03-31,145,145.0,0.0,0.0,2,3.0,-1.0,-0.33333333333333337,154009231.0,154984005.0,-0.006289513553350279,30802643.0,30915437.0,-0.003648468562808982,negative,00810F106
ASMB,2026-06-30,2026-03-31,94,75.0,19.0,0.2533333333333334,11,9.0,2.0,0.22222222222222232,514201603.0,418948512.0,0.22736228503420497,18782711.0,15150157.0,0.2397700565083254,positive,045396207
ASML,2026-06-30,2026-03-31,3,3.0,0.0,0.0,0,1.0,-1.0,-1.0,7241923.0,20577795.0,-0.6480709910852936,15347.0,177281.0,-0.9134312193636092,negative,00B929F46
ASO,2026-06-30,2026-03-31,366,359.0,7.0,0.01949860724233976,50,50.0,0.0,0.0,3277828956.0,4013251536.0,-0.1832485637650797,77741291.0,75288079.0,0.03258433516413661,neutral,00402L107
ASPI,2026-06-30,2026-03-31,187,177.0,10.0,0.05649717514124286,9,8.0,1.0,0.125,419743485.0,303648333.0,0.38233423135571765,69370371.0,69565928.0,-0.0028111031595812186,positive,00218A105
ASPN,2026-06-30,2026-03-31,181,166.0,15.0,0.09036144578313254,13,7.0,6.0,0.8571428571428572,463306867.0,251149957.0,0.8447419722233915,74037223.0,74720506.0,-0.0091445178382491,positive,04523Y105
ASST,2026-06-30,2026-03-31,173,138.0,35.0,0.2536231884057971,10,9.0,1.0,0.11111111111111116,449429249.0,337034497.0,0.3334814477462822,40409447.0,32519996.0,0.2426030741209193,positive,862945300
ASTC,2026-06-30,2026-03-31,18,16.0,2.0,0.125,0,0.0,0.0,,1716234.0,636548.0,1.6961580273600734,171965.0,122231.0,0.40688532369038954,neutral,046484309
ASTH,2026-06-30,2026-03-31,212,171.0,41.0,0.23976608187134496,28,17.0,11.0,0.6470588235294117,1515965213.0,784898463.0,0.9314156982875885,35426270.0,32299533.0,0.09680440271381019,positive,03763A207
ASTS,2026-06-30,2026-03-31,753,687.0,66.0,0.09606986899563319,102,88.0,14.0,0.15909090909090917,15191453534.0,14624246172.0,0.038785408514661945,205941632.0,179744302.0,0.14574776339780726,positive,00217D100
ASUR,2026-06-30,2026-03-31,112,101.0,11.0,0.10891089108910901,4,6.0,-2.0,-0.33333333333333337,171847220.0,219136807.0,-0.21579937960855655,21573412.0,24446644.0,-0.11753073346181997,negative,04649U102
ASYS,2026-06-30,2026-03-31,113,79.0,34.0,0.4303797468354431,5,2.0,3.0,1.5,247652213.0,97687462.0,1.5351484001089104,11420308.0,8937836.0,0.277748663099211,positive,032332504
ATEN,2026-06-30,2026-03-31,313,266.0,47.0,0.17669172932330834,49,33.0,16.0,0.48484848484848486,2715552350.0,1624637604.0,0.6714819005260448,80593950.0,76032289.0,0.05999636549150855,positive,002121101
ATER,2026-06-30,2026-03-31,25,26.0,-1.0,-0.038461538461538436,0,0.0,0.0,,905163.0,330273.0,1.7406509160603503,685670.0,587148.0,0.16779755700436683,neutral,02156U200
ATEX,2026-06-30,2026-03-31,174,132.0,42.0,0.3181818181818181,25,14.0,11.0,0.7857142857142858,1655995671.0,660246115.0,1.5081490574162637,19516862.0,17514571.0,0.11432144127309773,positive,03676C100
ATI,2026-06-30,2026-03-31,794,679.0,115.0,0.1693667157584684,168,133.0,35.0,0.26315789473684204,24748918751.0,19331036591.0,0.2802685792091675,161595464.0,135856981.0,0.18945278196635318,positive,01741R102
ATKR,2026-06-30,2026-03-31,331,305.0,26.0,0.08524590163934431,47,39.0,8.0,0.20512820512820507,2447392982.0,1953329726.0,0.2529338746161076,37087973.0,34515716.0,0.07452422542820791,positive,047649108
ATLC,2026-06-30,2026-03-31,151,108.0,43.0,0.39814814814814814,10,4.0,6.0,1.5,403912617.0,204482450.0,0.9752923392692137,4983762.0,3960082.0,0.2584996977335319,positive,04914Y102
ATLO,2026-06-30,2026-03-31,103,89.0,14.0,0.1573033707865168,2,3.0,-1.0,-0.33333333333333337,108407533.0,114664835.0,-0.05457036588418762,3933545.0,4084839.0,-0.037037934665234085,negative,031001100
ATLX,2026-06-30,2026-03-31,43,43.0,0.0,0.0,0,0.0,0.0,,9972086.0,21672807.0,-0.5398802748531835,2854456.0,5143433.0,-0.44502903022164375,neutral,105861306
ATNI,2026-06-30,2026-03-31,136,124.0,12.0,0.09677419354838701,6,7.0,-1.0,-0.1428571428571429,244321654.0,254938821.0,-0.041645940615689936,9650199.0,9768660.0,-0.012126637635049176,negative,00215F107
ATO,2026-06-30,2026-03-31,1045,1023.0,22.0,0.021505376344086002,189,163.0,26.0,0.1595092024539877,27542321078.0,30901250240.0,-0.10869881108085544,199608236.0,172931568.0,0.15426141281503902,positive,049560105
ATOM,2026-06-30,2026-03-31,124,108.0,16.0,0.14814814814814814,6,0.0,6.0,,181650667.0,65915945.0,1.755792502102488,21806693.0,17398716.0,0.2533507070291854,positive,04965B100
ATOS,2026-06-30,2026-03-31,34,33.0,1.0,0.030303030303030276,0,0.0,0.0,,2718023.0,9699706.0,-0.7197829501224058,1490802.0,1844675.0,-0.19183487606217897,neutral,04962H704
ATPC,2026-06-30,2026-03-31,3,2.0,1.0,0.5,0,0.0,0.0,,136163.0,69038.0,0.972290622555694,104788.0,26250.0,2.9919238095238097,neutral,008389306
ATR,2026-06-30,2026-03-31,558,545.0,13.0,0.023853211009174258,92,81.0,11.0,0.1358024691358024,7596122504.0,7686589939.0,-0.011769514923775093,71402836.0,62788753.0,0.13719149670005382,positive,038336103
ATRA,2026-06-30,2026-03-31,36,34.0,2.0,0.05882352941176472,1,0.0,1.0,,50848175.0,12541782.0,3.0543022514663383,4467982.0,2782396.0,0.6058037748760421,positive,046513206
ATRC,2026-06-30,2026-03-31,255,224.0,31.0,0.1383928571428572,39,31.0,8.0,0.25806451612903225,1461791461.0,1494580085.0,-0.021938352002060846,55547564.0,52638187.0,0.05527122353207181,positive,04963C209
ATRO,2026-06-30,2026-03-31,312,295.0,17.0,0.057627118644067776,57,53.0,4.0,0.07547169811320753,2516262638.0,2216712164.0,0.13513277856493056,34335681.0,33719530.0,0.01827282290114951,positive,046433108
ATXG,2026-06-30,2026-03-31,2,2.0,0.0,0.0,0,0.0,0.0,,66193.0,39625.0,0.6704858044164037,21846.0,7195.0,2.036275191104934,neutral,00653L400
ATYR,2026-06-30,2026-03-31,91,111.0,-20.0,-0.18018018018018023,0,1.0,-1.0,-1.0,22293348.0,45573780.0,-0.5108295164456405,40883312.0,60515609.0,-0.3244170772535727,negative,002120202
AU,2026-06-30,2026-03-31,564,571.0,-7.0,-0.012259194395796813,119,120.0,-1.0,-0.008333333333333304,18662330582.0,22545017463.0,-0.17221928913437812,236520054.0,252653765.0,-0.06385699813339418,negative,G0378L100
AUDC,2026-06-30,2026-03-31,67,59.0,8.0,0.13559322033898313,2,1.0,1.0,1.0,82250754.0,65265054.0,0.2602571967534111,9673488.0,8915242.0,0.08505052358646004,positive,M15342104
AUGO,2026-06-30,2026-03-31,208,160.0,48.0,0.30000000000000004,24,26.0,-2.0,-0.07692307692307687,1610996077.0,1579529806.0,0.019921289791729357,27093267.0,20782529.0,0.3036559217600514,negative,G06973112
AUID,2026-06-30,2026-03-31,29,29.0,0.0,0.0,0,0.0,0.0,,2193330.0,3210999.0,-0.316932207079479,2017115.0,2470290.0,-0.18345012124082594,neutral,46264C305
AUNA,2026-06-30,2026-03-31,53,49.0,4.0,0.08163265306122458,0,0.0,0.0,,29302905.0,36752933.0,-0.2027056724969406,6018958.0,7001100.0,-0.14028395537844052,neutral,L0415A103
AUPH,2026-06-30,2026-03-31,283,260.0,23.0,0.08846153846153837,22,23.0,-1.0,-0.04347826086956519,1315964413.0,1099761493.0,0.1965907347876199,81437694.0,76093925.0,0.07022596087664024,negative,05156V102
AUR,2026-06-30,2026-03-31,457,416.0,41.0,0.09855769230769229,63,40.0,23.0,0.575,9549875101.0,5837828220.0,0.6358609299744007,1718048849.0,1725928629.0,-0.004565530617894442,positive,051774107
AURA,2026-06-30,2026-03-31,147,126.0,21.0,0.16666666666666674,20,10.0,10.0,1.0,697518950.0,353066739.0,0.9756008509201428,98523375.0,53193795.0,0.8521591663087771,positive,05153U107
AURE,2026-06-30,2026-03-31,6,2.0,4.0,2.0,0,0.0,0.0,,3262766.0,5284354.0,-0.3825610471970652,1556905.0,2492620.0,-0.3753941635708612,neutral,G7244A127
AUUD,2026-06-30,2026-03-31,6,5.0,1.0,0.19999999999999996,0,0.0,0.0,,233764.0,70710.0,2.305953896195729,173158.0,107623.0,0.6089311764213969,neutral,05072K404
AVA,2026-06-30,2026-03-31,417,406.0,11.0,0.027093596059113212,48,47.0,1.0,0.02127659574468077,3025244271.0,2914351156.0,0.03805070462140292,80188842.0,75519095.0,0.06183531463135261,positive,05379B107
AVAV,2026-06-30,2026-03-31,613,617.0,-4.0,-0.00648298217179899,73,69.0,4.0,0.05797101449275366,5075050007.0,5835019560.0,-0.13024284583546453,37553151.0,33201472.0,0.13106885742897179,positive,008073108
AVBC,2026-06-30,2026-03-31,83,66.0,17.0,0.25757575757575757,3,2.0,1.0,0.5,126327781.0,120820799.0,0.04557975154592375,7246642.0,7371582.0,-0.016948872033167417,positive,05369T100
AVBH,2026-06-30,2026-03-31,94,88.0,6.0,0.06818181818181812,11,9.0,2.0,0.22222222222222232,304052261.0,252925864.0,0.2021398531231271,9346222.0,8942464.0,0.045150643044243655,positive,05368J103
AVBP,2026-06-30,2026-03-31,161,139.0,22.0,0.15827338129496393,28,19.0,9.0,0.4736842105263157,1607487767.0,1031519569.0,0.5583686585397198,47399816.0,44897496.0,0.055734065881981376,positive,04272N102
AVD,2026-06-30,2026-03-31,105,118.0,-13.0,-0.11016949152542377,0,0.0,0.0,,40352313.0,46599476.0,-0.13406079931027548,14736465.0,18847809.0,-0.21813378945000983,neutral,030371108
AVGO,2026-06-30,2026-03-31,4832,4704.0,128.0,0.027210884353741527,1443,1335.0,108.0,0.08089887640449445,1360230912349.0,1186988949014.0,0.14595078031594766,6353489306.0,4023627190.0,0.5790452261060499,positive,11135F101
AVIR,2026-06-30,2026-03-31,127,127.0,0.0,0.0,5,7.0,-2.0,-0.2857142857142857,270047718.0,331552099.0,-0.1855044235446086,60772927.0,63453681.0,-0.04224741508691987,negative,04683R106
AVNT,2026-06-30,2026-03-31,349,344.0,5.0,0.014534883720930258,56,51.0,5.0,0.0980392156862746,3491877170.0,3447385266.0,0.01290598542576693,102190535.0,99085688.0,0.031334969385286016,positive,05368V106
AVNW,2026-06-30,2026-03-31,127,137.0,-10.0,-0.07299270072992703,5,5.0,0.0,0.0,211484850.0,223363082.0,-0.05317902982731948,10874746.0,11068298.0,-0.017487060792905962,neutral,05366Y201
AVO,2026-06-30,2026-03-31,172,171.0,1.0,0.005847953216374213,10,11.0,-1.0,-0.09090909090909094,493406052.0,399706435.0,0.23442108706606146,42644603.0,29168719.0,0.46199779976624966,negative,60510V108
AVPT,2026-06-30,2026-03-31,256,255.0,1.0,0.0039215686274509665,28,22.0,6.0,0.2727272727272727,1570487741.0,1296415694.0,0.21140753561411296,144863433.0,139330862.0,0.03970815166563746,positive,053604104
AVR,2026-06-30,2026-03-31,138,128.0,10.0,0.078125,14,12.0,2.0,0.16666666666666674,681496175.0,406591418.0,0.676120411867621,69308260.0,73315480.0,-0.054657215638498124,positive,03675P102
AVT,2026-06-30,2026-03-31,509,446.0,63.0,0.141255605381166,84,57.0,27.0,0.4736842105263157,7542051684.0,5355083990.0,0.4083909231085654,98391530.0,91709413.0,0.0728618446178475,positive,053807103
AVTR,2026-06-30,2026-03-31,460,434.0,26.0,0.05990783410138256,69,61.0,8.0,0.13114754098360648,6938351380.0,5415166682.0,0.28128122132658673,717101334.0,713150824.0,0.005539515439163312,positive,05352A100
AVTX,2026-06-30,2026-03-31,129,97.0,32.0,0.3298969072164948,33,16.0,17.0,1.0625,1321228555.0,462575760.0,1.856242521225064,72815458.0,33204668.0,1.1929283557360066,positive,05338F306
AVX,2026-06-30,2026-03-31,16,20.0,-4.0,-0.19999999999999996,0,0.0,0.0,,15428012.0,14598621.0,0.0568129688413721,2972608.0,24423274.0,-0.8782878986658382,neutral,05353F207
AVXL,2026-06-30,2026-03-31,180,191.0,-11.0,-0.05759162303664922,2,3.0,-1.0,-0.33333333333333337,97189675.0,132798886.0,-0.2681438984360155,37769115.0,44018552.0,-0.14197279819654218,negative,032797300
AVY,2026-06-30,2026-03-31,784,796.0,-12.0,-0.015075376884422065,117,104.0,13.0,0.125,11548221299.0,12715749481.0,-0.09181748852040006,107937357.0,79683422.0,0.3545773297738142,positive,053611109
AWK,2026-06-30,2026-03-31,2,3.0,-1.0,-0.33333333333333337,0,0.0,0.0,,167.0,5113.0,-0.9673381576373948,99.0,36112.0,-0.9972585290208241,neutral,U82706109
AX,2026-06-30,2026-03-31,385,387.0,-2.0,-0.0051679586563307955,56,57.0,-1.0,-0.01754385964912286,4782522240.0,4347418492.0,0.1000832445279114,55317360.0,51917478.0,0.06548627034618293,negative,05465C100
AXG,2026-06-30,2026-03-31,13,14.0,-1.0,-0.0714285714285714,0,0.0,0.0,,3675966.0,4627056.0,-0.2055497059037107,1383306.0,1574754.0,-0.12157327430189091,neutral,G82759104
AXGN,2026-06-30,2026-03-31,255,222.0,33.0,0.14864864864864868,58,39.0,19.0,0.4871794871794872,2435436921.0,1736224591.0,0.40271997852379227,57576407.0,53404080.0,0.07812749512771311,positive,05463X106
AXON,2026-06-30,2026-03-31,1130,1056.0,74.0,0.07007575757575757,220,175.0,45.0,0.2571428571428571,39286809608.0,30866745398.0,0.2727875615465949,138286520.0,74401877.0,0.8586428941839734,positive,05464C101
AXP,2026-06-30,2026-03-31,3004,2909.0,95.0,0.03265727053970435,549,508.0,41.0,0.08070866141732291,193656664438.0,184063386330.0,0.05211942635240119,859294063.0,626021610.0,0.37262683791379025,positive,025816109
AXR,2026-06-30,2026-03-31,38,38.0,0.0,0.0,1,1.0,0.0,0.0,55751894.0,69841656.0,-0.20173865865952545,2215853.0,2488579.0,-0.10959105577922179,neutral,032159105
AXSM,2026-06-30,2026-03-31,508,411.0,97.0,0.23600973236009737,121,88.0,33.0,0.375,9305850235.0,6613751013.0,0.407045747066741,50314734.0,40714577.0,0.23579164288014098,positive,05464T104
AXTA,2026-06-30,2026-03-31,0,1.0,-1.0,-1.0,0,1.0,-1.0,-1.0,0.0,67829616.0,-1.0,0.0,243644.0,-1.0,negative,
AXTI,2026-06-30,2026-03-31,260,194.0,66.0,0.3402061855670102,42,38.0,4.0,0.10526315789473695,3265139064.0,1941527844.0,0.681736923882097,52962518.0,35176072.0,0.5056404819730866,positive,00246W103
AYTU,2026-06-30,2026-03-31,38,38.0,0.0,0.0,1,0.0,1.0,,20186745.0,14935395.0,0.3516043599784271,9913108.0,4214121.0,1.352354856445745,positive,054754858
AZ,2026-06-30,2026-03-31,50,54.0,-4.0,-0.07407407407407407,3,4.0,-1.0,-0.25,110350094.0,106119691.0,0.03986444890797891,19496769.0,16598860.0,0.17458482088528982,negative,002205102
AZN,2026-06-30,2026-03-31,33,68.0,-35.0,-0.5147058823529411,3,8.0,-5.0,-0.625,199493060.0,526903677.0,-0.6213860925476138,1114589.0,3029358.0,-0.6320708876270154,negative,046353108
AZO,2026-06-30,2026-03-31,1272,1300.0,-28.0,-0.021538461538461506,268,269.0,-1.0,-0.0037174721189591198,48445360873.0,52015815761.0,-0.06864171667335506,96408238.0,16035917.0,5.012019019554666,negative,053332102
AZTA,2026-06-30,2026-03-31,251,261.0,-10.0,-0.03831417624521072,31,31.0,0.0,0.0,1269791187.0,1122226030.0,0.13149325809168766,52403842.0,55603224.0,-0.05753950526321994,neutral,114340102
AZZ,2026-06-30,2026-03-31,363,337.0,26.0,0.0771513353115727,56,44.0,12.0,0.2727272727272727,4116054505.0,3484181411.0,0.18135482039055062,34015316.0,30349097.0,0.12080158431072929,positive,002474104
B,2026-06-30,2026-03-31,4,4.0,0.0,0.0,0,0.0,0.0,,8399572.0,12490046.0,-0.3274987137757539,1150442.0,316162.0,2.638773793181976,neutral,06849F959
BA,2026-06-30,2026-03-31,2627,2532.0,95.0,0.03751974723538698,379,347.0,32.0,0.09221902017291073,127061956084.0,125620922164.0,0.011471289138593521,855481815.0,655241655.0,0.30559742115296373,positive,097023105
BAFN,2026-06-30,2026-03-31,16,17.0,-1.0,-0.05882352941176472,0,0.0,0.0,,3281317.0,5142228.0,-0.3618880765302511,656253.0,809790.0,-0.18960100766865484,neutral,07279B104
BALL,2026-06-30,2026-03-31,804,790.0,14.0,0.017721518987341867,121,110.0,11.0,0.10000000000000009,13784858919.0,13230549879.0,0.04189614529021335,267100440.0,252206537.0,0.05905438922068851,positive,058498106
BAM,2026-06-30,2026-03-31,5,5.0,0.0,0.0,0,0.0,0.0,,73221.0,2484959.0,-0.9705343226990868,324302.0,61194.0,4.2995718534496845,neutral,112585104
BANC,2026-06-30,2026-03-31,313,318.0,-5.0,-0.01572327044025157,50,46.0,4.0,0.08695652173913038,2939663383.0,2572685102.0,0.14264407280732172,164197346.0,162895963.0,0.007989043902825177,positive,05990K106
BAND,2026-06-30,2026-03-31,243,156.0,87.0,0.5576923076923077,45,10.0,35.0,3.5,1896652406.0,437847472.0,3.3317651175110585,31049930.0,26124279.0,0.18854686860448866,positive,05988J103
BANR,2026-06-30,2026-03-31,289,269.0,20.0,0.07434944237918217,44,38.0,6.0,0.1578947368421053,2165673283.0,1997661928.0,0.08410399810152458,35540108.0,33207005.0,0.07025936244476139,positive,06652V208
BAP,2026-06-30,2026-03-31,429,425.0,4.0,0.009411764705882453,131,125.0,6.0,0.04800000000000004,21963116581.0,18922568985.0,0.16068365761595338,61631830.0,57475107.0,0.07232214461123143,positive,G2519Y108
BARK,2026-06-30,2026-03-31,68,81.0,-13.0,-0.16049382716049387,0,0.0,0.0,,21295473.0,26624330.0,-0.20014990048575865,2151667.0,30060533.0,-0.9284221939777315,neutral,68622E203
BB,2026-06-30,2026-03-31,288,222.0,66.0,0.29729729729729737,41,15.0,26.0,1.7333333333333334,3346729337.0,918426996.0,2.6439797083229464,299934105.0,285008770.0,0.052367985027267805,positive,09228F103
BBAR,2026-06-30,2026-03-31,71,67.0,4.0,0.05970149253731338,10,9.0,1.0,0.11111111111111116,391238147.0,290766119.0,0.34554241857869283,20075710.0,18290811.0,0.09758446468010629,positive,058934100
BBDC,2026-06-30,2026-03-31,203,211.0,-8.0,-0.03791469194312791,8,7.0,1.0,0.1428571428571428,421557827.0,379503848.0,0.1108130503066731,50624803.0,48723133.0,0.03903012558736729,positive,06759L103
BBGI,2026-06-30,2026-03-31,17,14.0,3.0,0.2142857142857142,0,0.0,0.0,,5812191.0,512875.0,10.33256836461126,222937.0,155077.0,0.43758906865621605,neutral,074014200
BBIO,2026-06-30,2026-03-31,476,463.0,13.0,0.02807775377969768,116,122.0,-6.0,-0.049180327868852514,14196424284.0,15708203083.0,-0.09624135816248158,208236934.0,218667984.0,-0.04770268518138443,negative,10806X102
BBLG,2026-06-30,2026-03-31,4,4.0,0.0,0.0,0,0.0,0.0,,435779.0,694775.0,-0.37277679824403587,52973.0,34586.0,0.5316312959000751,neutral,098070154
BBNX,2026-06-30,2026-03-31,137,131.0,6.0,0.04580152671755733,20,14.0,6.0,0.4285714285714286,758188166.0,522939736.0,0.4498576294840979,48361030.0,52159905.0,-0.07283132513374013,positive,08659B102
BBT,2026-06-30,2026-03-31,295,293.0,2.0,0.006825938566553003,38,37.0,1.0,0.027027027027026973,2414852364.0,2436197310.0,-0.008761583436770137,84066675.0,82232631.0,0.02230311711661037,positive,084680107
BBW,2026-06-30,2026-03-31,176,180.0,-4.0,-0.022222222222222254,10,12.0,-2.0,-0.16666666666666663,357534974.0,439369437.0,-0.18625433657553203,13327134.0,13368714.0,-0.0031102468045917098,negative,120076104
BBWI,2026-06-30,2026-03-31,469,472.0,-3.0,-0.006355932203389814,68,57.0,11.0,0.1929824561403508,4657279059.0,3930170325.0,0.18500692689444698,215042001.0,216430660.0,-0.006416184287383331,positive,070830104
BBY,2026-06-30,2026-03-31,874,867.0,7.0,0.008073817762399127,126,112.0,14.0,0.125,15099781542.0,13225491206.0,0.14171801310107046,226892230.0,213232093.0,0.06406229384992246,positive,086516101
BC,2026-06-30,2026-03-31,473,468.0,5.0,0.010683760683760646,73,66.0,7.0,0.10606060606060597,5627923116.0,5160607657.0,0.09055434748388969,75833462.0,72883192.0,0.04047942905683932,positive,117043109
BCAB,2026-06-30,2026-03-31,22,36.0,-14.0,-0.38888888888888884,0,0.0,0.0,,1175831.0,2583278.0,-0.5448298634525591,311971.0,17317489.0,-0.9819852058228534,neutral,09077B203
BCAX,2026-06-30,2026-03-31,174,147.0,27.0,0.18367346938775508,33,24.0,9.0,0.375,1930441240.0,1353665145.0,0.4260847648551962,74872813.0,77470307.0,-0.0335288977233561,positive,055477103
BCBP,2026-06-30,2026-03-31,107,104.0,3.0,0.028846153846153744,1,2.0,-1.0,-0.5,83950906.0,71818454.0,0.16893223571757754,8006816.0,8097162.0,-0.011157736500764126,negative,055298103
BCC,2026-06-30,2026-03-31,337,323.0,14.0,0.04334365325077405,40,44.0,-4.0,-0.09090909090909094,2676147797.0,2687329388.0,-0.004160856145856262,38233524.0,35916723.0,0.06450479905975826,negative,09739D100
BCDA,2026-06-30,2026-03-31,21,18.0,3.0,0.16666666666666674,0,0.0,0.0,,1631002.0,956915.0,0.7044376982281604,1333351.0,811176.0,0.643725899188339,neutral,09060U606
BCE,2026-06-30,2026-03-31,394,412.0,-18.0,-0.043689320388349495,76,77.0,-1.0,-0.012987012987012991,9692318212.0,10868953990.0,-0.10825657915955533,468591698.0,434581076.0,0.0782607064095906,negative,05534B760
BCML,2026-06-30,2026-03-31,120,102.0,18.0,0.17647058823529416,5,7.0,-2.0,-0.2857142857142857,223192632.0,216530108.0,0.03076950388811528,7136565.0,7581991.0,-0.05874789352823029,negative,07272M107
BCO,2026-06-30,2026-03-31,359,366.0,-7.0,-0.01912568306010931,51,55.0,-4.0,-0.07272727272727275,4137153350.0,4243429373.0,-0.025044843134708672,50451930.0,43229096.0,0.16708269819012633,negative,109696104
BCPC,2026-06-30,2026-03-31,419,427.0,-8.0,-0.0187353629976581,63,61.0,2.0,0.032786885245901676,4836577179.0,4993782399.0,-0.031480190252478835,35796696.0,30466710.0,0.1749445870591213,positive,057665200
BCRX,2026-06-30,2026-03-31,320,302.0,18.0,0.0596026490066226,48,44.0,4.0,0.09090909090909083,2613849931.0,2636064918.0,-0.008427329254415583,269099100.0,282308534.0,-0.046790771121357655,positive,09058V103
BCS,2026-06-30,2026-03-31,562,514.0,48.0,0.09338521400778199,67,57.0,10.0,0.17543859649122817,7178938729.0,5695043495.0,0.2605590695317419,296270257.0,297949176.0,-0.005634917412894569,positive,06738E204
BCTX,2026-06-30,2026-03-31,27,26.0,1.0,0.03846153846153855,0,0.0,0.0,,4052068.0,5509769.0,-0.26456662702193146,4073988.0,5378893.0,-0.24259731509810667,neutral,107930125
BDC,2026-06-30,2026-03-31,375,386.0,-11.0,-0.02849740932642486,61,50.0,11.0,0.21999999999999997,4549481907.0,4294641043.0,0.059339269906008685,47641128.0,42310302.0,0.12599357007662104,positive,077454106
BDSX,2026-06-30,2026-03-31,46,41.0,5.0,0.12195121951219523,3,1.0,2.0,2.0,97465016.0,60660493.0,0.6067297046201059,4369067.0,4238178.0,0.03088331825609969,positive,09075X207
BDX,2026-06-30,2026-03-31,1438,1480.0,-42.0,-0.02837837837837842,231,219.0,12.0,0.0547945205479452,41708521978.0,44378327908.0,-0.060160128960575765,352283021.0,296867798.0,0.1866663321967983,positive,075887109
BE,2026-06-30,2026-03-31,1287,992.0,295.0,0.2973790322580645,287,198.0,89.0,0.4494949494949494,67985431209.0,36648229293.0,0.8550809280705294,359636991.0,280801755.0,0.2807505102665757,positive,093712107
BEAG,2026-06-30,2026-03-31,55,55.0,0.0,0.0,8,7.0,1.0,0.1428571428571428,245249583.0,250633063.0,-0.02147952842119638,23440271.0,23825625.0,-0.016173930379580814,positive,G2003N105
BEAM,2026-06-30,2026-03-31,279,253.0,26.0,0.1027667984189724,41,35.0,6.0,0.17142857142857149,3656764298.0,2620183909.0,0.39561360003756896,113869448.0,113243799.0,0.005524796991312586,positive,07373V105
BEAT,2026-06-30,2026-03-31,45,41.0,4.0,0.09756097560975618,0,0.0,0.0,,6256941.0,7807514.0,-0.1986000921676221,8877370.0,6905460.0,0.28555809460919335,neutral,42238H108
BEEM,2026-06-30,2026-03-31,50,42.0,8.0,0.19047619047619047,0,0.0,0.0,,2789864.0,4718349.0,-0.4087202960187981,2188143.0,3230729.0,-0.3227092089741974,neutral,07373B109
BEEP,2026-06-30,2026-03-31,60,67.0,-7.0,-0.10447761194029848,2,1.0,1.0,1.0,49592508.0,62307609.0,-0.20406979507109635,26353955.0,27937127.0,-0.056669105595575364,positive,60739N101
BEN,2026-06-30,2026-03-31,98,93.0,5.0,0.053763440860215006,3,3.0,0.0,0.0,85738905.0,95436199.0,-0.10161022863033342,1718444.0,1648897.0,0.042177892251608284,neutral,35473M105
BENF,2026-06-30,2026-03-31,15,14.0,1.0,0.0714285714285714,0,0.0,0.0,,3239401.0,2484734.0,0.3037214446294856,880180.0,709837.0,0.23997481111860886,neutral,08178Q507
BEPC,2026-06-30,2026-03-31,429,417.0,12.0,0.02877697841726623,67,66.0,1.0,0.015151515151515138,4078712510.0,4377149262.0,-0.06818062033910144,110418493.0,110563428.0,-0.0013108765042993964,positive,11285B108
BF-A,2026-06-30,2026-03-31,212,209.0,3.0,0.014354066985645897,11,11.0,0.0,0.0,533050227.0,525079991.0,0.015179089160912262,21061172.0,19855676.0,0.06071291654839661,neutral,115637100
BF-B,2026-06-30,2026-03-31,597,582.0,15.0,0.025773195876288568,71,62.0,9.0,0.14516129032258074,5233142012.0,5319512300.0,-0.016236504989376566,208473593.0,218684157.0,-0.04669091780617651,positive,115637209
BFC,2026-06-30,2026-03-31,172,161.0,11.0,0.06832298136645965,13,10.0,3.0,0.30000000000000004,652653662.0,583008362.0,0.11945849243239492,6172498.0,4360156.0,0.4156598984073048,positive,06211J100
BFH,2026-06-30,2026-03-31,424,389.0,35.0,0.08997429305912585,64,49.0,15.0,0.30612244897959173,4241851858.0,3695913360.0,0.14771409522435341,45953470.0,50710010.0,-0.0937988377442639,positive,018581108
BFLY,2026-06-30,2026-03-31,247,239.0,8.0,0.03347280334728042,28,14.0,14.0,1.0,1343215038.0,593383329.0,1.2636548287658416,162325802.0,150112425.0,0.08136153286445147,positive,124155102
BFRI,2026-06-30,2026-03-31,23,16.0,7.0,0.4375,0,0.0,0.0,,2565407.0,1985607.0,0.2920013879886605,2927896.0,2656439.0,0.1021883054721,neutral,09077D209
BFST,2026-06-30,2026-03-31,175,170.0,5.0,0.02941176470588225,11,10.0,1.0,0.10000000000000009,575396219.0,525699327.0,0.09453482142274083,20325873.0,19512299.0,0.04169544552387183,positive,12326C105
BG,2026-06-30,2026-03-31,3,2.0,1.0,0.5,0,1.0,-1.0,-1.0,546564.0,11862872.0,-0.9539265027895437,9711.0,72872.0,-0.8667389395103744,negative,G16962105
BGC,2026-06-30,2026-03-31,370,359.0,11.0,0.03064066852367686,43,46.0,-3.0,-0.06521739130434778,3305466816.0,3066548370.0,0.07791119433736515,321977099.0,320653867.0,0.004126667837752951,negative,088929104
BGL,2026-06-30,2026-03-31,41,39.0,2.0,0.05128205128205132,0,0.0,0.0,,676058.0,1502739.0,-0.5501161545684248,5862189.0,5722369.0,0.024433936364467224,neutral,G1331C112
BGLC,2026-06-30,2026-03-31,3,2.0,1.0,0.5,0,0.0,0.0,,226.0,499.0,-0.5470941883767535,14385.0,233.0,60.738197424892704,neutral,090628306
BGM,2026-06-30,2026-03-31,12,14.0,-2.0,-0.1428571428571429,0,0.0,0.0,,119289.0,46402.0,1.5707728115167447,377337.0,209476.0,0.8013376234031584,neutral,G7307E123
BGS,2026-06-30,2026-03-31,183,221.0,-38.0,-0.17194570135746612,6,6.0,0.0,0.0,194426388.0,261995224.0,-0.2579010218903838,50122260.0,54688396.0,-0.08349369032509202,neutral,05508R106
BGSF,2026-06-30,2026-03-31,34,33.0,1.0,0.030303030303030276,0,0.0,0.0,,12028165.0,17991479.0,-0.331452127976805,2739238.0,3418634.0,-0.1987331782226468,neutral,05601C105
BHST,2026-06-30,2026-03-31,19,20.0,-1.0,-0.050000000000000044,0,0.0,0.0,,3763122.0,5704797.0,-0.34035829846355614,1682919.0,1701244.0,-0.01077152953956051,neutral,09076J207
BHVN,2026-06-30,2026-03-31,295,277.0,18.0,0.06498194945848379,41,30.0,11.0,0.3666666666666667,2134297063.0,1380627195.0,0.5458894846700453,147921429.0,166870795.0,-0.11355711465268681,positive,G1110E107
BIAF,2026-06-30,2026-03-31,21,17.0,4.0,0.23529411764705888,0,0.0,0.0,,766165.0,1197138.0,-0.36000277328094177,925208.0,429644.0,1.1534293508113693,neutral,09076W307
BIIB,2026-06-30,2026-03-31,1044,1014.0,30.0,0.029585798816567976,165,146.0,19.0,0.13013698630136994,30180509308.0,25571640406.0,0.18023360366504293,191666779.0,145253069.0,0.3195368629354056,positive,09062X103
BILL,2026-06-30,2026-03-31,343,342.0,1.0,0.0029239766081872176,50,57.0,-7.0,-0.1228070175438597,3461067614.0,4078370212.0,-0.15136011835896568,102992012.0,109541714.0,-0.059791852444448734,negative,090043100
BIOA,2026-06-30,2026-03-31,153,144.0,9.0,0.0625,21,18.0,3.0,0.16666666666666674,927672734.0,666243878.0,0.3923921324197144,38120919.0,38597512.0,-0.01234776479893318,positive,09077V100
BIOX,2026-06-30,2026-03-31,28,32.0,-4.0,-0.125,0,0.0,0.0,,2940311.0,4100255.0,-0.2828955760068581,8421700.0,9246863.0,-0.08923707423804161,neutral,G1117K114
BIPC,2026-06-30,2026-03-31,1,3.0,-2.0,-0.6666666666666667,0,0.0,0.0,,13167.0,255.0,50.63529411764706,342.0,6971.0,-0.9509396069430498,neutral,11275Q107
BIRD,2026-06-30,2026-03-31,43,37.0,6.0,0.16216216216216206,0,0.0,0.0,,5572420.0,4954703.0,0.1246728613198409,1449152.0,1646132.0,-0.11966233570576357,neutral,01675A208
BIRK,2026-06-30,2026-03-31,237,231.0,6.0,0.025974025974025983,30,35.0,-5.0,-0.1428571428571429,6822507910.0,5760667682.0,0.1843258952981901,169366490.0,175100563.0,-0.032747313325314664,negative,M2029K104
BIVI,2026-06-30,2026-03-31,43,40.0,3.0,0.07499999999999996,0,0.0,0.0,,3802323.0,2114070.0,0.7985795172345287,3865380.0,3344239.0,0.1558324629310286,neutral,09074F504
BJ,2026-06-30,2026-03-31,1,2.0,-1.0,-0.5,0,0.0,0.0,,51.0,28101.0,-0.9981851179673321,1.0,286.0,-0.9965034965034965,neutral,05548J106
BJDX,2026-06-30,2026-03-31,8,6.0,2.0,0.33333333333333326,0,0.0,0.0,,259343.0,108244.0,1.3959110897601716,216120.0,58829.0,2.673698346053817,neutral,095633608
BJRI,2026-06-30,2026-03-31,196,192.0,4.0,0.02083333333333326,28,19.0,9.0,0.4736842105263157,1274820902.0,769520533.0,0.6566431268962645,22730413.0,22348420.0,0.01709261773315518,positive,09180C106
BKE,2026-06-30,2026-03-31,296,322.0,-26.0,-0.08074534161490687,25,30.0,-5.0,-0.16666666666666663,1355604525.0,1627526603.0,-0.1670768867917546,34355723.0,33141869.0,0.03662599716388959,negative,118440106
BKHA,2026-06-30,2026-03-31,22,24.0,-2.0,-0.08333333333333337,0,0.0,0.0,,27411986.0,22526765.0,0.21686296279115092,2315394.0,1960020.0,0.1813114151896409,neutral,G1148A101
BKKT,2026-06-30,2026-03-31,101,107.0,-6.0,-0.05607476635514019,2,0.0,2.0,,104679464.0,72393346.0,0.44598184479551484,12495496.0,9882643.0,0.2643880791808426,positive,05759B305
BKNG,2026-06-30,2026-03-31,1927,1922.0,5.0,0.002601456815816805,472,464.0,8.0,0.01724137931034475,130120683913.0,121437223979.0,0.07150575128019732,952881508.0,41524566.0,21.94741642814521,positive,09857L108
BKR,2026-06-30,2026-03-31,1149,1163.0,-14.0,-0.012037833190025826,241,248.0,-7.0,-0.028225806451612878,52440732032.0,59239450551.0,-0.11476673830975015,1095997511.0,1009345047.0,0.08585018994005122,negative,05722G100
BKSY,2026-06-30,2026-03-31,242,198.0,44.0,0.22222222222222232,23,14.0,9.0,0.6428571428571428,843773687.0,568674325.0,0.4837555520024577,35822901.0,26996078.0,0.3269668653350313,positive,09263B207
BKU,2026-06-30,2026-03-31,341,326.0,15.0,0.04601226993865026,53,52.0,1.0,0.019230769230769162,3527793714.0,3474370669.0,0.015376322819170118,79844776.0,79096188.0,0.009464274055786426,positive,06652K103
BKV,2026-06-30,2026-03-31,164,167.0,-3.0,-0.017964071856287456,28,32.0,-4.0,-0.125,1184730538.0,1140236789.0,0.03902149924404874,47195907.0,42155777.0,0.11955965133794111,negative,05603J108
BL,2026-06-30,2026-03-31,250,279.0,-29.0,-0.10394265232974909,37,38.0,-1.0,-0.02631578947368418,1686757293.0,2437024586.0,-0.30786201227105714,63169209.0,66643571.0,-0.05213349086590813,negative,09239B109
BLBD,2026-06-30,2026-03-31,306,288.0,18.0,0.0625,47,44.0,3.0,0.06818181818181812,2438299684.0,1987502744.0,0.226815757291855,35462850.0,36719029.0,-0.03421057239830605,positive,095306106
BLDP,2026-06-30,2026-03-31,1,1.0,0.0,0.0,0,0.0,0.0,,360924.0,222278.0,0.6237504386399013,92597.0,92597.0,0.0,neutral,058586959
BLDR,2026-06-30,2026-03-31,672,727.0,-55.0,-0.07565337001375516,120,118.0,2.0,0.016949152542372836,9690490162.0,9355899776.0,0.03576250216556409,121612420.0,115471013.0,0.053185702978114424,positive,12008R107
BLFS,2026-06-30,2026-03-31,218,188.0,30.0,0.15957446808510634,31,23.0,8.0,0.34782608695652173,1216581330.0,881097365.0,0.3807569723012394,51498890.0,52947254.0,-0.027354846391089538,positive,09062W204
BLIN,2026-06-30,2026-03-31,15,17.0,-2.0,-0.11764705882352944,0,0.0,0.0,,1868005.0,1430083.0,0.3062213871502564,1610301.0,1794263.0,-0.10252789028141363,neutral,10807Q700
BLK,2026-06-30,2026-03-31,2329,2342.0,-13.0,-0.005550811272416745,448,431.0,17.0,0.03944315545243615,115222127476.0,124383375423.0,-0.07365331513029494,336313261.0,131736952.0,1.5529151532213983,positive,09290D101
BLKB,2026-06-30,2026-03-31,284,296.0,-12.0,-0.04054054054054057,25,26.0,-1.0,-0.038461538461538436,1463435798.0,1838628692.0,-0.20406126350170106,51530868.0,49921849.0,0.032230757318303604,negative,09227Q100
BLMN,2026-06-30,2026-03-31,239,228.0,11.0,0.04824561403508776,25,17.0,8.0,0.47058823529411775,778812377.0,447326493.0,0.7410378977933685,90371326.0,86110346.0,0.049482788049649784,positive,094235108
BLND,2026-06-30,2026-03-31,186,195.0,-9.0,-0.0461538461538461,8,9.0,-1.0,-0.11111111111111116,263253311.0,287105693.0,-0.08307874967843287,153725517.0,169800017.0,-0.09466724611694233,negative,09352U108
BLNE,2026-06-30,2026-03-31,38,39.0,-1.0,-0.02564102564102566,0,0.0,0.0,,4943030.0,11625362.0,-0.5748063587181199,4227797.0,5114566.0,-0.1733810845338588,neutral,277802500
BLSH,2026-06-30,2026-03-31,175,202.0,-27.0,-0.13366336633663367,13,15.0,-2.0,-0.1333333333333333,970214685.0,1355641991.0,-0.284313490256883,42258141.0,40103519.0,0.05372650714267735,negative,G16910120
BLZE,2026-06-30,2026-03-31,1,,,,0,,,,126721.0,,,7990.0,,,unavailable,09347L106
BMEA,2026-06-30,2026-03-31,62,65.0,-3.0,-0.0461538461538461,1,1.0,0.0,0.0,36485446.0,41116594.0,-0.11263452415343544,25250861.0,26986246.0,-0.06430627661216759,neutral,09077A106
BMI,2026-06-30,2026-03-31,483,479.0,4.0,0.008350730688935215,81,75.0,6.0,0.08000000000000007,4792181740.0,4729141832.0,0.013330094600554565,143178077.0,32104962.0,3.459686854636364,positive,056525108
BMR,2026-06-30,2026-03-31,17,17.0,0.0,0.0,0,0.0,0.0,,412261.0,271872.0,0.5163790313088512,290685.0,195378.0,0.4878082486257409,neutral,M1R79L104
BMRA,2026-06-30,2026-03-31,20,11.0,9.0,0.8181818181818181,0,0.0,0.0,,174036.0,266732.0,-0.3475248564101795,125228.0,126247.0,-0.008071478926231945,neutral,09061H406
BMRN,2026-06-30,2026-03-31,565,560.0,5.0,0.008928571428571397,111,103.0,8.0,0.07766990291262132,11155970545.0,10765421274.0,0.036278122431049775,210636144.0,195049160.0,0.07991310498337967,positive,09061G101
BMY,2026-06-30,2026-03-31,2517,2541.0,-24.0,-0.009445100354191216,368,369.0,-1.0,-0.0027100271002710175,95200839005.0,103411009054.0,-0.07939357834437866,1931127285.0,1794544341.0,0.0761100970756119,negative,110122108
BNAI,2026-06-30,2026-03-31,41,20.0,21.0,1.0499999999999998,0,1.0,-1.0,-1.0,18360612.0,29842302.0,-0.38474545294796625,1090682.0,787376.0,0.38521113165755616,negative,104932207
BNBX,2026-06-30,2026-03-31,24,28.0,-4.0,-0.1428571428571429,0,0.0,0.0,,165836.0,406011.0,-0.5915480122459736,486950.0,644900.0,-0.24492169328578073,neutral,03815U607
BNC,2026-06-30,2026-03-31,40,46.0,-6.0,-0.13043478260869568,0,1.0,-1.0,-1.0,21565351.0,31212517.0,-0.3090800399083483,11254944.0,12956028.0,-0.131296721495199,negative,86887P309
BNGO,2026-06-30,2026-03-31,36,32.0,4.0,0.125,0,0.0,0.0,,618763.0,669405.0,-0.07565225834883216,709455.0,938905.0,-0.24438042187441755,neutral,09075F404
BNKK,2026-06-30,2026-03-31,32,28.0,4.0,0.1428571428571428,0,0.0,0.0,,844077.0,1110424.0,-0.23986062981347667,578545.0,425813.0,0.35868327176483583,neutral,48208F303
BNL,2026-06-30,2026-03-31,383,356.0,27.0,0.07584269662921339,63,56.0,7.0,0.125,3914691369.0,3120831848.0,0.2543743334036881,198830295.0,175186629.0,0.13496273165916106,positive,11135E203
BNS,2026-06-30,2026-03-31,2,2.0,0.0,0.0,1,1.0,0.0,0.0,14420826.0,11867992.0,0.2151024368739043,175412.0,181454.0,-0.03329769528365312,neutral,064149958
BNT,2026-06-30,2026-03-31,1,1.0,0.0,0.0,0,0.0,0.0,,371011.0,360392.0,0.02946513796088701,8709.0,8709.0,0.0,neutral,G17434906
BNTC,2026-06-30,2026-03-31,89,88.0,1.0,0.011363636363636465,12,8.0,4.0,0.5,464593378.0,390189746.0,0.1906857695845241,34749265.0,36616903.0,-0.05100480507595084,positive,08205P209
BOC,2026-06-30,2026-03-31,138,122.0,16.0,0.13114754098360648,7,8.0,-1.0,-0.125,272866893.0,252610290.0,0.08018914431395485,20042378.0,21649375.0,-0.0742283322266809,negative,101044105
BODI,2026-06-30,2026-03-31,57,50.0,7.0,0.1399999999999999,0,0.0,0.0,,17731650.0,17223242.0,0.029518716627217945,1743473.0,1585697.0,0.09949946301216439,neutral,073463309
BOF,2026-06-30,2026-03-31,25,23.0,2.0,0.08695652173913038,0,0.0,0.0,,19689237.0,10544626.0,0.8672295252577,4280269.0,3195339.0,0.3395351792094672,neutral,105230106
BOLD,2026-06-30,2026-03-31,41,36.0,5.0,0.13888888888888884,0,0.0,0.0,,37801534.0,10341072.0,2.6554753704451532,15455678.0,9510307.0,0.6251502711742114,neutral,10170A100
BOLT,2026-06-30,2026-03-31,24,24.0,0.0,0.0,0,0.0,0.0,,2429659.0,2809278.0,-0.13513044988783596,627619.0,692726.0,-0.09398665561852737,neutral,097702203
BON,2026-06-30,2026-03-31,6,4.0,2.0,0.5,0,0.0,0.0,,47184.0,20580.0,1.2927113702623907,39540.0,15954.0,1.4783753290710795,neutral,G14492204
BOOM,2026-06-30,2026-03-31,125,122.0,3.0,0.024590163934426146,0,0.0,0.0,,80065103.0,82366644.0,-0.027942634156613244,14361965.0,16439745.0,-0.12638760516054237,neutral,23291C103
BORR,2026-06-30,2026-03-31,192,188.0,4.0,0.02127659574468077,10,23.0,-13.0,-0.5652173913043479,454630910.0,622714717.0,-0.2699210447598912,113989304.0,112682609.0,0.011596243746894386,negative,G1466R173
BOSC,2026-06-30,2026-03-31,21,20.0,1.0,0.050000000000000044,0,0.0,0.0,,3826992.0,5230936.0,-0.26839250183905905,1409421.0,1190954.0,0.18343865506140467,neutral,M20115180
BOX,2026-06-30,2026-03-31,400,400.0,0.0,0.0,53,52.0,1.0,0.019230769230769162,3594519202.0,3338952750.0,0.07654090103551181,147173250.0,148195769.0,-0.006899785377813328,positive,10316T104
BOXL,2026-06-30,2026-03-31,6,10.0,-4.0,-0.4,0,0.0,0.0,,32538.0,66792.0,-0.5128458498023716,6912.0,54270.0,-0.872636815920398,neutral,103197505
BP,2026-06-30,2026-03-31,1172,1271.0,-99.0,-0.07789142407553107,107,124.0,-17.0,-0.13709677419354838,12524313402.0,15790661042.0,-0.2068531286506733,380978550.0,385654883.0,-0.012125693738460952,negative,055622104
BPOP,2026-06-30,2026-03-31,475,448.0,27.0,0.060267857142857206,105,87.0,18.0,0.2068965517241379,8854990527.0,7625228399.0,0.1612754482424783,72774400.0,63043564.0,0.15435098180680273,positive,733174700
BPRN,2026-06-30,2026-03-31,93,88.0,5.0,0.05681818181818188,2,3.0,-1.0,-0.33333333333333337,109817157.0,105926779.0,0.0367270489740843,3127312.0,3270470.0,-0.04377291337330724,negative,74179A107
BRAG,2026-06-30,2026-03-31,18,17.0,1.0,0.05882352941176472,0,0.0,0.0,,1396790.0,1423278.0,-0.01861055956742108,812146.0,825890.0,-0.016641441354175446,neutral,104833306
BRBR,2026-06-30,2026-03-31,364,378.0,-14.0,-0.03703703703703709,36,52.0,-16.0,-0.3076923076923077,1712365132.0,2057418005.0,-0.1677116036514904,135819984.0,130508470.0,0.04069861519332796,negative,07831C103
BRC,2026-06-30,2026-03-31,339,318.0,21.0,0.0660377358490567,43,37.0,6.0,0.16216216216216206,3317973895.0,3069089294.0,0.08109395887782211,42426634.0,39847230.0,0.06473232894733205,positive,104674106
BRFH,2026-06-30,2026-03-31,18,15.0,3.0,0.19999999999999996,0,0.0,0.0,,7906408.0,12113424.0,-0.34730196846077543,3953187.0,4310812.0,-0.08296000846244278,neutral,067532200
BRID,2026-06-30,2026-03-31,18,19.0,-1.0,-0.052631578947368474,0,0.0,0.0,,3095402.0,4126908.0,-0.2499464490121902,476943.0,553350.0,-0.13808078069937657,neutral,108763103
BRK-A,2026-06-30,2026-03-31,1419,1432.0,-13.0,-0.009078212290502763,292,302.0,-10.0,-0.0331125827814569,62560490777.0,320092007113.0,-0.8045546612011631,3572170.0,544722.0,5.55778543917815,negative,084670108
BRK-B,2026-06-30,2026-03-31,4918,4889.0,29.0,0.005931683370832497,1203,1144.0,59.0,0.05157342657342667,459741691674.0,486361572792.0,-0.054732698073135855,2247622143.0,1042479066.0,1.1560357577482518,positive,084670702
BRKR,2026-06-30,2026-03-31,429,359.0,70.0,0.19498607242339827,89,74.0,15.0,0.20270270270270263,9535684356.0,5736827401.0,0.6621877719970819,153971089.0,145311769.0,0.059591319131212295,positive,116794108
BRLS,2026-06-30,2026-03-31,22,22.0,0.0,0.0,0,0.0,0.0,,241245.0,314590.0,-0.2331447280587431,5146677.0,5229375.0,-0.015814126927214067,neutral,09973D113
BRLT,2026-06-30,2026-03-31,37,36.0,1.0,0.02777777777777768,0,0.0,0.0,,4776910.0,7669777.0,-0.3771774590056529,4250014.0,5780727.0,-0.2647959331066836,neutral,109504100
BRO,2026-06-30,2026-03-31,810,819.0,-9.0,-0.01098901098901095,136,137.0,-1.0,-0.007299270072992692,18727486864.0,19998721576.0,-0.06356579880213842,324550166.0,311388866.0,0.04226644378479483,negative,115236101
BROS,2026-06-30,2026-03-31,558,511.0,47.0,0.09197651663405093,91,75.0,16.0,0.21333333333333337,8376261766.0,6468711903.0,0.29488867205777614,142974955.0,140696422.0,0.016194676222825333,positive,26701L100
BRSL,2026-06-30,2026-03-31,200,212.0,-12.0,-0.05660377358490565,19,24.0,-5.0,-0.20833333333333337,929121050.0,1060977710.0,-0.12427844502030116,88379602.0,84627531.0,0.04433629287849605,negative,G4863A108
BRSP,2026-06-30,2026-03-31,232,198.0,34.0,0.1717171717171717,12,12.0,0.0,0.0,434343720.0,510079959.0,-0.14847915050118643,82708057.0,93079221.0,-0.1114229780672531,neutral,10949T109
BRT,2026-06-30,2026-03-31,113,105.0,8.0,0.07619047619047614,1,2.0,-1.0,-0.5,79156879.0,74455537.0,0.0631429466421014,5756317.0,5692763.0,0.011163998922842922,negative,055645303
BRTX,2026-06-30,2026-03-31,23,14.0,9.0,0.6428571428571428,0,0.0,0.0,,735236.0,184225.0,2.9909675668340343,2665283.0,677121.0,2.936198995452807,neutral,090655606
BRZE,2026-06-30,2026-03-31,249,258.0,-9.0,-0.03488372093023251,42,42.0,0.0,0.0,2198468521.0,2275132309.0,-0.03369640864257972,104817429.0,97441759.0,0.0756931122312765,neutral,10576N102
BSAA,2026-06-30,2026-03-31,5,29.0,-24.0,-0.8275862068965517,0,0.0,0.0,,5626725.0,42451253.0,-0.8674544423930196,553041.0,4385917.0,-0.873905274541219,neutral,G1069P103
BSAC,2026-06-30,2026-03-31,158,148.0,10.0,0.06756756756756754,19,19.0,0.0,0.0,741317928.0,776528994.0,-0.04534417423182524,22775649.0,23554599.0,-0.033069974997239404,neutral,05965X109
BSRR,2026-06-30,2026-03-31,127,116.0,11.0,0.09482758620689657,9,7.0,2.0,0.2857142857142858,308727169.0,282364954.0,0.09336220599104528,7829778.0,8566324.0,-0.08598157155858221,positive,82620P102
BSVN,2026-06-30,2026-03-31,99,94.0,5.0,0.05319148936170204,4,5.0,-1.0,-0.19999999999999996,155632496.0,136469146.0,0.14042258313831613,3214897.0,3374014.0,-0.04715955535454208,negative,06652N107
BSX,2026-06-30,2026-03-31,1478,1680.0,-202.0,-0.12023809523809526,294,373.0,-79.0,-0.2117962466487936,56090288595.0,89474494752.0,-0.37311421818622537,1446851408.0,1474249509.0,-0.018584439630293326,negative,101137107
BTBD,2026-06-30,2026-03-31,15,15.0,0.0,0.0,0,0.0,0.0,,249960.0,266837.0,-0.0632483501163632,531539.0,455886.0,0.1659471885515238,neutral,0557MQ206
BTBT,2026-06-30,2026-03-31,222,207.0,15.0,0.07246376811594213,9,6.0,3.0,0.5,344374434.0,202174590.0,0.7033517120029773,190047522.0,162602735.0,0.1687842888989537,positive,G1144A105
BTCS,2026-06-30,2026-03-31,53,55.0,-2.0,-0.036363636363636376,0,0.0,0.0,,8684746.0,17009343.0,-0.48941320073326755,8179442.0,12235024.0,-0.3314731544457943,neutral,05581M404
BTCT,2026-06-30,2026-03-31,11,9.0,2.0,0.22222222222222232,0,0.0,0.0,,1109546.0,371590.0,1.9859414946580909,1380237.0,331772.0,3.160197364455108,neutral,G6055H155
BTDR,2026-06-30,2026-03-31,238,185.0,53.0,0.28648648648648645,49,25.0,24.0,0.96,2441217174.0,922018403.0,1.6476881221209205,159961422.0,109333499.0,0.463059569693274,positive,G11448100
BTE,2026-06-30,2026-03-31,189,179.0,10.0,0.05586592178770955,33,32.0,1.0,0.03125,1598374673.0,1756716316.0,-0.09013501016518144,398378139.0,396624663.0,0.004420995877404632,positive,07317Q105
BTOC,2026-06-30,2026-03-31,13,10.0,3.0,0.30000000000000004,0,0.0,0.0,,306708.0,298920.0,0.02605379365716587,1034272.0,1215332.0,-0.14897986722969525,neutral,042255109
BTQ,2026-06-30,2026-03-31,95,95.0,0.0,0.0,1,1.0,0.0,0.0,117715450.0,31775117.0,2.7046425352265424,38375405.0,18861802.0,1.034556666430917,neutral,055869101
BTU,2026-06-30,2026-03-31,1,2.0,-1.0,-0.5,0,0.0,0.0,,25795.0,26230.0,-0.016584064048799085,1.0,22279.0,-0.9999551146819875,neutral,704549203
BUD,2026-06-30,2026-03-31,620,555.0,65.0,0.11711711711711703,70,58.0,12.0,0.2068965517241379,7909334147.0,6443615287.0,0.22746840006992497,96852983.0,94640534.0,0.02337739345384504,positive,03524A108
BULL,2026-06-30,2026-03-31,217,203.0,14.0,0.06896551724137923,23,14.0,9.0,0.6428571428571428,1288417229.0,889276618.0,0.44883740663020566,207740058.0,189266034.0,0.09760876587079537,positive,G9572D103
BUR,2026-06-30,2026-03-31,236,227.0,9.0,0.0396475770925111,15,14.0,1.0,0.0714285714285714,5506850619.0,7536883509.0,-0.2693464596574807,154204698.0,155839578.0,-0.010490788161656828,positive,G17977110
BURL,2026-06-30,2026-03-31,654,630.0,24.0,0.03809523809523818,133,129.0,4.0,0.03100775193798455,19209068196.0,20833069697.0,-0.07795305850840883,94193841.0,68937769.0,0.3663604489434522,positive,122017106
BUSE,2026-06-30,2026-03-31,260,247.0,13.0,0.05263157894736836,29,25.0,4.0,0.15999999999999992,1634202876.0,1455574312.0,0.12272033281114947,60174386.0,59384528.0,0.013300737188649547,positive,319383204
BUUU,2026-06-30,2026-03-31,2,2.0,0.0,0.0,0,0.0,0.0,,8863.0,93602.0,-0.9053118523108481,385.0,5506.0,-0.9300762804213585,neutral,G1739L102
BVC,2026-06-30,2026-03-31,2,2.0,0.0,0.0,0,0.0,0.0,,24024.0,8196.0,1.9311859443631039,2288.0,768.0,1.9791666666666665,neutral,G4691A114
BVFL,2026-06-30,2026-03-31,71,68.0,3.0,0.044117647058823595,2,2.0,0.0,0.0,67292746.0,64300355.0,0.04653770574050475,3257136.0,3405514.0,-0.04356992806372251,neutral,05603E208
BVS,2026-06-30,2026-03-31,158,157.0,1.0,0.006369426751592355,10,7.0,3.0,0.4285714285714286,565558145.0,476135043.0,0.18781037714966087,60318419.0,52909445.0,0.1400312174886733,positive,09075A108
BW,2026-06-30,2026-03-31,203,154.0,49.0,0.3181818181818181,30,27.0,3.0,0.11111111111111116,1758191896.0,1608930452.0,0.09277060037894036,133561950.0,115236660.0,0.1590230921305773,positive,05614L209
BWA,2026-06-30,2026-03-31,817,719.0,98.0,0.13630041724617525,135,108.0,27.0,0.25,13606223354.0,11241007221.0,0.2104096266908715,234147204.0,220350875.0,0.06261072936515455,positive,099724106
BWB,2026-06-30,2026-03-31,151,141.0,10.0,0.07092198581560294,6,5.0,1.0,0.19999999999999996,320069570.0,276711025.0,0.1566925098123575,18194933.0,18517058.0,-0.017396121997349634,positive,108621103
BWEN,2026-06-30,2026-03-31,57,54.0,3.0,0.05555555555555558,0,0.0,0.0,,37864156.0,16226347.0,1.3334984762744195,8069879.0,8068015.0,0.0002310357628239057,neutral,11161T207
BWLP,2026-06-30,2026-03-31,107,98.0,9.0,0.09183673469387754,9,6.0,3.0,0.5,392891413.0,693503097.0,-0.4334684088656636,24507337.0,26849444.0,-0.08723111733710387,positive,Y10230103
BWMN,2026-06-30,2026-03-31,137,136.0,1.0,0.007352941176470562,6,6.0,0.0,0.0,323044466.0,317974072.0,0.015945935365446973,11198160.0,11405891.0,-0.018212606099777706,neutral,103002101
BWXT,2026-06-30,2026-03-31,856,834.0,22.0,0.026378896882494063,142,135.0,7.0,0.051851851851851816,15976130144.0,17370422349.0,-0.08026818099102051,106510143.0,90610863.0,0.17546770302805736,positive,05605H100
BX,2026-06-30,2026-03-31,2152,2140.0,12.0,0.005607476635514086,346,343.0,3.0,0.008746355685131268,65285638158.0,66488591315.0,-0.01809262511369547,695348770.0,589041095.0,0.18047582062164946,positive,09260D107
BXC,2026-06-30,2026-03-31,159,145.0,14.0,0.096551724137931,14,13.0,1.0,0.07692307692307687,464266490.0,431914670.0,0.07490326735139607,7615030.0,8118782.0,-0.06204773080494097,positive,09624H208
BXMT,2026-06-30,2026-03-31,349,339.0,10.0,0.029498525073746285,27,29.0,-2.0,-0.06896551724137934,1871778635.0,2176584306.0,-0.14003853200621208,114838859.0,115883402.0,-0.009013741243116047,negative,09257W100
BXP,2026-06-30,2026-03-31,552,538.0,14.0,0.026022304832713727,86,75.0,11.0,0.14666666666666672,10979979299.0,8712113638.0,0.2603117630500311,202957653.0,191378314.0,0.06050496923073534,positive,101121101
BY,2026-06-30,2026-03-31,209,188.0,21.0,0.11170212765957444,21,19.0,2.0,0.10526315789473695,959802428.0,814535597.0,0.17834313384832945,26479890.0,26618341.0,-0.005201338430520508,positive,124411109
BYD,2026-06-30,2026-03-31,424,413.0,11.0,0.026634382566586012,67,59.0,8.0,0.13559322033898313,4168526658.0,4137549281.0,0.007486890160378401,61163813.0,54618489.0,0.119837148918565,positive,103304101
BYND,2026-06-30,2026-03-31,232,248.0,-16.0,-0.06451612903225812,1,2.0,-1.0,-0.5,93117370.0,107073949.0,-0.13034523458175618,123991441.0,150418817.0,-0.17569195481706257,negative,08862E109
BYRN,2026-06-30,2026-03-31,109,122.0,-13.0,-0.10655737704918034,1,3.0,-2.0,-0.6666666666666667,75668618.0,125707974.0,-0.3980603171601509,11327634.0,13727449.0,-0.1748187154073565,negative,12448X201
BYSI,2026-06-30,2026-03-31,22,20.0,2.0,0.10000000000000009,0,0.0,0.0,,10606538.0,10766845.0,-0.014888948433826266,6060661.0,6591297.0,-0.0805055514870594,neutral,G10830100
BZ,2026-06-30,2026-03-31,257,258.0,-1.0,-0.003875968992248069,59,65.0,-6.0,-0.09230769230769231,3851945602.0,4047666047.0,-0.04835390141562235,314465102.0,323402007.0,-0.027634043099800554,negative,48553T106
BZFD,2026-06-30,2026-03-31,48,42.0,6.0,0.1428571428571428,0,0.0,0.0,,4817786.0,2612617.0,0.8440460274123609,7574703.0,8731923.0,-0.13252750854536854,neutral,12430A300
BZH,2026-06-30,2026-03-31,189,177.0,12.0,0.06779661016949157,15,15.0,0.0,0.0,666996429.0,524425597.0,0.2718609328293333,26962509.0,28276287.0,-0.046462182251863604,neutral,07556Q881
C,2026-06-30,2026-03-31,2633,2476.0,157.0,0.06340872374798057,531,482.0,49.0,0.10165975103734448,181452894707.0,158907037113.0,0.1418808002692007,1716738463.0,1464537340.0,0.1722053211698924,positive,172967424
CAAS,2026-06-30,2026-03-31,0,1.0,-1.0,-1.0,0,0.0,0.0,,0.0,47.0,-1.0,0.0,11100.0,-1.0,neutral,
CABA,2026-06-30,2026-03-31,142,108.0,34.0,0.3148148148148149,12,6.0,6.0,1.0,422345926.0,209124366.0,1.0195921406881876,159993562.0,89972920.0,0.7782412974926234,positive,12674W109
CABO,2026-06-30,2026-03-31,157,194.0,-37.0,-0.19072164948453607,8,16.0,-8.0,-0.5,285007064.0,523765743.0,-0.45585012420333115,5681249.0,6022449.0,-0.056654693132312084,negative,12685J105
CAC,2026-06-30,2026-03-31,191,176.0,15.0,0.08522727272727271,14,11.0,3.0,0.2727272727272727,693817181.0,622194359.0,0.11511326157812363,13994536.0,13435180.0,0.041633681126713507,positive,133034108
CADL,2026-06-30,2026-03-31,140,114.0,26.0,0.22807017543859653,10,7.0,3.0,0.4285714285714286,523009577.0,226246631.0,1.3116789615311442,50915214.0,46241495.0,0.10107197009958258,positive,137404109
CAE,2026-06-30,2026-03-31,286,296.0,-10.0,-0.03378378378378377,66,70.0,-4.0,-0.05714285714285716,5786928325.0,5926260112.0,-0.023510913184162985,233199855.0,230242661.0,0.012843814378952212,negative,124765108
CAG,2026-06-30,2026-03-31,787,793.0,-6.0,-0.007566204287515754,63,66.0,-3.0,-0.045454545454545414,5596240286.0,6768591615.0,-0.17320461858002045,442093221.0,449151929.0,-0.0157156354993635,negative,205887102
CAH,2026-06-30,2026-03-31,1498,1438.0,60.0,0.041724617524339314,261,255.0,6.0,0.0235294117647058,47132204872.0,44207540334.0,0.06615759474296379,295588589.0,221295628.0,0.3357181597821717,positive,14149Y108
CAI,2026-06-30,2026-03-31,247,202.0,45.0,0.22277227722772275,36,35.0,1.0,0.02857142857142847,2565913308.0,2666722084.0,-0.037802505407233844,157455794.0,161395861.0,-0.024412441407032137,positive,142152107
CAKE,2026-06-30,2026-03-31,345,333.0,12.0,0.03603603603603611,46,42.0,4.0,0.09523809523809534,4017602393.0,2885970848.0,0.3921146832734743,56248103.0,53684239.0,0.04775822564980392,positive,163072101
CAL,2026-06-30,2026-03-31,171,165.0,6.0,0.036363636363636376,12,10.0,2.0,0.19999999999999996,375430733.0,334366771.0,0.12281113304766755,30832722.0,31968967.0,-0.03554212433576598,positive,129500104
CALC,2026-06-30,2026-03-31,31,27.0,4.0,0.14814814814814814,0,0.0,0.0,,9524256.0,607910.0,14.667213896793934,10510752.0,1266946.0,7.296132589707849,neutral,38942Q202
CALM,2026-06-30,2026-03-31,457,467.0,-10.0,-0.021413276231263434,48,48.0,0.0,0.0,3640110098.0,3571399554.0,0.019239108635448865,51025918.0,46796593.0,0.09037677165942393,neutral,128030202
CALX,2026-06-30,2026-03-31,289,310.0,-21.0,-0.06774193548387097,47,53.0,-6.0,-0.1132075471698113,2226610755.0,2995653496.0,-0.2567195244800101,63743822.0,62623889.0,0.01788347893884401,negative,13100M509
CALY,2026-06-30,2026-03-31,317,303.0,14.0,0.0462046204620461,47,37.0,10.0,0.2702702702702702,2928753168.0,2215465341.0,0.3219584679569132,161224780.0,162443207.0,-0.007500633744567775,positive,131193104
CAMP,2026-06-30,2026-03-31,61,46.0,15.0,0.326086956521739,5,6.0,-1.0,-0.16666666666666663,176632317.0,228752530.0,-0.22784540568797207,40441464.0,51871625.0,-0.22035478934774066,negative,13463J101
CAMT,2026-06-30,2026-03-31,1,1.0,0.0,0.0,0,0.0,0.0,,1715186.0,1595740.0,0.0748530462356023,10873.0,10873.0,0.0,neutral,B0WG73906
CAPR,2026-06-30,2026-03-31,172,177.0,-5.0,-0.02824858757062143,23,25.0,-2.0,-0.07999999999999996,964975440.0,1099468003.0,-0.1223251269095823,41879069.0,36253486.0,0.15517357420469846,negative,14070B309
CAR,2026-06-30,2026-03-31,306,295.0,11.0,0.03728813559322042,38,47.0,-9.0,-0.19148936170212771,6054651378.0,7397243780.0,-0.18149900718832335,43578426.0,50865075.0,-0.14325446290996324,negative,053774105
CARE,2026-06-30,2026-03-31,164,125.0,39.0,0.31200000000000006,11,8.0,3.0,0.375,480397425.0,322452699.0,0.48982293058741,14614096.0,14000984.0,0.04379063642955372,positive,146103106
CARG,2026-06-30,2026-03-31,370,361.0,9.0,0.024930747922437657,52,51.0,1.0,0.019607843137254832,2676322451.0,2905330272.0,-0.07882333489140747,84747481.0,87922401.0,-0.036110478830076564,positive,141788109
CARL,2026-06-30,2026-03-31,77,66.0,11.0,0.16666666666666674,1,2.0,-1.0,-0.5,59624405.0,61521993.0,-0.03084405929437295,5797702.0,6808942.0,-0.14851646555367926,negative,14280C105
CARR,2026-06-30,2026-03-31,1649,1502.0,147.0,0.09786950732356847,237,200.0,37.0,0.18500000000000005,52785401800.0,43211646943.0,0.2215549634020808,814120827.0,781010891.0,0.042393693073353056,positive,14448C104
CARS,2026-06-30,2026-03-31,201,209.0,-8.0,-0.038277511961722466,13,12.0,1.0,0.08333333333333326,604958164.0,457842693.0,0.32132318206506794,57085109.0,57935596.0,-0.014679869695307879,positive,14575E105
CART,2026-06-30,2026-03-31,503,471.0,32.0,0.06794055201698512,89,78.0,11.0,0.14102564102564097,8953795183.0,7283867914.0,0.2292638044397135,204818476.0,197812742.0,0.03541598953216063,positive,565394103
CASS,2026-06-30,2026-03-31,172,161.0,11.0,0.06832298136645965,10,10.0,0.0,0.0,398342214.0,360521915.0,0.1049042996456957,7974869.0,8742243.0,-0.0877777019009881,neutral,14808P109
CAT,2026-06-30,2026-03-31,4049,3767.0,282.0,0.07486063180249536,818,641.0,177.0,0.27613104524180976,344732055568.0,248145287767.0,0.3892347449760629,1087409941.0,366384541.0,1.9679471137948474,positive,149123101
CATO,2026-06-30,2026-03-31,43,45.0,-2.0,-0.0444444444444444,0,0.0,0.0,,18673144.0,19417757.0,-0.038347014024328385,5844266.0,6941344.0,-0.15804979554391774,neutral,149205106
CAVA,2026-06-30,2026-03-31,543,521.0,22.0,0.042226487523992384,84,79.0,5.0,0.06329113924050622,7957436508.0,8974550606.0,-0.11333315089002904,113987134.0,118644927.0,-0.03925825669731331,positive,148929102
CB,2026-06-30,2026-03-31,2165,2128.0,37.0,0.017387218045112673,404,391.0,13.0,0.03324808184143224,112794178910.0,118651778590.0,-0.0493679888292351,613165894.0,387670585.0,0.58166731685356,positive,H1467J104
CBAN,2026-06-30,2026-03-31,151,135.0,16.0,0.11851851851851847,4,4.0,0.0,0.0,258779516.0,264552923.0,-0.021823259159378106,13060856.0,13443457.0,-0.02846001590215974,neutral,19623P101
CBAT,2026-06-30,2026-03-31,28,28.0,0.0,0.0,0,0.0,0.0,,1026750.0,1997093.0,-0.48587772327077405,1755725.0,2403622.0,-0.2695502870251645,neutral,G20080100
CBFV,2026-06-30,2026-03-31,84,78.0,6.0,0.07692307692307687,1,1.0,0.0,0.0,67798085.0,67638015.0,0.002366568563551219,2364009.0,2471893.0,-0.04364428395565667,neutral,12479G101
CBIO,2026-06-30,2026-03-31,84,63.0,21.0,0.33333333333333326,12,11.0,1.0,0.09090909090909083,529232719.0,497576037.0,0.06362179776756416,29682385.0,27407204.0,0.0830139769091367,positive,G2545C104
CBLL,2026-06-30,2026-03-31,126,122.0,4.0,0.032786885245901676,15,14.0,1.0,0.0714285714285714,594272232.0,562807958.0,0.05590587971039307,30788975.0,31013989.0,-0.0072552421425053915,positive,15678C102
CBNA,2026-06-30,2026-03-31,1,1.0,0.0,0.0,0,0.0,0.0,,1648360.0,1352400.0,0.21884057971014492,39200.0,39200.0,0.0,neutral,157297103
CBRE,2026-06-30,2026-03-31,1072,1083.0,-11.0,-0.010156971375807955,228,235.0,-7.0,-0.029787234042553234,37529873178.0,40038045941.0,-0.06264473462805953,346417616.0,304667885.0,0.13703358002436006,negative,12504L109
CBT,2026-06-30,2026-03-31,392,375.0,17.0,0.045333333333333226,50,48.0,2.0,0.04166666666666674,4621827915.0,3878232035.0,0.1917357892176763,60326922.0,54322989.0,0.11052287641977876,positive,127055101
CBUS,2026-06-30,2026-03-31,62,66.0,-4.0,-0.06060606060606055,1,1.0,0.0,0.0,26263186.0,47744427.0,-0.44992143271506846,18862236.0,24148894.0,-0.21891925982200267,neutral,17166A101
CBZ,2026-06-30,2026-03-31,262,263.0,-1.0,-0.0038022813688213253,36,30.0,6.0,0.19999999999999996,1663891607.0,1476177653.0,0.12716217022965592,54124027.0,55216742.0,-0.01978955947817418,positive,124805102
CC,2026-06-30,2026-03-31,473,453.0,20.0,0.04415011037527594,41,44.0,-3.0,-0.06818181818181823,2703448662.0,3077935576.0,-0.12166821064093647,142117858.0,145231362.0,-0.021438234532290656,negative,163851108
CCBG,2026-06-30,2026-03-31,144,137.0,7.0,0.051094890510948954,10,10.0,0.0,0.0,446854223.0,403745413.0,0.10677225947827673,10103937.0,9478478.0,0.06598728192437653,neutral,139674105
CCCC,2026-06-30,2026-03-31,150,123.0,27.0,0.2195121951219512,17,6.0,11.0,1.8333333333333335,576415634.0,230144562.0,1.5045807252226102,125954656.0,89975520.0,0.39987694430662923,positive,12529R107
CCEP,2026-06-30,2026-03-31,0,1.0,-1.0,-1.0,0,1.0,-1.0,-1.0,0.0,41235667.0,-1.0,0.0,774933.0,-1.0,negative,
CCG,2026-06-30,2026-03-31,11,10.0,1.0,0.10000000000000009,0,0.0,0.0,,176050.0,541935.0,-0.6751455432847113,379608.0,613050.0,-0.3807878639588941,neutral,G20707108
CCI,2026-06-30,2026-03-31,939,960.0,-21.0,-0.021874999999999978,161,165.0,-4.0,-0.024242424242424288,29061815234.0,32682334063.0,-0.11077907783516683,484624843.0,453272183.0,0.06916960973093733,negative,22822V101
CCII,2026-06-30,2026-03-31,0,1.0,-1.0,-1.0,0,0.0,0.0,,0.0,2.0,-1.0,0.0,200.0,-1.0,neutral,
CCJ,2026-06-30,2026-03-31,1036,1025.0,11.0,0.01073170731707318,201,208.0,-7.0,-0.033653846153846145,28033889795.0,29203438437.0,-0.04004831980737622,278539326.0,280288019.0,-0.006238914550250496,negative,13321L108
CCL,2026-06-30,2026-03-31,1034,1026.0,8.0,0.007797270955165692,164,173.0,-9.0,-0.052023121387283267,25780076593.0,23845673493.0,0.08112176410399363,977080109.0,952027296.0,0.02631522552479426,negative,G2004J103
CCLD,2026-06-30,2026-03-31,65,75.0,-10.0,-0.1333333333333333,0,1.0,-1.0,-1.0,20232035.0,53545182.0,-0.6221502244590372,9598520.0,14751559.0,-0.3493216547484913,negative,14167R100
CCNE,2026-06-30,2026-03-31,168,158.0,10.0,0.06329113924050622,12,11.0,1.0,0.09090909090909083,656555773.0,591064850.0,0.11080158632339576,21087282.0,20595066.0,0.023899704909904118,positive,126128107
CCS,2026-06-30,2026-03-31,267,267.0,0.0,0.0,31,31.0,0.0,0.0,1875874207.0,1593679667.0,0.17707105502024323,29265949.0,28234340.0,0.036537386742526934,neutral,156504300
CD,2026-06-30,2026-03-31,59,50.0,9.0,0.17999999999999994,1,0.0,1.0,,34689199.0,17837363.0,0.9447492883337072,7992880.0,4619478.0,0.7302561025293335,positive,G59467202
CDE,2026-06-30,2026-03-31,0,1.0,-1.0,-1.0,0,0.0,0.0,,0.0,27137.0,-1.0,0.0,1456.0,-1.0,neutral,
CDLX,2026-06-30,2026-03-31,43,61.0,-18.0,-0.29508196721311475,0,0.0,0.0,,7747003.0,21663809.0,-0.6423988505437802,1740957.0,20411671.0,-0.9147077669437255,neutral,14161W303
CDNA,2026-06-30,2026-03-31,229,191.0,38.0,0.19895287958115193,42,22.0,20.0,0.9090909090909092,1559715487.0,955772322.0,0.6318902013569714,56870103.0,55423231.0,0.026105876072075374,positive,14167L103
CDRO,2026-06-30,2026-03-31,24,20.0,4.0,0.19999999999999996,1,1.0,0.0,0.0,49908177.0,39972472.0,0.24856368652906924,7722113.0,7568037.0,0.02035877995839619,neutral,L18268109
CDT,2026-06-30,2026-03-31,8,2.0,6.0,3.0,0,0.0,0.0,,79669.0,571.0,138.52539404553414,169485.0,112.0,1512.2589285714287,neutral,20678X502
CDW,2026-06-30,2026-03-31,759,760.0,-1.0,-0.001315789473684159,121,119.0,2.0,0.01680672268907557,18267916422.0,16177603476.0,0.12921029676002682,165729532.0,137824970.0,0.2024637625533312,positive,12514G108
CDXS,2026-06-30,2026-03-31,150,135.0,15.0,0.11111111111111116,5,5.0,0.0,0.0,157287491.0,119518063.0,0.316014391899909,70176665.0,73796426.0,-0.049050627465346386,neutral,192005106
CDZI,2026-06-30,2026-03-31,119,140.0,-21.0,-0.15000000000000002,6,6.0,0.0,0.0,154489076.0,184974502.0,-0.16480880159363798,39524563.0,40206005.0,-0.01694876175834925,neutral,127537207
CE,2026-06-30,2026-03-31,463,475.0,-12.0,-0.025263157894736876,64,73.0,-9.0,-0.12328767123287676,5608252966.0,7695796259.0,-0.27125760905620144,130006507.0,118915932.0,0.09326399594631263,negative,150870103
CECO,2026-06-30,2026-03-31,347,266.0,81.0,0.3045112781954886,67,38.0,29.0,0.763157894736842,4294693416.0,1823926233.0,1.354642056403824,58142544.0,34210845.0,0.6995354543274217,positive,125141101
CEG,2026-06-30,2026-03-31,1864,1911.0,-47.0,-0.024594453165881713,290,295.0,-5.0,-0.016949152542372836,71853014079.0,84780829884.0,-0.152485129276138,411174970.0,313819511.0,0.31022755305994987,negative,21037T109
CELC,2026-06-30,2026-03-31,276,277.0,-1.0,-0.0036101083032491488,69,60.0,9.0,0.1499999999999999,5853476576.0,6005261846.0,-0.025275379141227905,59255055.0,54554071.0,0.0861710943625087,positive,15102K100
CELU,2026-06-30,2026-03-31,54,49.0,5.0,0.1020408163265305,0,0.0,0.0,,2408194.0,3727533.0,-0.3539442843296089,4773839.0,5990435.0,-0.20308975892401804,neutral,151190204
CENN,2026-06-30,2026-03-31,19,39.0,-20.0,-0.5128205128205128,0,0.0,0.0,,264499.0,795751.0,-0.6676108481170617,74312.0,6631300.0,-0.9887937508482499,neutral,150964302
CENTA,2026-06-30,2026-03-31,286,272.0,14.0,0.05147058823529416,37,28.0,9.0,0.3214285714285714,1768965694.0,1529473193.0,0.156584961473071,52632144.0,51660038.0,0.018817369046457255,positive,153527205
CEPO,2026-06-30,2026-03-31,51,66.0,-15.0,-0.2272727272727273,6,5.0,1.0,0.19999999999999996,157181369.0,194175798.0,-0.19052028821841127,15837724.0,18929240.0,-0.16331960501319653,positive,G1827K107
CERS,2026-06-30,2026-03-31,187,169.0,18.0,0.10650887573964507,13,5.0,8.0,1.6,430908171.0,284401161.0,0.5151420953587458,152517375.0,160419900.0,-0.049261500599364516,positive,157085101
CERT,2026-06-30,2026-03-31,243,256.0,-13.0,-0.05078125,23,20.0,3.0,0.1499999999999999,876218509.0,796899422.0,0.09953462734472907,137549600.0,143611544.0,-0.04221070139041194,positive,15687V109
CETX,2026-06-30,2026-03-31,13,14.0,-1.0,-0.0714285714285714,0,0.0,0.0,,171042.0,835710.0,-0.7953333094015866,56263.0,2524641.0,-0.9777144552433396,neutral,15130G865
CEVA,2026-06-30,2026-03-31,211,160.0,51.0,0.3187500000000001,26,12.0,14.0,1.1666666666666665,1094244533.0,448714612.0,1.43862023597306,26944291.0,26305032.0,0.024301776177272805,positive,157210105
CFBK,2026-06-30,2026-03-31,105,91.0,14.0,0.15384615384615374,1,2.0,-1.0,-0.5,113985731.0,101737126.0,0.12039464334779804,3700171.0,3841239.0,-0.036724608908740075,negative,12520L109
CFR,2026-06-30,2026-03-31,571,543.0,28.0,0.05156537753222845,85,72.0,13.0,0.18055555555555558,9101996891.0,8134444668.0,0.11894508629534872,71301590.0,61012696.0,0.16863529518512022,positive,229899109
CG,2026-06-30,2026-03-31,590,607.0,-17.0,-0.028006589785831926,81,80.0,1.0,0.012499999999999956,9168408723.0,11171088327.0,-0.17927345531407324,234499850.0,235893168.0,-0.005906563601706383,positive,14316J108
CGAU,2026-06-30,2026-03-31,220,204.0,16.0,0.07843137254901955,38,40.0,-2.0,-0.050000000000000044,2191873989.0,2209401296.0,-0.007933057263853405,145924312.0,148485486.0,-0.017248648800597288,negative,152006102
CGC,2026-06-30,2026-03-31,213,220.0,-7.0,-0.03181818181818186,0,0.0,0.0,,33930108.0,27547259.0,0.2317054121428197,29526824.0,29385763.0,0.004800317759317663,neutral,138035704
CGEM,2026-06-30,2026-03-31,186,174.0,12.0,0.06896551724137923,23,19.0,4.0,0.21052631578947367,1409239039.0,936908033.0,0.5041380683732488,82005633.0,68204059.0,0.20235707672471515,positive,230031106
CGEN,2026-06-30,2026-03-31,82,79.0,3.0,0.03797468354430378,0,0.0,0.0,,30223767.0,31368073.0,-0.036479958459673334,14161743.0,14208239.0,-0.003272467474681462,neutral,M25722105
CGNT,2026-06-30,2026-03-31,135,126.0,9.0,0.0714285714285714,7,8.0,-1.0,-0.125,409531470.0,383784987.0,0.06708569608534476,50904423.0,51420976.0,-0.010045569730142812,negative,M25133105
CGNX,2026-06-30,2026-03-31,654,575.0,79.0,0.1373913043478261,124,90.0,34.0,0.37777777777777777,11994315251.0,7650648415.0,0.5677514637169483,192363661.0,169368270.0,0.13577154091495425,positive,192422103
CGON,2026-06-30,2026-03-31,231,234.0,-3.0,-0.012820512820512775,60,62.0,-2.0,-0.032258064516129004,5877821957.0,5705094722.0,0.030275962699432224,98599861.0,95653512.0,0.03080230864915867,negative,156944100
CGTX,2026-06-30,2026-03-31,67,75.0,-8.0,-0.10666666666666669,0,0.0,0.0,,26179594.0,18399779.0,0.4228211110579101,22850600.0,24434252.0,-0.06481278821221947,neutral,19243B102
CHAI,2026-06-30,2026-03-31,14,15.0,-1.0,-0.06666666666666665,0,0.0,0.0,,1508027.0,71482.0,20.096597744886825,2206397.0,114900.0,18.202758920800697,neutral,83013Q871
CHAR,2026-06-30,2026-03-31,26,27.0,-1.0,-0.03703703703703709,2,1.0,1.0,1.0,94670544.0,85287393.0,0.11001803044911918,8879972.0,8203575.0,0.08245149218480963,positive,G9877L107
CHCO,2026-06-30,2026-03-31,254,234.0,20.0,0.08547008547008539,25,20.0,5.0,0.25,1431590661.0,1264081110.0,0.13251487556838826,13228439.0,10733260.0,0.23247168148353814,positive,177835105
CHDN,2026-06-30,2026-03-31,461,450.0,11.0,0.02444444444444449,87,80.0,7.0,0.08749999999999991,5306775291.0,5127916393.0,0.03487944894034478,68157178.0,60258088.0,0.13108763092516318,positive,171484108
CHE,2026-06-30,2026-03-31,535,493.0,42.0,0.0851926977687627,81,78.0,3.0,0.03846153846153855,5900698069.0,4937084404.0,0.19517868971802166,21471227.0,14073305.0,0.5256705514447388,positive,16359R103
CHGG,2026-06-30,2026-03-31,100,103.0,-3.0,-0.029126213592232997,0,0.0,0.0,,37660723.0,30219462.0,0.24624068423190337,43155447.0,45361012.0,-0.04862248223209831,neutral,163092109
CHKP,2026-06-30,2026-03-31,1,2.0,-1.0,-0.5,0,0.0,0.0,,1207776.0,5498224.0,-0.7803334313043631,9200.0,39984.0,-0.7699079631852741,neutral,162825103
CHMG,2026-06-30,2026-03-31,105,93.0,12.0,0.12903225806451624,5,3.0,2.0,0.6666666666666667,170656621.0,125889415.0,0.35560738764255917,2416266.0,2435651.0,-0.007958857816657616,positive,164024101
CHNR,2026-06-30,2026-03-31,3,5.0,-2.0,-0.4,0,0.0,0.0,,3384.0,12402.0,-0.7271407837445574,879.0,3005.0,-0.7074875207986688,neutral,G2110U125
CHPG,2026-06-30,2026-03-31,41,42.0,-1.0,-0.023809523809523836,1,0.0,1.0,,75710076.0,67043685.0,0.1292648368000655,7886641.0,7152880.0,0.10258259610115084,positive,G2124S108
CHRD,2026-06-30,2026-03-31,519,499.0,20.0,0.04008016032064132,68,75.0,-7.0,-0.09333333333333338,6084318104.0,8140302213.0,-0.2525685232811884,61912020.0,58687358.0,0.05494645030706624,negative,674215207
CHRS,2026-06-30,2026-03-31,149,158.0,-9.0,-0.05696202531645567,2,3.0,-1.0,-0.33333333333333337,96833662.0,125797303.0,-0.23024055611112748,71860285.0,77065792.0,-0.06754627267049951,negative,19249H103
CHWY,2026-06-30,2026-03-31,519,596.0,-77.0,-0.12919463087248317,62,83.0,-21.0,-0.2530120481927711,7793066520.0,11029044519.0,-0.29340510806945275,407796826.0,416094802.0,-0.01994251300452443,negative,16679L109
CI,2026-06-30,2026-03-31,1698,1666.0,32.0,0.019207683073229287,295,281.0,14.0,0.04982206405693956,64394387451.0,66388008610.0,-0.03002983823044969,347872559.0,256720411.0,0.3550638908878967,positive,125523100
CIA,2026-06-30,2026-03-31,78,73.0,5.0,0.06849315068493156,3,3.0,0.0,0.0,91675558.0,84836718.0,0.08061179358682868,16112787.0,16968588.0,-0.05043442624689809,neutral,174740100
CIEN,2026-06-30,2026-03-31,1228,1085.0,143.0,0.13179723502304141,267,218.0,49.0,0.22477064220183496,62273401613.0,53035503884.0,0.17418327445714965,238790531.0,144807562.0,0.6490197590647926,positive,171779309
CIFR,2026-06-30,2026-03-31,470,372.0,98.0,0.26344086021505375,92,47.0,45.0,0.9574468085106382,8865930754.0,4173263529.0,1.1244598363824054,382724675.0,332328283.0,0.15164641283330083,positive,17253J106
CIM,2026-06-30,2026-03-31,1,1.0,0.0,0.0,0,0.0,0.0,,3.0,3.0,0.0,1.0,1.0,0.0,neutral,16934Q109
CING,2026-06-30,2026-03-31,39,30.0,9.0,0.30000000000000004,0,0.0,0.0,,9818565.0,8910642.0,0.10189198488728413,1954019.0,1527394.0,0.2793156186288541,neutral,17248W303
CINT,2026-06-30,2026-03-31,45,39.0,6.0,0.15384615384615374,1,1.0,0.0,0.0,188706436.0,285077337.0,-0.33805177926156926,56837029.0,56444596.0,0.0069525344817775725,neutral,G21307106
CISO,2026-06-30,2026-03-31,24,25.0,-1.0,-0.040000000000000036,0,0.0,0.0,,722160.0,1225153.0,-0.41055525309900065,2621085.0,3542345.0,-0.2600706594078217,neutral,15672X201
CISS,2026-06-30,2026-03-31,4,3.0,1.0,0.33333333333333326,0,0.0,0.0,,83051.0,9939.0,7.356072039440587,74466.0,88463.0,-0.15822434238043026,neutral,Y18284300
CIVB,2026-06-30,2026-03-31,151,132.0,19.0,0.14393939393939403,10,8.0,2.0,0.25,380441917.0,325609583.0,0.16839901791219702,13844835.0,14463013.0,-0.04274199297200387,positive,178867107
CJMB,2026-06-30,2026-03-31,15,12.0,3.0,0.25,0,0.0,0.0,,877075.0,1764969.0,-0.5030649263528142,622715.0,607556.0,0.02495078642956372,neutral,131100109
CL,2026-06-30,2026-03-31,2017,1964.0,53.0,0.026985743380855354,325,313.0,12.0,0.03833865814696491,58684223186.0,58974892121.0,-0.0049286895583230406,797711523.0,748755347.0,0.06538340753912508,positive,194162103
CLAR,2026-06-30,2026-03-31,90,103.0,-13.0,-0.12621359223300976,1,1.0,0.0,0.0,55507596.0,60349025.0,-0.08022381471780193,18312876.0,22435575.0,-0.1837572248538315,neutral,18270P109
CLBT,2026-06-30,2026-03-31,204,224.0,-20.0,-0.0892857142857143,35,37.0,-2.0,-0.05405405405405406,1744226676.0,1637518981.0,0.06516424923199104,127720077.0,126769235.0,0.007500573778803643,negative,M2197Q107
CLDX,2026-06-30,2026-03-31,256,230.0,26.0,0.11304347826086958,56,42.0,14.0,0.33333333333333326,3079923480.0,2358328389.0,0.30597735852468677,90541460.0,76871792.0,0.177824240132193,positive,15117B202
CLF,2026-06-30,2026-03-31,584,571.0,13.0,0.022767075306479923,66,60.0,6.0,0.10000000000000009,4458509412.0,4147112962.0,0.07508752543114361,495884644.0,500921858.0,-0.010055887798771201,positive,185899101
CLFD,2026-06-30,2026-03-31,128,126.0,2.0,0.015873015873015817,12,4.0,8.0,2.0,344172345.0,226078568.0,0.5223572408685815,8852390.0,8732193.0,0.013764812573427987,positive,18482P103
CLH,2026-06-30,2026-03-31,662,626.0,36.0,0.057507987220447365,132,120.0,12.0,0.10000000000000009,14252018270.0,14825005299.0,-0.03865003873142969,67435090.0,54149528.0,0.2453495439517035,positive,184496107
CLIR,2026-06-30,2026-03-31,26,20.0,6.0,0.30000000000000004,0,0.0,0.0,,1384219.0,2006653.0,-0.31018516903520443,467096.0,506045.0,-0.0769674633678823,neutral,185064201
CLMB,2026-06-30,2026-03-31,137,128.0,9.0,0.0703125,10,8.0,2.0,0.25,316009891.0,275762706.0,0.14594861496608602,15040671.0,15240334.0,-0.01310095959839197,positive,946760105
CLNE,2026-06-30,2026-03-31,194,216.0,-22.0,-0.10185185185185186,6,7.0,-1.0,-0.1428571428571429,220980306.0,284641567.0,-0.22365412638414828,110197712.0,116674665.0,-0.055512934191840224,negative,184499101
CLNN,2026-06-30,2026-03-31,33,29.0,4.0,0.13793103448275867,0,0.0,0.0,,19470699.0,13634018.0,0.42809691171010633,3181768.0,2765666.0,0.15045273001150528,neutral,185634201
CLPR,2026-06-30,2026-03-31,69,76.0,-7.0,-0.09210526315789469,0,0.0,0.0,,9385155.0,15432587.0,-0.3918611960522238,3982236.0,5483679.0,-0.27380213174403534,neutral,18885T306
CLPT,2026-06-30,2026-03-31,132,118.0,14.0,0.11864406779661008,5,3.0,2.0,0.6666666666666667,249807708.0,126361488.0,0.9769291415751609,14066533.0,14281898.0,-0.015079578358562662,positive,18507C103
CLRB,2026-06-30,2026-03-31,29,19.0,10.0,0.5263157894736843,0,0.0,0.0,,9936403.0,1020888.0,8.73309804797392,3584169.0,392604.0,8.129221811290765,neutral,15117F880
CLRO,2026-06-30,2026-03-31,10,9.0,1.0,0.11111111111111116,0,0.0,0.0,,365101.0,450619.0,-0.18977894851304544,109625.0,127465.0,-0.1399599890165928,neutral,18506U203
CLS,2026-06-30,2026-03-31,877,782.0,95.0,0.12148337595907921,176,151.0,25.0,0.16556291390728473,28483823408.0,21777100687.0,0.3079713327037894,80187390.0,79821515.0,0.004583663940730842,positive,15101Q207
CLSK,2026-06-30,2026-03-31,422,362.0,60.0,0.16574585635359118,52,34.0,18.0,0.5294117647058822,3394687307.0,1949330051.0,0.7414635891231125,241968275.0,237532760.0,0.018673276898731883,positive,18452B209
CLST,2026-06-30,2026-03-31,23,23.0,0.0,0.0,0,0.0,0.0,,22136844.0,19777964.0,0.11926809048696829,1237594.0,1216057.0,0.01771051850365568,neutral,14888L101
CLVT,2026-06-30,2026-03-31,245,257.0,-12.0,-0.046692607003890996,24,25.0,-1.0,-0.040000000000000036,1236006624.0,1409401900.0,-0.1230275594207727,590202904.0,580550083.0,0.016627025441317445,negative,G21810109
CLW,2026-06-30,2026-03-31,136,123.0,13.0,0.10569105691056913,6,5.0,1.0,0.19999999999999996,233337299.0,200190941.0,0.16557371594551817,14928426.0,14063036.0,0.06153649894660007,positive,18538R103
CLWT,2026-06-30,2026-03-31,6,5.0,1.0,0.19999999999999996,0,0.0,0.0,,346629.0,206636.0,0.6774860140536982,202707.0,176550.0,0.14815632965165682,neutral,G32030127
CLYM,2026-06-30,2026-03-31,111,80.0,31.0,0.38749999999999996,18,4.0,14.0,3.5,707800021.0,216764797.0,2.265290447507489,56440716.0,33598500.0,0.6798582079557123,positive,28658R106
CMBT,2026-06-30,2026-03-31,1,1.0,0.0,0.0,0,0.0,0.0,,601377.0,607431.0,-0.009966564103577213,42500.0,48125.0,-0.11688311688311692,neutral,B04M8J908
CMC,2026-06-30,2026-03-31,526,508.0,18.0,0.03543307086614167,67,70.0,-3.0,-0.042857142857142816,6459722830.0,6590978893.0,-0.01991450209913459,113576700.0,109786884.0,0.03451975192227885,negative,201723103
CMCSA,2026-06-30,2026-03-31,1896,2063.0,-167.0,-0.08095007270964616,332,333.0,-1.0,-0.0030030030030030463,79058641172.0,96771213918.0,-0.18303555395108417,3462446021.0,3486460921.0,-0.006888045081862582,negative,20030N101
CMDB,2026-06-30,2026-03-31,102,97.0,5.0,0.05154639175257736,1,2.0,-1.0,-0.5,90773968.0,87465436.0,0.037826736495088165,5182899.0,5646554.0,-0.08211291346899363,negative,Y2001C101
CME,2026-06-30,2026-03-31,1708,1807.0,-99.0,-0.05478693967902604,384,406.0,-22.0,-0.054187192118226646,71454789349.0,101337573770.0,-0.29488355907181296,458883823.0,353139184.0,0.29944181725242935,negative,12572Q105
CMG,2026-06-30,2026-03-31,1198,1252.0,-54.0,-0.04313099041533541,209,205.0,4.0,0.019512195121951237,37632122669.0,37496089860.0,0.003627919857988049,1226916719.0,1241580078.0,-0.011810240241306502,positive,169656105
CMI,2026-06-30,2026-03-31,2106,1966.0,140.0,0.07121057985757884,402,343.0,59.0,0.1720116618075802,82862431221.0,66612661060.0,0.2439441677065468,269049515.0,128164274.0,1.0992551715308747,positive,231021106
CMND,2026-06-30,2026-03-31,6,5.0,1.0,0.19999999999999996,0,0.0,0.0,,30953.0,30230.0,0.02391663910023145,49010.0,44976.0,0.08969228032728571,neutral,185053600
CMPR,2026-06-30,2026-03-31,213,182.0,31.0,0.1703296703296704,29,21.0,8.0,0.38095238095238093,2245433969.0,1823109879.0,0.23165037657063792,24816652.0,25914642.0,-0.04236948363014237,positive,G2143T103
CMPS,2026-06-30,2026-03-31,224,194.0,30.0,0.15463917525773185,26,14.0,12.0,0.8571428571428572,1290957117.0,529002118.0,1.4403628512504367,91792518.0,95896435.0,-0.042795303078784985,positive,20451W101
CMPX,2026-06-30,2026-03-31,217,201.0,16.0,0.07960199004975133,10,22.0,-12.0,-0.5454545454545454,386374590.0,1016936521.0,-0.6200602672622473,177951585.0,191953394.0,-0.07294379488804459,negative,20454B104
CMRC,2026-06-30,2026-03-31,156,148.0,8.0,0.054054054054053946,3,5.0,-2.0,-0.4,176162354.0,168408797.0,0.04604009492449501,63001479.0,66545929.0,-0.05326321314110738,negative,08975P108
CMRE,2026-06-30,2026-03-31,196,190.0,6.0,0.03157894736842115,12,14.0,-2.0,-0.1428571428571429,515299370.0,627042080.0,-0.17820607829063084,40496903.0,40534969.0,-0.0009390903937782635,negative,Y1771G102
CMS,2026-06-30,2026-03-31,823,805.0,18.0,0.022360248447204967,150,148.0,2.0,0.013513513513513598,23762186039.0,24752911692.0,-0.04002461065298424,347389134.0,330358879.0,0.05155077124474694,positive,125896100
CMTG,2026-06-30,2026-03-31,111,118.0,-7.0,-0.05932203389830504,5,5.0,0.0,0.0,203284628.0,213079436.0,-0.04596787087422172,87061018.0,90079485.0,-0.033508928253752734,neutral,18270D106
CMTV,2026-06-30,2026-03-31,49,24.0,25.0,1.0416666666666665,2,1.0,1.0,1.0,74136964.0,30764238.0,1.4098423630710437,1910620.0,1003477.0,0.9039997927207102,positive,20343A101
CNC,2026-06-30,2026-03-31,1005,870.0,135.0,0.15517241379310343,205,138.0,67.0,0.48550724637681153,30303974978.0,16206289646.0,0.8698897551469813,542977130.0,518539481.0,0.047127846375115245,positive,15135B101
CNDT,2026-06-30,2026-03-31,192,194.0,-2.0,-0.010309278350515427,3,4.0,-1.0,-0.25,179726796.0,150319660.0,0.1956306713306828,119561678.0,117638903.0,0.016344720589582584,negative,206787103
CNEY,2026-06-30,2026-03-31,5,7.0,-2.0,-0.2857142857142857,0,0.0,0.0,,25035.0,56722.0,-0.5586368604774161,70139.0,165464.0,-0.5761071894792825,neutral,G2181K204
CNI,2026-06-30,2026-03-31,1,1.0,0.0,0.0,0,0.0,0.0,,574.0,8823214.0,-0.9999349443411437,4807.0,37195.0,-0.8707621992203253,neutral,002180632
CNM,2026-06-30,2026-03-31,455,476.0,-21.0,-0.044117647058823484,102,102.0,0.0,0.0,9457314856.0,9940834666.0,-0.048639759763207,215130284.0,209456757.0,0.027086865476485977,neutral,21874C102
CNMD,2026-06-30,2026-03-31,249,238.0,11.0,0.04621848739495804,26,26.0,0.0,0.0,1107218451.0,1248814442.0,-0.11338433176127538,35796351.0,36148416.0,-0.009739430906184121,neutral,207410101
CNOB,2026-06-30,2026-03-31,231,215.0,16.0,0.07441860465116279,28,24.0,4.0,0.16666666666666674,1236653549.0,1075445122.0,0.14989925910882507,39377812.0,40670355.0,-0.03178096183325663,positive,20786W107
CNP,2026-06-30,2026-03-31,866,830.0,36.0,0.04337349397590362,145,145.0,0.0,0.0,27607175663.0,27304055322.0,0.01110166008035307,740730909.0,709434385.0,0.04411475488321592,neutral,15189T107
CNQ,2026-06-30,2026-03-31,1,1.0,0.0,0.0,1,1.0,0.0,0.0,11086662.0,13283842.0,-0.16540244908061985,280278.0,273184.0,0.02596784584748746,neutral,136385952
CNR,2026-06-30,2026-03-31,357,380.0,-23.0,-0.06052631578947365,61,69.0,-8.0,-0.1159420289855072,3802604505.0,5098080290.0,-0.2541105104878605,48164517.0,49711880.0,-0.03112662405847455,negative,218937100
CNS,2026-06-30,2026-03-31,313,296.0,17.0,0.057432432432432456,42,33.0,9.0,0.2727272727272727,2260159638.0,1742742941.0,0.2968978871336596,32878604.0,28518500.0,0.15288686291354736,positive,19247A100
CNSP,2026-06-30,2026-03-31,11,12.0,-1.0,-0.08333333333333337,0,0.0,0.0,,7773976.0,348699.0,21.29423084092584,1626355.0,145612.0,10.16910007416971,neutral,18978H508
CNTX,2026-06-30,2026-03-31,81,59.0,22.0,0.3728813559322033,0,8.0,-8.0,-1.0,34215157.0,215930088.0,-0.841545208836297,63038395.0,83046529.0,-0.24092679418305374,negative,21077P108
CNTY,2026-06-30,2026-03-31,50,54.0,-4.0,-0.07407407407407407,0,0.0,0.0,,19384773.0,22008341.0,-0.11920789486131644,17628531.0,17141487.0,0.028413170922686026,neutral,156492100
CNVS,2026-06-30,2026-03-31,45,35.0,10.0,0.2857142857142858,0,0.0,0.0,,15057392.0,8686520.0,0.7334205182282434,5090236.0,4094835.0,0.2430869619899214,neutral,172406308
CNXC,2026-06-30,2026-03-31,273,304.0,-31.0,-0.10197368421052633,30,35.0,-5.0,-0.1428571428571429,1536397188.0,1908851069.0,-0.1951194030004234,70632680.0,70684140.0,-0.0007280275320602492,negative,20602D101
CNXN,2026-06-30,2026-03-31,191,187.0,4.0,0.021390374331550888,15,13.0,2.0,0.15384615384615374,770407738.0,633171494.0,0.21674419221406072,11421640.0,11003259.0,0.03802337107578757,positive,69318J100
COCH,2026-06-30,2026-03-31,33,33.0,0.0,0.0,1,0.0,1.0,,19879573.0,12079263.0,0.6457604242907866,25379960.0,18173784.0,0.39651489200047707,positive,29415V109
COCO,2026-06-30,2026-03-31,343,269.0,74.0,0.275092936802974,51,41.0,10.0,0.24390243902439024,3162855036.0,2530261985.0,0.25001089007785104,53840527.0,54962026.0,-0.0204049792487635,positive,92846Q107
COCP,2026-06-30,2026-03-31,28,26.0,2.0,0.07692307692307687,0,0.0,0.0,,1146408.0,1032942.0,0.10984740672758009,1112130.0,1035821.0,0.07367006461541137,neutral,19188J409
CODA,2026-06-30,2026-03-31,64,66.0,-2.0,-0.030303030303030276,0,0.0,0.0,,26993301.0,32359391.0,-0.16582790448683038,2921866.0,3037780.0,-0.03815747025788574,neutral,19188U206
CODX,2026-06-30,2026-03-31,24,15.0,9.0,0.6000000000000001,0,0.0,0.0,,1792446.0,91684.0,18.550259587278042,595808.0,49307.0,11.083639239864523,neutral,189763204
COF,2026-06-30,2026-03-31,1,4.0,-3.0,-0.75,0,0.0,0.0,,200.0,6141810.0,-0.9999674363094918,1.0,75514.0,-0.9999867574224647,neutral,254709108
COGT,2026-06-30,2026-03-31,325,306.0,19.0,0.06209150326797386,87,84.0,3.0,0.03571428571428581,7286234864.0,7539465393.0,-0.03358733223115673,202269281.0,203053641.0,-0.003862821647211967,positive,19240Q201
COHR,2026-06-30,2026-03-31,1317,1109.0,208.0,0.1875563570784491,303,234.0,69.0,0.29487179487179493,65365321661.0,43786288905.0,0.492826254419928,283833124.0,189679605.0,0.4963818803819209,positive,19247G107
COHU,2026-06-30,2026-03-31,350,264.0,86.0,0.3257575757575757,59,33.0,26.0,0.7878787878787878,3881377098.0,1609061057.0,1.4122000101329903,60162476.0,53757946.0,0.11913643426778253,positive,192576106
COIN,2026-06-30,2026-03-31,1122,1183.0,-61.0,-0.05156382079458999,168,183.0,-15.0,-0.08196721311475408,21455502986.0,27147131922.0,-0.2096585728596807,195193959.0,158357984.0,0.2326120481553997,negative,19260Q107
COLD,2026-06-30,2026-03-31,411,401.0,10.0,0.02493765586034913,61,49.0,12.0,0.24489795918367352,4820282830.0,3613969558.0,0.33379176349996253,324148356.0,330979566.0,-0.02063937083052436,positive,03064D108
COLL,2026-06-30,2026-03-31,279,268.0,11.0,0.04104477611940305,30,30.0,0.0,0.0,1429806052.0,1337456889.0,0.06904832877944078,41988141.0,41424641.0,0.013603014688769344,neutral,19459J104
COLM,2026-06-30,2026-03-31,326,305.0,21.0,0.06885245901639347,33,30.0,3.0,0.10000000000000009,1620286114.0,1455554422.0,0.11317453302340352,28202754.0,27130262.0,0.0395312068862439,positive,198516106
COMP,2026-06-30,2026-03-31,439,421.0,18.0,0.04275534441805218,85,67.0,18.0,0.26865671641791056,8833518650.0,5123397855.0,0.7241523887080599,732862132.0,697006842.0,0.051441804928508805,positive,20464U100
COOK,2026-06-30,2026-03-31,70,51.0,19.0,0.37254901960784315,2,1.0,1.0,1.0,81177738.0,26621652.0,2.0493125670788577,1049321.0,920384.0,0.14009044051178643,positive,89269P202
COP,2026-06-30,2026-03-31,2465,2581.0,-116.0,-0.0449438202247191,361,376.0,-15.0,-0.039893617021276584,103972755222.0,141876441372.0,-0.2671598313536533,1214467746.0,1148780247.0,0.05718021281401775,negative,20825C104
COPL,2026-06-30,2026-03-31,45,47.0,-2.0,-0.04255319148936165,5,3.0,2.0,0.6666666666666667,166454678.0,158430599.0,0.05064728057993384,22783033.0,21768927.0,0.04658502460870029,positive,G24243100
COR,2026-06-30,2026-03-31,1351,1443.0,-92.0,-0.0637560637560638,240,248.0,-8.0,-0.032258064516129004,46807507592.0,52396003726.0,-0.10665882389093106,260840453.0,187212576.0,0.39328488808358686,negative,03073E105
CORT,2026-06-30,2026-03-31,427,353.0,74.0,0.2096317280453257,62,42.0,20.0,0.4761904761904763,6507509525.0,3201400483.0,1.0327071103899748,93675222.0,88311711.0,0.06073385895558059,positive,218352102
COSM,2026-06-30,2026-03-31,21,22.0,-1.0,-0.045454545454545414,0,0.0,0.0,,389500.0,490007.0,-0.20511339633923598,2107151.0,1612197.0,0.3070059056058285,neutral,221413305
COST,2026-06-30,2026-03-31,4239,4270.0,-31.0,-0.007259953161592558,855,887.0,-32.0,-0.036076662908680945,299052110791.0,337114261329.0,-0.11290578567619247,964000902.0,356091958.0,1.7071684163111596,negative,22160K105
COTY,2026-06-30,2026-03-31,313,327.0,-14.0,-0.042813455657492394,18,16.0,2.0,0.125,805768811.0,676662377.0,0.19079889526649407,399068870.0,355412587.0,0.12283268684572501,positive,222070203
COUR,2026-06-30,2026-03-31,251,237.0,14.0,0.05907172995780585,27,21.0,6.0,0.2857142857142858,1355469330.0,1004158920.0,0.34985538942381744,242788614.0,173539503.0,0.3990394682644678,positive,22266M104
COYA,2026-06-30,2026-03-31,56,56.0,0.0,0.0,1,0.0,1.0,,45551710.0,35228378.0,0.2930402302371118,7792932.0,8953016.0,-0.12957465953372582,positive,22407B108
CPB,2026-06-30,2026-03-31,619,587.0,32.0,0.054514480408858645,45,47.0,-2.0,-0.04255319148936165,3961553197.0,4279443480.0,-0.07428308949181406,193391456.0,200773991.0,-0.03677037530224714,negative,134429109
CPF,2026-06-30,2026-03-31,1,1.0,0.0,0.0,0,0.0,0.0,,2.0,2.0,0.0,1.0,1.0,0.0,neutral,154760102
CPNG,2026-06-30,2026-03-31,590,604.0,-14.0,-0.023178807947019875,138,125.0,13.0,0.10400000000000009,22859135782.0,25697120115.0,-0.11043978159028811,1364420478.0,1400379899.0,-0.02567833273362341,positive,22266T109
CPOP,2026-06-30,2026-03-31,9,9.0,0.0,0.0,0,0.0,0.0,,401204.0,235717.0,0.7020579763020911,4304750.0,778710.0,4.528052805280528,neutral,G71700119
CPRI,2026-06-30,2026-03-31,296,315.0,-19.0,-0.060317460317460325,35,43.0,-8.0,-0.18604651162790697,2061635230.0,2220855738.0,-0.07169331410215174,117645374.0,129144860.0,-0.08904331151855371,negative,G1890L107
CPRT,2026-06-30,2026-03-31,1062,1083.0,-21.0,-0.01939058171745156,204,200.0,4.0,0.020000000000000018,22013274852.0,26773576889.0,-0.17779850845987577,837655001.0,828017254.0,0.011639548515978149,positive,217204106
CPS,2026-06-30,2026-03-31,136,140.0,-4.0,-0.02857142857142858,8,9.0,-1.0,-0.11111111111111116,303647926.0,335741620.0,-0.09559045434998492,11622678.0,12468635.0,-0.0678468011935549,negative,21676P103
CPSS,2026-06-30,2026-03-31,64,61.0,3.0,0.049180327868852514,2,2.0,0.0,0.0,94268739.0,80959894.0,0.16438812284018067,9878900.0,10525348.0,-0.06141820678993226,neutral,210502100
CR,2026-06-30,2026-03-31,600,565.0,35.0,0.06194690265486735,105,88.0,17.0,0.19318181818181812,9996466630.0,7689970394.0,0.2999356457600426,58340895.0,46007718.0,0.26806756640266305,positive,224408104
CRAQ,2026-06-30,2026-03-31,57,57.0,0.0,0.0,6,5.0,1.0,0.19999999999999996,226748549.0,213804956.0,0.0605392561620508,23493223.0,22524257.0,0.043018777489530535,positive,G17564108
CRBU,2026-06-30,2026-03-31,139,137.0,2.0,0.014598540145985384,1,1.0,0.0,0.0,81580660.0,75291070.0,0.08353699847803986,49634326.0,41988729.0,0.18208688812657314,neutral,142038108
CRCL,2026-06-30,2026-03-31,566,538.0,28.0,0.052044609665427455,98,90.0,8.0,0.0888888888888888,8344963358.0,11186915931.0,-0.25404254313958696,147037563.0,123349447.0,0.19204071502647269,positive,172573107
CRCT,2026-06-30,2026-03-31,157,155.0,2.0,0.012903225806451646,2,2.0,0.0,0.0,130197341.0,115674552.0,0.12554869458236584,30354730.0,31722730.0,-0.04312365297690335,neutral,22658D100
CRDF,2026-06-30,2026-03-31,105,117.0,-12.0,-0.10256410256410253,0,0.0,0.0,,23494345.0,44114573.0,-0.46742440417591713,18878898.0,27497404.0,-0.3134298059555004,neutral,14147L108
CRDL,2026-06-30,2026-03-31,52,47.0,5.0,0.1063829787234043,1,1.0,0.0,0.0,31157420.0,37549527.0,-0.17023135870659567,29505569.0,27875716.0,0.058468560951044246,neutral,14161Y200
CRDO,2026-06-30,2026-03-31,984,717.0,267.0,0.37238493723849375,240,126.0,114.0,0.9047619047619047,34255885122.0,13788233521.0,1.4844288479613428,201303755.0,148728192.0,0.3535009892408294,positive,G25457105
CRE,2026-06-30,2026-03-31,2,1.0,1.0,1.0,0,0.0,0.0,,44081.0,1842.0,22.931053203040175,17703.0,695.0,24.471942446043165,neutral,G2R63D113
CREG,2026-06-30,2026-03-31,8,8.0,0.0,0.0,0,0.0,0.0,,468318.0,12970.0,35.10778720123361,227339.0,105795.0,1.1488633678340188,neutral,168913507
CREX,2026-06-30,2026-03-31,36,30.0,6.0,0.19999999999999996,0,0.0,0.0,,15675701.0,9264177.0,0.6920770188220713,3795650.0,2693209.0,0.4093410500261956,neutral,22530J309
CRGO,2026-06-30,2026-03-31,1,1.0,0.0,0.0,0,0.0,0.0,,735000.0,815000.0,-0.09815950920245398,500000.0,500000.0,0.0,neutral,514051013
CRGY,2026-06-30,2026-03-31,364,361.0,3.0,0.008310249307479145,46,50.0,-4.0,-0.07999999999999996,2982746238.0,4312937377.0,-0.30841883911731094,311439608.0,323348133.0,-0.03682880395663213,negative,44952J104
CRH,2026-06-30,2026-03-31,1,1.0,0.0,0.0,0,0.0,0.0,,3956753.0,4018002.0,-0.015243645971306119,36979.0,38223.0,-0.03254584935771654,neutral,SB01ZKD65
CRI,2026-06-30,2026-03-31,289,277.0,12.0,0.04332129963898912,30,30.0,0.0,0.0,1593783780.0,1496242361.0,0.06519092196721998,41766492.0,43038421.0,-0.02955333793495818,neutral,146229109
CRIS,2026-06-30,2026-03-31,37,42.0,-5.0,-0.11904761904761907,0,0.0,0.0,,11102041.0,8799034.0,0.2617340721720134,27722213.0,16140891.0,0.7175144172648213,neutral,231269309
CRM,2026-06-30,2026-03-31,2481,2693.0,-212.0,-0.07872261418492388,449,488.0,-39.0,-0.07991803278688525,108185940018.0,148511966667.0,-0.2715338538302491,907010475.0,819476437.0,0.1068170285901704,negative,79466L302
CRMD,2026-06-30,2026-03-31,195,188.0,7.0,0.037234042553191404,8,7.0,1.0,0.1428571428571428,341095066.0,299153928.0,0.14019918869325365,45498008.0,45038917.0,0.010193206910370511,positive,21900C308
CRML,2026-06-30,2026-03-31,186,179.0,7.0,0.03910614525139655,8,4.0,4.0,1.0,329930677.0,191075396.0,0.7267041382973243,34648675.0,26991103.0,0.2837072645752936,positive,G2662B103
CRNC,2026-06-30,2026-03-31,197,197.0,0.0,0.0,13,5.0,8.0,1.6,409832937.0,255546327.0,0.6037520155787643,37724004.0,38304067.0,-0.015143639969092626,positive,156727109
CRNT,2026-06-30,2026-03-31,1,1.0,0.0,0.0,0,0.0,0.0,,259000.0,162000.0,0.5987654320987654,100000.0,75000.0,0.33333333333333326,neutral,M22013108
CRON,2026-06-30,2026-03-31,196,193.0,3.0,0.015544041450777257,3,4.0,-1.0,-0.25,133058218.0,121906858.0,0.09147442714010401,47993712.0,49002048.0,-0.020577425661882587,negative,22717L101
CROX,2026-06-30,2026-03-31,503,463.0,40.0,0.08639308855291583,67,58.0,9.0,0.15517241379310343,5481503303.0,3984127678.0,0.37583525077983215,56078617.0,51542677.0,0.08800357808345893,positive,227046109
CRS,2026-06-30,2026-03-31,881,704.0,177.0,0.2514204545454546,166,134.0,32.0,0.23880597014925375,27863381292.0,19153148731.0,0.4547676563959535,81149907.0,50193926.0,0.6167276295542214,positive,144285103
CRSR,2026-06-30,2026-03-31,222,207.0,15.0,0.07246376811594213,9,6.0,3.0,0.5,399164052.0,233917200.0,0.7064330968393944,42247064.0,42499438.0,-0.005938290289862147,positive,22041X102
CRT,2026-06-30,2026-03-31,4,5.0,-1.0,-0.19999999999999996,0,0.0,0.0,,24653.0,300451.0,-0.917946686814156,2727.0,28398.0,-0.903972110712022,neutral,22757R109
CRUS,2026-06-30,2026-03-31,583,543.0,40.0,0.07366482504604055,93,85.0,8.0,0.09411764705882364,7293921608.0,7055287025.0,0.03382351166641584,62904433.0,53874983.0,0.1676000528853996,positive,172755100
CRVL,2026-06-30,2026-03-31,291,282.0,9.0,0.03191489361702127,25,20.0,5.0,0.25,1755645818.0,1561683057.0,0.12420110478281243,30765594.0,29192439.0,0.053889125194369614,positive,221006109
CRVO,2026-06-30,2026-03-31,37,36.0,1.0,0.02777777777777768,0,0.0,0.0,,5341667.0,8218037.0,-0.35000694204710925,1747147.0,2085816.0,-0.1623676297429879,neutral,15713L109
CRVS,2026-06-30,2026-03-31,177,164.0,13.0,0.0792682926829269,24,23.0,1.0,0.04347826086956519,1001248293.0,1103249151.0,-0.09245496169885559,71993332.0,78533163.0,-0.08327476890240626,positive,221015100
CRWS,2026-06-30,2026-03-31,42,37.0,5.0,0.1351351351351351,0,0.0,0.0,,7910214.0,8882760.0,-0.10948691622873974,2786972.0,3489923.0,-0.20142306864650017,neutral,228309100
CRWV,2026-06-30,2026-03-31,972,785.0,187.0,0.2382165605095541,159,107.0,52.0,0.485981308411215,38778870783.0,24723979221.0,0.5684720665863563,441748936.0,335391261.0,0.3171152244184443,positive,21873S108
CSAI,2026-06-30,2026-03-31,23,22.0,1.0,0.045454545454545414,0,0.0,0.0,,644064.0,911071.0,-0.2930693656147545,2040958.0,1498330.0,0.36215519945539376,neutral,18912E207
CSAN,2026-06-30,2026-03-31,64,74.0,-10.0,-0.1351351351351351,1,2.0,-1.0,-0.5,45416833.0,76723463.0,-0.4080450591757049,15955658.0,18896444.0,-0.15562642368056123,negative,22113B103
CSBR,2026-06-30,2026-03-31,28,25.0,3.0,0.1200000000000001,2,1.0,1.0,1.0,36154978.0,34490228.0,0.048267294724755105,5914327.0,6031856.0,-0.019484715815496934,positive,15870P307
CSCO,2026-06-30,2026-03-31,3,4.0,-1.0,-0.25,0,0.0,0.0,,3188686.0,2549513.0,0.2507039579715813,27147.0,1406787.0,-0.9807028356105082,neutral,17275R952
CSGP,2026-06-30,2026-03-31,758,800.0,-42.0,-0.05249999999999999,112,135.0,-23.0,-0.1703703703703704,11682711613.0,18161258673.0,-0.35672346155344037,436748909.0,458157379.0,-0.046727327729016,negative,22160N109
CSIQ,2026-06-30,2026-03-31,156,129.0,27.0,0.20930232558139528,17,13.0,4.0,0.3076923076923077,615624594.0,426983456.0,0.44179964199830724,41056612.0,33141163.0,0.23884041124326272,positive,136635109
CSR,2026-06-30,2026-03-31,220,225.0,-5.0,-0.022222222222222254,21,20.0,1.0,0.050000000000000044,902386514.0,916058678.0,-0.014924987152405977,17367335.0,16158857.0,0.0747873441791087,positive,15202L107
CSTE,2026-06-30,2026-03-31,36,37.0,-1.0,-0.027027027027026973,0,0.0,0.0,,3893022.0,3038131.0,0.2813871422924159,2027997.0,3046096.0,-0.3342307662004087,neutral,M20598104
CSTL,2026-06-30,2026-03-31,180,187.0,-7.0,-0.03743315508021394,14,18.0,-4.0,-0.2222222222222222,631060288.0,689233669.0,-0.08440298786390255,28518078.0,28997488.0,-0.01653281139386975,negative,14843C105
CSTM,2026-06-30,2026-03-31,390,314.0,76.0,0.2420382165605095,59,52.0,7.0,0.13461538461538458,3580988907.0,2892309170.0,0.23810723422766045,126657381.0,128049662.0,-0.010872976767404507,positive,F21107101
CSV,2026-06-30,2026-03-31,160,167.0,-7.0,-0.041916167664670656,11,14.0,-3.0,-0.2142857142857143,461700252.0,586613182.0,-0.21293918008136403,13640453.0,13848509.0,-0.015023711216853752,negative,143905107
CSW,2026-06-30,2026-03-31,357,351.0,6.0,0.017094017094017033,65,60.0,5.0,0.08333333333333326,4370542874.0,4324619065.0,0.01061915704244809,21994133.0,17581762.0,0.2509629580925963,positive,126402106
CSWC,2026-06-30,2026-03-31,192,170.0,22.0,0.12941176470588234,11,10.0,1.0,0.10000000000000009,427481476.0,398820130.0,0.07186534440977188,32853131.0,32782772.0,0.00214621875172738,positive,140501107
CSX,2026-06-30,2026-03-31,1994,1874.0,120.0,0.06403415154749204,298,267.0,31.0,0.11610486891385774,65544075270.0,61908727387.0,0.05872108887451266,1724747739.0,1619588842.0,0.06492937853914893,positive,126408103
CTAS,2026-06-30,2026-03-31,1430,1441.0,-11.0,-0.007633587786259555,288,282.0,6.0,0.02127659574468077,45060435688.0,47589089176.0,-0.053135152022939836,365261963.0,291545591.0,0.2528468077570756,positive,172908105
CTEV,2026-06-30,2026-03-31,105,94.0,11.0,0.11702127659574457,9,6.0,3.0,0.5,530993008.0,261736592.0,1.028730503222874,15632856.0,16017569.0,-0.024018189027311232,positive,62548M209
CTKB,2026-06-30,2026-03-31,157,165.0,-8.0,-0.048484848484848464,9,11.0,-2.0,-0.18181818181818177,354367053.0,387940519.0,-0.08654281869432667,82675294.0,90109651.0,-0.08250344904787166,negative,23285D109
CTMX,2026-06-30,2026-03-31,181,179.0,2.0,0.011173184357541999,21,25.0,-4.0,-0.16000000000000003,802882702.0,1016749923.0,-0.21034397560510065,215004340.0,216521439.0,-0.007006691840801937,negative,23284F105
CTNM,2026-06-30,2026-03-31,104,90.0,14.0,0.15555555555555545,17,13.0,4.0,0.3076923076923077,503528603.0,466624429.0,0.07908753101308386,30766253.0,35835570.0,-0.14146048186201587,positive,21217B100
CTO,2026-06-30,2026-03-31,221,198.0,23.0,0.11616161616161613,12,10.0,2.0,0.19999999999999996,514685758.0,392415298.0,0.31158433583799794,25476936.0,22384567.0,0.1381473673357183,positive,22948Q101
CTOR,2026-06-30,2026-03-31,20,14.0,6.0,0.4285714285714286,0,0.0,0.0,,9181281.0,9160319.0,0.002288348255120809,14145477.0,14782648.0,-0.04310262951536148,neutral,17331Y109
CTOS,2026-06-30,2026-03-31,187,175.0,12.0,0.0685714285714285,24,11.0,13.0,1.1818181818181817,2636423313.0,1463095801.0,0.8019485198426866,224766014.0,223499509.0,0.0056667014870266375,positive,23204X103
CTRE,2026-06-30,2026-03-31,516,493.0,23.0,0.04665314401622722,100,83.0,17.0,0.20481927710843384,9227909566.0,7887899479.0,0.16988173981774435,267351395.0,242419913.0,0.10284419993171112,positive,14174T107
CTRI,2026-06-30,2026-03-31,254,218.0,36.0,0.16513761467889898,58,52.0,6.0,0.11538461538461542,3379041831.0,3254403979.0,0.03829821153251478,115218643.0,112993131.0,0.01969599373257469,positive,155923105
CTRN,2026-06-30,2026-03-31,150,134.0,16.0,0.11940298507462677,9,6.0,3.0,0.5,472342121.0,347210861.0,0.3603898208702636,8463913.0,8253048.0,0.025549954392607432,positive,17306X102
CTS,2026-06-30,2026-03-31,280,245.0,35.0,0.1428571428571428,31,27.0,4.0,0.14814814814814814,1836066447.0,1380827531.0,0.3296855731651833,30735422.0,29221224.0,0.05181843169882283,positive,126501105
CTSH,2026-06-30,2026-03-31,919,997.0,-78.0,-0.07823470411233702,154,191.0,-37.0,-0.19371727748691103,18954449500.0,30974204139.0,-0.3880569323124522,540569355.0,520669685.0,0.03821937511111284,negative,192446102
CTSO,2026-06-30,2026-03-31,51,50.0,1.0,0.020000000000000018,0,0.0,0.0,,6016819.0,10381205.0,-0.42041227391232516,16180652.0,18351370.0,-0.11828642766180397,neutral,23283X206
CTVA,2026-06-30,2026-03-31,1495,1488.0,7.0,0.0047043010752687575,219,214.0,5.0,0.02336448598130847,49645161770.0,51730486182.0,-0.04031132444151675,740011396.0,639170028.0,0.1577692375775792,positive,22052L104
CTW,2026-06-30,2026-03-31,4,4.0,0.0,0.0,0,0.0,0.0,,81033.0,72426.0,0.11883853864634242,32583.0,35503.0,-0.08224657071233421,neutral,G2589A105
CTXR,2026-06-30,2026-03-31,43,38.0,5.0,0.13157894736842102,0,0.0,0.0,,810022.0,997531.0,-0.18797310559772074,1360560.0,1169284.0,0.16358386841862194,neutral,17322U306
CUB,2026-06-30,2026-03-31,61,57.0,4.0,0.07017543859649122,8,11.0,-3.0,-0.2727272727272727,221488728.0,245846794.0,-0.09907823325123366,29923636.0,31901384.0,-0.06199568018741752,negative,G5501C109
CUBE,2026-06-30,2026-03-31,518,488.0,30.0,0.061475409836065475,93,81.0,12.0,0.14814814814814814,8674491291.0,7673338255.0,0.13047164125048738,249382270.0,226558481.0,0.10074126953561269,positive,229663109
CUBI,2026-06-30,2026-03-31,301,283.0,18.0,0.06360424028268552,46,38.0,8.0,0.21052631578947367,2681394090.0,2359068097.0,0.13663276333985364,38029421.0,35463155.0,0.07236428907693071,positive,23204G100
CUE,2026-06-30,2026-03-31,49,56.0,-7.0,-0.125,1,0.0,1.0,,51799664.0,5512725.0,8.39638091869266,1641451.0,23869035.0,-0.9312309441919207,positive,22978P205
CULP,2026-06-30,2026-03-31,35,35.0,0.0,0.0,0,0.0,0.0,,21864012.0,23537228.0,-0.07108806525560274,7052637.0,8590002.0,-0.17897143679361194,neutral,230215105
CURI,2026-06-30,2026-03-31,105,105.0,0.0,0.0,0,0.0,0.0,,44122824.0,54475011.0,-0.19003551922183182,18735315.0,20709230.0,-0.09531571188305887,neutral,23130Q107
CURR,2026-06-30,2026-03-31,11,12.0,-1.0,-0.08333333333333337,0,0.0,0.0,,2757450.0,2609772.0,0.056586552388484535,1021364.0,996107.0,0.02535570977816648,neutral,G47862100
CURV,2026-06-30,2026-03-31,92,82.0,10.0,0.12195121951219523,2,2.0,0.0,0.0,161022071.0,150912716.0,0.06698809264025174,90262440.0,86702248.0,0.041062280184476885,neutral,89142B107
CURX,2026-06-30,2026-03-31,11,8.0,3.0,0.375,0,0.0,0.0,,75030.0,167578.0,-0.5522681974960914,334109.0,327761.0,0.0193677710282798,neutral,23126K106
CV,2026-06-30,2026-03-31,52,51.0,1.0,0.019607843137254832,1,1.0,0.0,0.0,39006631.0,36640140.0,0.06458738967700461,5177966.0,5031460.0,0.029117989609377837,neutral,140935107
CVE,2026-06-30,2026-03-31,491,465.0,26.0,0.05591397849462365,118,123.0,-5.0,-0.04065040650406504,22662993725.0,26214755252.0,-0.13548711375930267,926643760.0,1011564307.0,-0.08394972658915689,negative,15135U109
CVEO,2026-06-30,2026-03-31,97,65.0,32.0,0.49230769230769234,8,6.0,2.0,0.33333333333333326,327562455.0,234125134.0,0.39909137222319746,9484240.0,8978818.0,0.056290482778468265,positive,17878Y207
CVI,2026-06-30,2026-03-31,225,218.0,7.0,0.032110091743119185,25,25.0,0.0,0.0,2876842345.0,3462960940.0,-0.16925359689445418,105571530.0,103126598.0,0.023708064140737006,neutral,12662P108
CVKD,2026-06-30,2026-03-31,20,20.0,0.0,0.0,0,0.0,0.0,,283147.0,684042.0,-0.5860678145493989,113800.0,136368.0,-0.16549337087879856,neutral,127636207
CVLG,2026-06-30,2026-03-31,185,172.0,13.0,0.07558139534883712,16,8.0,8.0,1.0,613948791.0,369559455.0,0.6612991027384214,16002220.0,15772777.0,0.014546772581645051,positive,22284P105
CVNA,2026-06-30,2026-03-31,815,781.0,34.0,0.0435339308578746,189,190.0,-1.0,-0.0052631578947368585,42497509037.0,43964710715.0,-0.03337225820752221,810069502.0,161006030.0,4.0312991507212494,negative,146869102
CVRX,2026-06-30,2026-03-31,90,99.0,-9.0,-0.09090909090909094,2,3.0,-1.0,-0.33333333333333337,78515865.0,146815470.0,-0.46520714063715496,15330199.0,15633139.0,-0.01937806604291048,negative,126638105
CVS,2026-06-30,2026-03-31,2068,1879.0,189.0,0.10058541777541241,362,309.0,53.0,0.17152103559870557,114352384138.0,83307256180.0,0.3726581498605779,1349587144.0,1210855353.0,0.1145733804258946,positive,126650100
CVSA,2026-06-30,2026-03-31,378,356.0,22.0,0.061797752808988804,46,46.0,0.0,0.0,4155640037.0,3975259882.0,0.04537568872333675,40256827.0,36302582.0,0.1089246213946986,neutral,00737L103
CVX,2026-06-30,2026-03-31,4122,4301.0,-179.0,-0.04161822831899553,714,789.0,-75.0,-0.09505703422053235,245042677626.0,323041738916.0,-0.24145196082628184,1947695945.0,1612622343.0,0.20778181789088612,negative,166764100
CW,2026-06-30,2026-03-31,947,906.0,41.0,0.045253863134657735,200,174.0,26.0,0.14942528735632177,23603209754.0,21232570196.0,0.11165108774474253,72994220.0,32854014.0,1.2217747883104937,positive,231561101
CWBC,2026-06-30,2026-03-31,150,127.0,23.0,0.1811023622047243,10,5.0,5.0,1.0,427860570.0,278495642.0,0.5363277031099827,16034927.0,12100675.0,0.32512665615761094,positive,203937107
CWD,2026-06-30,2026-03-31,17,16.0,1.0,0.0625,0,0.0,0.0,,169193.0,273487.0,-0.3813490220741754,305334.0,237991.0,0.282964481850154,neutral,13000T604
CWEN,2026-06-30,2026-03-31,486,483.0,3.0,0.006211180124223503,44,55.0,-11.0,-0.19999999999999996,3728175219.0,4264463647.0,-0.12575753304340453,115002007.0,111443955.0,0.031926828153218345,negative,18539C204
CWK,2026-06-30,2026-03-31,311,328.0,-17.0,-0.05182926829268297,46,47.0,-1.0,-0.021276595744680882,3035410495.0,2758616591.0,0.10033793927834744,233491631.0,229837987.0,0.015896606334269814,negative,G2717C106
CXAI,2026-06-30,2026-03-31,41,39.0,2.0,0.05128205128205132,0,0.0,0.0,,2015049.0,536070.0,2.7589288712295037,12391650.0,3112461.0,2.981302898253183,neutral,23248B109
CXDO,2026-06-30,2026-03-31,129,109.0,20.0,0.1834862385321101,0,0.0,0.0,,92434661.0,65936341.0,0.40187731982276653,13093078.0,11016034.0,0.18854734834696396,neutral,226552107
CXM,2026-06-30,2026-03-31,267,280.0,-13.0,-0.046428571428571375,17,19.0,-2.0,-0.10526315789473684,662397930.0,884425062.0,-0.2510412035338727,133355703.0,158281587.0,-0.15747810261720463,negative,85208T107
CXT,2026-06-30,2026-03-31,356,356.0,0.0,0.0,51,43.0,8.0,0.18604651162790709,3085088467.0,2285754167.0,0.34970265461622585,65402107.0,57749849.0,0.13250697850309523,positive,224441105
CXW,2026-06-30,2026-03-31,281,245.0,36.0,0.14693877551020407,36,26.0,10.0,0.3846153846153846,2567935454.0,1640193832.0,0.5656292591155165,88585955.0,91314055.0,-0.029876014157951936,positive,21871N101
CYCU,2026-06-30,2026-03-31,29,29.0,0.0,0.0,0,0.0,0.0,,412161.0,657420.0,-0.373062882175778,5338347.0,5186039.0,0.0293688497136253,neutral,95758L115
CYH,2026-06-30,2026-03-31,182,176.0,6.0,0.03409090909090917,11,6.0,5.0,0.8333333333333333,393574505.0,331157512.0,0.18848128379464324,120967263.0,114112080.0,0.06007412186334693,positive,203668108
CYN,2026-06-30,2026-03-31,22,21.0,1.0,0.04761904761904767,0,0.0,0.0,,2232287.0,2203566.0,0.013033873276316665,1626848.0,1383546.0,0.17585392896224628,neutral,23257B305
CYPH,2026-06-30,2026-03-31,47,42.0,5.0,0.11904761904761907,0,0.0,0.0,,8924241.0,7512800.0,0.18787149930784786,14664426.0,9153594.0,0.6020402477977502,neutral,52187K200
CYTK,2026-06-30,2026-03-31,485,442.0,43.0,0.09728506787330327,121,96.0,25.0,0.26041666666666674,11969134018.0,8851462445.0,0.3522210699499839,174065690.0,154807934.0,0.12439773274152732,positive,23282W605
CZFS,2026-06-30,2026-03-31,90,87.0,3.0,0.034482758620689724,2,2.0,0.0,0.0,109468791.0,98007641.0,0.11694139235531642,1530023.0,1610548.0,-0.04999850982398535,neutral,174615104
D,2026-06-30,2026-03-31,1551,1488.0,63.0,0.04233870967741926,207,182.0,25.0,0.13736263736263732,48050199821.0,45884778349.0,0.04719258869531395,792359761.0,760550622.0,0.041823828789137485,positive,25746U109
DAAQ,2026-06-30,2026-03-31,59,59.0,0.0,0.0,3,2.0,1.0,0.5,176494190.0,171310130.0,0.030261257755160198,25544816.0,24848217.0,0.028034164382901183,positive,G2868C103
DAC,2026-06-30,2026-03-31,0,1.0,-1.0,-1.0,0,1.0,-1.0,-1.0,0.0,11883313.0,-1.0,0.0,163359.0,-1.0,negative,
DAIC,2026-06-30,2026-03-31,14,30.0,-16.0,-0.5333333333333333,0,0.0,0.0,,152045.0,432222.0,-0.6482247548713393,87346.0,2599790.0,-0.9664026709849641,neutral,171756208
DAIO,2026-06-30,2026-03-31,35,29.0,6.0,0.2068965517241379,0,0.0,0.0,,11735427.0,7683980.0,0.5272589205073412,3107594.0,3191750.0,-0.0263667267173181,neutral,237690102
DAL,2026-06-30,2026-03-31,1517,1345.0,172.0,0.12788104089219332,213,179.0,34.0,0.1899441340782122,53633880720.0,40745137036.0,0.31632593780730844,605010293.0,629715683.0,-0.039232610314391625,positive,247361702
DAN,2026-06-30,2026-03-31,342,336.0,6.0,0.017857142857142794,49,47.0,2.0,0.042553191489361764,2926490439.0,3719027299.0,-0.21310326498896726,112725483.0,112964315.0,-0.002114225186953922,positive,235825205
DAR,2026-06-30,2026-03-31,615,613.0,2.0,0.0032626427406199365,115,119.0,-4.0,-0.03361344537815125,9027362634.0,10294442789.0,-0.12308389885404214,179339321.0,171119558.0,0.04803520471926426,negative,237266101
DARE,2026-06-30,2026-03-31,28,26.0,2.0,0.07692307692307687,0,0.0,0.0,,2639289.0,2688662.0,-0.018363409011619924,1301754.0,1487127.0,-0.12465176141647616,neutral,23666P200
DASH,2026-06-30,2026-03-31,1048,1018.0,30.0,0.02946954813359537,263,249.0,14.0,0.05622489959839361,66919953238.0,56629982082.0,0.1817053577926293,491788791.0,399576707.0,0.23077442299458162,positive,25809K105
DB,2026-06-30,2026-03-31,1,,,,0,,,,877596.0,,,7409.0,,,unavailable,G2352C841
DBD,2026-06-30,2026-03-31,217,201.0,16.0,0.07960199004975133,36,32.0,4.0,0.125,3242233512.0,2748638023.0,0.17957820741389052,41102105.0,37184069.0,0.10536867280447448,positive,253651202
DBGI,2026-06-30,2026-03-31,34,29.0,5.0,0.17241379310344818,0,0.0,0.0,,1848125.0,2218500.0,-0.1669483885508226,2515123.0,1282034.0,0.9618223853657548,neutral,25401N507
DBI,2026-06-30,2026-03-31,136,138.0,-2.0,-0.01449275362318836,4,6.0,-2.0,-0.33333333333333337,218108663.0,222820597.0,-0.021146761401056646,37650430.0,39232317.0,-0.040321019021129945,negative,250565108
DBRG,2026-06-30,2026-03-31,288,305.0,-17.0,-0.05573770491803276,49,46.0,3.0,0.0652173913043479,2827994591.0,2801315092.0,0.009523919346378085,189527679.0,192612358.0,-0.01601495891556448,positive,25401T603
DBX,2026-06-30,2026-03-31,455,428.0,27.0,0.06308411214953269,55,52.0,3.0,0.05769230769230771,4408287446.0,3848971446.0,0.14531570520775428,189580410.0,193394416.0,-0.019721386371362448,positive,26210C104
DCBO,2026-06-30,2026-03-31,59,67.0,-8.0,-0.11940298507462688,2,3.0,-1.0,-0.33333333333333337,60648588.0,75239601.0,-0.19392730431943683,5085380.0,5915405.0,-0.1403158363628526,negative,25609L105
DCGO,2026-06-30,2026-03-31,120,123.0,-3.0,-0.024390243902439046,0,0.0,0.0,,20285040.0,31743003.0,-0.3609602720952394,42122194.0,51114113.0,-0.175918517846529,neutral,256086109
DCH,2026-06-30,2026-03-31,309,298.0,11.0,0.03691275167785224,32,36.0,-4.0,-0.11111111111111116,1335392521.0,1581103986.0,-0.15540500003520963,249333173.0,268952867.0,-0.07294844713441928,negative,024061103
DCI,2026-06-30,2026-03-31,631,611.0,20.0,0.032733224222585955,95,85.0,10.0,0.11764705882352944,9366654014.0,8935874787.0,0.048207840560467785,118395597.0,107820624.0,0.09807931551203053,positive,257651109
DCOY,2026-06-30,2026-03-31,4,4.0,0.0,0.0,0,0.0,0.0,,31039.0,10509.0,1.9535636121419735,4317.0,1609.0,1.6830329397141082,neutral,79400X602
DCTH,2026-06-30,2026-03-31,121,121.0,0.0,0.0,4,3.0,1.0,0.33333333333333326,218773774.0,163631488.0,0.33699067749111955,17522387.0,17828018.0,-0.017143296579574918,positive,24661P807
DD,2026-06-30,2026-03-31,1125,1238.0,-113.0,-0.09127625201938616,134,133.0,1.0,0.007518796992481258,13133999201.0,15401459463.0,-0.1472237269102502,139620566.0,348633655.0,-0.5995206888445695,positive,26614N201
DDD,2026-06-30,2026-03-31,212,199.0,13.0,0.0653266331658291,9,4.0,5.0,1.25,349072995.0,174682253.0,0.9983311928086935,119564090.0,93615203.0,0.27718667661277197,positive,88554D205
DDOG,2026-06-30,2026-03-31,1278,1059.0,219.0,0.20679886685552407,330,225.0,105.0,0.46666666666666656,74516773018.0,35419623722.0,1.1038273473163915,428808539.0,318133266.0,0.3478896576631505,positive,23804L103
DE,2026-06-30,2026-03-31,2653,2599.0,54.0,0.02077722200846477,427,405.0,22.0,0.05432098765432092,123961251423.0,113599655040.0,0.0912115127405233,441405604.0,214008403.0,1.0625620200530164,positive,244199105
DEA,2026-06-30,2026-03-31,2,2.0,0.0,0.0,0,0.0,0.0,,291938.0,250953.0,0.16331743394181375,11711.0,11711.0,0.0,neutral,27616P103
DEC,2026-06-30,2026-03-31,186,182.0,4.0,0.0219780219780219,16,22.0,-6.0,-0.2727272727272727,691818898.0,971243959.0,-0.287698119932399,53012931.0,56232664.0,-0.057257344236794516,negative,25520W107
DECK,2026-06-30,2026-03-31,864,868.0,-4.0,-0.004608294930875556,143,140.0,3.0,0.021428571428571352,13114150364.0,14109128550.0,-0.0705201729840359,156859436.0,144141193.0,0.0882346172894517,positive,243537107
DEFT,2026-06-30,2026-03-31,101,106.0,-5.0,-0.047169811320754707,0,0.0,0.0,,16416252.0,15709647.0,0.04497905013397174,31467416.0,28192203.0,0.116174425957418,neutral,244916102
DEI,2026-06-30,2026-03-31,286,265.0,21.0,0.0792452830188679,36,29.0,7.0,0.24137931034482762,2189063917.0,1732968917.0,0.2631870632680251,196672806.0,190215207.0,0.03394891029926961,positive,25960P109
DELL,2026-06-30,2026-03-31,2134,1647.0,487.0,0.29568913175470546,424,265.0,159.0,0.6000000000000001,99386468463.0,42885545603.0,1.3174817310951399,440412649.0,272980866.0,0.6133462225883626,positive,24703L202
DEO,2026-06-30,2026-03-31,4,4.0,0.0,0.0,1,3.0,-2.0,-0.6666666666666667,44662973.0,78802925.0,-0.4332320405619462,3979092.0,5403127.0,-0.2635575658317859,negative,G42089113
DFDV,2026-06-30,2026-03-31,56,54.0,2.0,0.03703703703703698,0,0.0,0.0,,13296876.0,18510585.0,-0.2816609523686042,5782217.0,6874517.0,-0.15889116282642113,neutral,47100L301
DFH,2026-06-30,2026-03-31,206,193.0,13.0,0.06735751295336789,11,9.0,2.0,0.22222222222222232,537904596.0,447649864.0,0.20161903143122584,32092502.0,32566806.0,-0.014564031855012094,positive,26154D100
DFLI,2026-06-30,2026-03-31,10,12.0,-2.0,-0.16666666666666663,0,0.0,0.0,,63286.0,60936.0,0.03856505185768677,1619447.0,1657449.0,-0.02292800562792585,neutral,26145B114
DFNS,2026-06-30,2026-03-31,29,30.0,-1.0,-0.033333333333333326,0,0.0,0.0,,1170563.0,2325255.0,-0.49658725602138265,5947350.0,3066760.0,0.9392942388709908,neutral,67054R203
DFSC,2026-06-30,2026-03-31,7,4.0,3.0,0.75,0,0.0,0.0,,634206.0,2254.0,280.3691215616681,251241.0,15658.0,15.045535828330564,neutral,244778106
DFTX,2026-06-30,2026-03-31,361,248.0,113.0,0.4556451612903225,67,39.0,28.0,0.7179487179487178,5163172056.0,1545155292.0,2.341523070679164,121995920.0,81990266.0,0.48793175033728997,positive,24477V105
DG,2026-06-30,2026-03-31,1,1.0,0.0,0.0,0,0.0,0.0,,22.0,22.0,0.0,1.0,1.0,0.0,neutral,256669102
DGICA,2026-06-30,2026-03-31,154,156.0,-2.0,-0.012820512820512775,4,3.0,1.0,0.33333333333333326,239829981.0,224568886.0,0.06795729930280725,14012427.0,13999801.0,0.0009018699622944659,positive,257701201
DGICB,2026-06-30,2026-03-31,11,12.0,-1.0,-0.08333333333333337,0,0.0,0.0,,9201936.0,5643387.0,0.6305697270096842,435246.0,331743.0,0.31199754026460247,neutral,257701300
DGNX,2026-06-30,2026-03-31,29,28.0,1.0,0.03571428571428581,0,0.0,0.0,,786643.0,1158520.0,-0.3209931636916066,529689.0,2444905.0,-0.7833498643096561,neutral,G28687112
DGX,2026-06-30,2026-03-31,1108,1071.0,37.0,0.03454715219421112,160,141.0,19.0,0.13475177304964547,20673807365.0,20311538249.0,0.01783563172611191,143102712.0,113061352.0,0.26570848011794523,positive,74834L100
DH,2026-06-30,2026-03-31,103,121.0,-18.0,-0.14876033057851235,1,1.0,0.0,0.0,72885879.0,109410510.0,-0.33383110086956,88705990.0,89373887.0,-0.007473066489767866,neutral,24477E103
DHT,2026-06-30,2026-03-31,309,290.0,19.0,0.06551724137931036,30,41.0,-11.0,-0.2682926829268293,2037931492.0,2270058944.0,-0.10225613419137725,128721762.0,130693037.0,-0.015083244258835338,negative,Y2065G121
DHX,2026-06-30,2026-03-31,79,65.0,14.0,0.21538461538461529,3,1.0,2.0,2.0,96801386.0,73203353.0,0.3223627338490902,30900792.0,31148887.0,-0.007964811070135469,positive,23331S100
DIBS,2026-06-30,2026-03-31,89,85.0,4.0,0.04705882352941182,0,2.0,-2.0,-1.0,59598199.0,82127883.0,-0.2743244215852977,13266005.0,15705184.0,-0.15531043762365349,negative,320551104
DIN,2026-06-30,2026-03-31,152,142.0,10.0,0.07042253521126751,16,7.0,9.0,1.2857142857142856,434638374.0,294812780.0,0.4742860672457958,13141356.0,12094247.0,0.08657909831013044,positive,254423106
DINO,2026-06-30,2026-03-31,687,654.0,33.0,0.050458715596330306,106,100.0,6.0,0.06000000000000005,10741457250.0,9332148895.0,0.1510164883626195,173943026.0,156601780.0,0.11073466725601722,positive,403949100
DIOD,2026-06-30,2026-03-31,398,338.0,60.0,0.1775147928994083,57,45.0,12.0,0.2666666666666666,4913071010.0,3201959719.0,0.5343950084214035,61365966.0,47905454.0,0.28098078352414735,positive,254543101
DIS,2026-06-30,2026-03-31,2,2.0,0.0,0.0,0,0.0,0.0,,26377.0,68434.0,-0.6145629365520063,275.0,711.0,-0.6132208157524613,neutral,25468710R
DJCO,2026-06-30,2026-03-31,134,137.0,-3.0,-0.021897810218978075,11,11.0,0.0,0.0,646093029.0,541972263.0,0.19211456583341802,2055541.0,1143496.0,0.7975935202221958,neutral,233912104
DK,2026-06-30,2026-03-31,1,1.0,0.0,0.0,0,0.0,0.0,,26.0,26.0,0.0,1.0,1.0,0.0,neutral,246647101
DKI,2026-06-30,2026-03-31,2,5.0,-3.0,-0.6,0,0.0,0.0,,71865.0,69173.0,0.038916918450840665,14787.0,236513.0,-0.9374791237690951,neutral,G2657S111
DKNG,2026-06-30,2026-03-31,696,711.0,-15.0,-0.021097046413502074,99,89.0,10.0,0.1123595505617978,10358191337.0,8717680603.0,0.18818201867082096,425801580.0,415243559.0,0.025426092160047098,positive,26142V105
DKS,2026-06-30,2026-03-31,788,742.0,46.0,0.06199460916442057,112,99.0,13.0,0.13131313131313127,15430785000.0,13280799499.0,0.16188675246259732,85600183.0,68807659.0,0.24405021539825955,positive,253393102
DLB,2026-06-30,2026-03-31,394,420.0,-26.0,-0.06190476190476191,49,50.0,-1.0,-0.020000000000000018,3170324418.0,3570322811.0,-0.11203423728734652,66497101.0,61955266.0,0.07330829634401059,negative,25659T107
DLO,2026-06-30,2026-03-31,166,155.0,11.0,0.07096774193548394,24,24.0,0.0,0.0,1524157953.0,1409717633.0,0.08117960456837103,117874041.0,110031615.0,0.07127429693729392,neutral,G29018101
DLTR,2026-06-30,2026-03-31,865,859.0,6.0,0.006984866123399325,154,143.0,11.0,0.07692307692307687,22606633647.0,22412232604.0,0.008673881198488997,233075187.0,222201906.0,0.048934238214860315,positive,256746108
DMAC,2026-06-30,2026-03-31,91,98.0,-7.0,-0.0714285714285714,2,2.0,0.0,0.0,87758366.0,81077163.0,0.0824054857469545,12573118.0,12061373.0,0.04242842004803271,neutral,25253X207
DMRA,2026-06-30,2026-03-31,106,65.0,41.0,0.6307692307692307,27,24.0,3.0,0.125,1686569951.0,1547884208.0,0.0895969752021657,66117587.0,59826249.0,0.10516016138668505,positive,36322Q206
DMRC,2026-06-30,2026-03-31,104,103.0,1.0,0.009708737864077666,1,0.0,1.0,,96208769.0,59912847.0,0.6058120055620124,14612125.0,14433323.0,0.012388138199360021,positive,25382K100
DNA,2026-06-30,2026-03-31,184,175.0,9.0,0.05142857142857138,9,7.0,2.0,0.2857142857142858,362783814.0,208846294.0,0.7370852364753957,37501901.0,34518066.0,0.08644270510404617,positive,37611X209
DNLI,2026-06-30,2026-03-31,294,269.0,25.0,0.09293680297397766,47,47.0,0.0,0.0,3540366892.0,2831839470.0,0.2502004190230458,162039608.0,159345787.0,0.01690550500717025,neutral,24823R105
DNOW,2026-06-30,2026-03-31,303,321.0,-18.0,-0.05607476635514019,44,42.0,2.0,0.04761904761904767,2495224792.0,2329867022.0,0.07097305058125336,200250782.0,202184939.0,-0.00956627634860574,positive,67011P100
DNUT,2026-06-30,2026-03-31,184,177.0,7.0,0.039548022598870025,7,7.0,0.0,0.0,281748138.0,274457941.0,0.026562164583170178,83471283.0,83366059.0,0.001262192326975553,neutral,50101L106
DOC,2026-06-30,2026-03-31,760,760.0,0.0,0.0,117,95.0,22.0,0.2315789473684211,14119188270.0,11759777736.0,0.20063393943043484,691467755.0,732711069.0,-0.05628864602289774,positive,42250P103
DOCS,2026-06-30,2026-03-31,360,427.0,-67.0,-0.15690866510538637,52,53.0,-1.0,-0.018867924528301883,2609821529.0,3075602441.0,-0.1514437970885978,131862092.0,136033050.0,-0.03066135766271505,negative,26622P107
DOCU,2026-06-30,2026-03-31,675,709.0,-34.0,-0.04795486600846266,88,92.0,-4.0,-0.04347826086956519,7748784973.0,8759193787.0,-0.11535408835224115,188967438.0,193485108.0,-0.023348928745461905,negative,256163106
DOLE,2026-06-30,2026-03-31,214,217.0,-3.0,-0.01382488479262678,22,22.0,0.0,0.0,933611529.0,959048041.0,-0.026522667178880188,70297117.0,69917010.0,0.00543654541291172,neutral,G27907107
DOMH,2026-06-30,2026-03-31,30,30.0,0.0,0.0,0,0.0,0.0,,6315847.0,6150671.0,0.026854956150312637,2087322.0,1931988.0,0.08040112050385395,neutral,008875304
DOMO,2026-06-30,2026-03-31,110,129.0,-19.0,-0.1472868217054264,2,2.0,0.0,0.0,75858215.0,90587110.0,-0.1625937178037803,26202601.0,31433693.0,-0.16641671724668172,neutral,257554105
DOUG,2026-06-30,2026-03-31,133,132.0,1.0,0.007575757575757569,0,2.0,-2.0,-1.0,85116497.0,89162861.0,-0.045381720086348554,48471306.0,54617557.0,-0.11253251404122666,negative,25961D105
DOV,2026-06-30,2026-03-31,1168,1133.0,35.0,0.030891438658428916,185,179.0,6.0,0.033519553072625774,27374027047.0,27505544027.0,-0.004781471686976957,164904640.0,135355624.0,0.21830652563058628,positive,260003108
DOX,2026-06-30,2026-03-31,450,477.0,-27.0,-0.05660377358490565,69,83.0,-14.0,-0.1686746987951807,4741340502.0,6100543210.0,-0.22280027551841564,106198946.0,105389352.0,0.007681933560043097,negative,G02602103
DPRO,2026-06-30,2026-03-31,64,70.0,-6.0,-0.08571428571428574,0,0.0,0.0,,22218708.0,26781104.0,-0.170358772364276,4128414.0,5563497.0,-0.25794621620178815,neutral,26142Q304
DPZ,2026-06-30,2026-03-31,737,800.0,-63.0,-0.07874999999999999,103,120.0,-17.0,-0.14166666666666672,10622162762.0,12736082463.0,-0.16597880134187382,52013252.0,38261292.0,0.3594222589242413,negative,25754A201
DRCT,2026-06-30,2026-03-31,7,9.0,-2.0,-0.2222222222222222,0,0.0,0.0,,20654.0,145426.0,-0.8579758777660116,7621.0,179537.0,-0.9575519252298968,neutral,25461T303
DRH,2026-06-30,2026-03-31,323,300.0,23.0,0.07666666666666666,42,37.0,5.0,0.1351351351351351,2704497991.0,2058120031.0,0.3140623239966902,240863227.0,239737536.0,0.0046955141809750245,positive,252784301
DRI,2026-06-30,2026-03-31,1084,1035.0,49.0,0.047342995169082025,150,134.0,16.0,0.11940298507462677,23511507829.0,23164873965.0,0.014963770773099405,152041126.0,120484170.0,0.26191786024670294,positive,237194105
DRIO,2026-06-30,2026-03-31,22,21.0,1.0,0.04761904761904767,0,0.0,0.0,,9685115.0,7286223.0,0.3292366978062571,1467458.0,908547.0,0.6151701563045171,neutral,23725P308
DRMA,2026-06-30,2026-03-31,15,8.0,7.0,0.875,0,0.0,0.0,,173540.0,143393.0,0.21024038830347358,147346.0,119796.0,0.2299742896256971,neutral,249845504
DRS,2026-06-30,2026-03-31,381,344.0,37.0,0.10755813953488369,41,45.0,-4.0,-0.0888888888888889,2813468934.0,2940909817.0,-0.04333382896113469,75553311.0,72606894.0,0.04058040273696317,negative,52661A108
DRTS,2026-06-30,2026-03-31,75,53.0,22.0,0.4150943396226414,2,0.0,2.0,,100135960.0,29379440.0,2.4083685733969062,8002214.0,4110161.0,0.946934438821253,positive,M0740A108
DRUG,2026-06-30,2026-03-31,102,94.0,8.0,0.0851063829787233,15,15.0,0.0,0.0,654629598.0,842964683.0,-0.22341989978718957,9336365.0,11565969.0,-0.19277278021409183,neutral,10919W405
DSGN,2026-06-30,2026-03-31,139,125.0,14.0,0.1120000000000001,19,11.0,8.0,0.7272727272727273,622935351.0,439651449.0,0.4168845625708377,43639268.0,42162888.0,0.03501610231253616,positive,25056L103
DSX,2026-06-30,2026-03-31,83,77.0,6.0,0.07792207792207795,0,0.0,0.0,,44515766.0,45861808.0,-0.029349954977788917,22844814.0,19361337.0,0.17991923801543241,neutral,Y2066G104
DT,2026-06-30,2026-03-31,596,583.0,13.0,0.022298456260720467,115,102.0,13.0,0.12745098039215685,13267609350.0,11465504259.0,0.15717626109513794,322335727.0,317665710.0,0.014701042174177337,positive,268150109
DTCX,2026-06-30,2026-03-31,27,25.0,2.0,0.08000000000000007,0,0.0,0.0,,4868038.0,11817114.0,-0.5880518712098403,2734329.0,5524422.0,-0.5050470438355361,neutral,256918103
DTE,2026-06-30,2026-03-31,1036,991.0,45.0,0.04540867810292637,148,142.0,6.0,0.04225352112676051,25636459046.0,27126701028.0,-0.05493635147384057,208996673.0,189473210.0,0.10304075705478355,positive,233331107
DTIL,2026-06-30,2026-03-31,97,78.0,19.0,0.2435897435897436,5,4.0,1.0,0.25,148445280.0,92905353.0,0.5978119151003065,19236684.0,17065986.0,0.1271944088082575,positive,74019P207
DTM,2026-06-30,2026-03-31,712,688.0,24.0,0.03488372093023262,98,96.0,2.0,0.02083333333333326,12672404876.0,11661141573.0,0.08672078086603974,107887676.0,91320830.0,0.18141365995030934,positive,23345M107
DTSQ,2026-06-30,2026-03-31,12,13.0,-1.0,-0.07692307692307687,0,0.0,0.0,,17727046.0,13645715.0,0.2990924990006021,1587238.0,1234291.0,0.2859512059959928,neutral,G2853N106
DTST,2026-06-30,2026-03-31,17,22.0,-5.0,-0.2272727272727273,0,0.0,0.0,,470610.0,958311.0,-0.5089172512889866,147369.0,520781.0,-0.7170230864797296,neutral,23786R201
DUK,2026-06-30,2026-03-31,2488,2488.0,0.0,0.0,315,309.0,6.0,0.01941747572815533,69931548066.0,77022774402.0,-0.09206661784200632,671919295.0,602403006.0,0.11539831028001202,positive,26441C204
DUO,2026-06-30,2026-03-31,9,4.0,5.0,1.25,0,0.0,0.0,,105149.0,30510.0,2.4463782366437234,193382.0,27735.0,5.972489634036416,neutral,G33147128
DUOL,2026-06-30,2026-03-31,435,373.0,62.0,0.16621983914209126,53,44.0,9.0,0.20454545454545459,4636797872.0,3907133247.0,0.18675191729390228,45558659.0,40590446.0,0.12239858118336522,positive,26603R106
DUOT,2026-06-30,2026-03-31,98,69.0,29.0,0.42028985507246386,8,3.0,5.0,1.6666666666666665,223134884.0,108155696.0,1.06308952974608,18636658.0,15817193.0,0.1782531831027161,positive,266042407
DVA,2026-06-30,2026-03-31,634,585.0,49.0,0.08376068376068369,75,57.0,18.0,0.3157894736842106,12756405653.0,9596002326.0,0.32934582752621977,68198320.0,64827957.0,0.05198934465881755,positive,23918K108
DVLT,2026-06-30,2026-03-31,97,96.0,1.0,0.01041666666666674,0,1.0,-1.0,-1.0,20235391.0,32306487.0,-0.37364310146132573,58107195.0,52519111.0,0.10640096326078319,negative,86633R609
DWTX,2026-06-30,2026-03-31,16,13.0,3.0,0.23076923076923084,0,0.0,0.0,,6165867.0,7916562.0,-0.2211433448004323,3829726.0,3751924.0,0.020736560761891676,neutral,92829J203
DXC,2026-06-30,2026-03-31,437,443.0,-6.0,-0.013544018058690765,31,34.0,-3.0,-0.08823529411764708,1547026812.0,2108240395.0,-0.2661999951860329,186132048.0,175495550.0,0.06060836300407613,negative,23355L106
DXCM,2026-06-30,2026-03-31,974,964.0,10.0,0.010373443983402453,196,179.0,17.0,0.0949720670391061,25496885710.0,24853513946.0,0.02588655131012363,430257182.0,406691553.0,0.05794472205327561,positive,252131107
DXLG,2026-06-30,2026-03-31,48,58.0,-10.0,-0.1724137931034483,0,0.0,0.0,,25545204.0,18925127.0,0.3498035706708864,39138811.0,37123111.0,0.05429771227955538,neutral,25065K104
DXPE,2026-06-30,2026-03-31,255,234.0,21.0,0.08974358974358965,29,24.0,5.0,0.20833333333333326,2007473414.0,1699179942.0,0.18143662385581516,14556250.0,12284321.0,0.18494542759017785,positive,233377407
DXYZ,2026-06-30,2026-03-31,155,133.0,22.0,0.16541353383458657,3,0.0,3.0,,166697599.0,60422027.0,1.758887896958505,7190804.0,2351743.0,2.057648731175133,positive,25063F107
DYN,2026-06-30,2026-03-31,248,229.0,19.0,0.08296943231441056,50,49.0,1.0,0.020408163265306145,3551669790.0,3302603981.0,0.07541497873583536,198109983.0,216069110.0,-0.08311751272544232,positive,26818M108
E,2026-06-30,2026-03-31,352,341.0,11.0,0.032258064516129004,19,23.0,-4.0,-0.17391304347826086,1087698077.0,1370318805.0,-0.20624450818946471,28821303.0,30974528.0,-0.06951599068757397,negative,26874R108
EAF,2026-06-30,2026-03-31,1,1.0,0.0,0.0,0,0.0,0.0,,5.0,5.0,0.0,1.0,1.0,0.0,neutral,384313102
EBAY,2026-06-30,2026-03-31,1291,1247.0,44.0,0.035284683239775516,227,213.0,14.0,0.06572769953051649,44199871767.0,39662951764.0,0.11438684720177394,490561042.0,458049728.0,0.07097769524273145,positive,278642103
EBC,2026-06-30,2026-03-31,328,300.0,28.0,0.09333333333333327,46,40.0,6.0,0.1499999999999999,4068998981.0,3214678738.0,0.2657560249804347,202636517.0,178770877.0,0.13349847805467774,positive,27627N105
EBF,2026-06-30,2026-03-31,166,167.0,-1.0,-0.005988023952095856,16,15.0,1.0,0.06666666666666665,470302856.0,469816954.0,0.0010342368359912424,22725887.0,22758791.0,-0.0014457709989954548,positive,293389102
EBMT,2026-06-30,2026-03-31,105,94.0,11.0,0.11702127659574457,1,3.0,-2.0,-0.6666666666666667,100446070.0,92723916.0,0.08328114615003956,4379466.0,4593946.0,-0.04668753180816665,negative,26942G100
EBS,2026-06-30,2026-03-31,196,190.0,6.0,0.03157894736842115,8,7.0,1.0,0.1428571428571428,360484981.0,355175953.0,0.014947599788660337,45895432.0,45830627.0,0.0014140107662066193,positive,29089Q105
ECL,2026-06-30,2026-03-31,1711,1703.0,8.0,0.004697592483851931,346,329.0,17.0,0.05167173252279644,62786772380.0,63498039900.0,-0.011201409069006574,365445209.0,244018967.0,0.49760985177844796,positive,278865100
ECOR,2026-06-30,2026-03-31,32,30.0,2.0,0.06666666666666665,0,0.0,0.0,,8950851.0,6121361.0,0.4622321735313437,1037419.0,1010710.0,0.0264259777779976,neutral,28531P202
ECVT,2026-06-30,2026-03-31,211,198.0,13.0,0.06565656565656575,31,36.0,-5.0,-0.13888888888888884,1373260625.0,1594576219.0,-0.1387927346231168,113257114.0,125787176.0,-0.0996131910935022,negative,27923Q109
ECX,2026-06-30,2026-03-31,39,39.0,0.0,0.0,0,0.0,0.0,,21927249.0,15997700.0,0.3706500934509336,17570801.0,17001702.0,0.0334730605206468,neutral,G29201103
ED,2026-06-30,2026-03-31,1432,1426.0,6.0,0.004207573632538653,187,202.0,-15.0,-0.07425742574257421,30429057027.0,31475694097.0,-0.03325223160367918,373180147.0,289199100.0,0.29039179928291614,negative,209115104
EDBL,2026-06-30,2026-03-31,12,11.0,1.0,0.09090909090909083,0,0.0,0.0,,37225.0,41412.0,-0.10110595962522939,693184.0,180478.0,2.840822704152307,neutral,28059P501
EDIT,2026-06-30,2026-03-31,216,209.0,7.0,0.03349282296650724,12,2.0,10.0,5.0,386434119.0,135116658.0,1.8600035311708196,121264266.0,56360603.0,1.151578576971577,positive,28106W103
EDRY,2026-06-30,2026-03-31,13,8.0,5.0,0.625,0,0.0,0.0,,3339852.0,1587513.0,1.1038265513416268,153630.0,80586.0,0.9064105427741791,neutral,Y23508107
EDSA,2026-06-30,2026-03-31,34,28.0,6.0,0.2142857142857142,0,0.0,0.0,,32939639.0,17085105.0,0.9279740452282852,4210999.0,3292926.0,0.27880158861753945,neutral,27966L306
EDU,2026-06-30,2026-03-31,1,1.0,0.0,0.0,0,0.0,0.0,,1465.0,2766391.0,-0.9994704291620382,320172.0,411717.0,-0.22234933218691477,neutral,00BN4MKV3
EE,2026-06-30,2026-03-31,224,220.0,4.0,0.018181818181818077,27,25.0,2.0,0.08000000000000007,1257055379.0,1137015798.0,0.10557424198603793,34278679.0,34160210.0,0.003468040740967293,positive,30069T101
EEFT,2026-06-30,2026-03-31,364,358.0,6.0,0.016759776536312776,45,47.0,-2.0,-0.04255319148936165,2685669815.0,2908670818.0,-0.07666766607619602,42170349.0,48297053.0,-0.126854613675911,negative,298736109
EFC,2026-06-30,2026-03-31,249,237.0,12.0,0.05063291139240511,20,14.0,6.0,0.4285714285714286,888107966.0,783159905.0,0.134005916709947,68094071.0,67967692.0,0.0018593981387509118,positive,28852N109
EFSI,2026-06-30,2026-03-31,82,75.0,7.0,0.09333333333333327,3,2.0,1.0,0.5,99686277.0,94064693.0,0.059762954842153215,2456784.0,2682128.0,-0.08401687018665771,positive,26951R104
EFX,2026-06-30,2026-03-31,836,879.0,-43.0,-0.04891922639362911,134,137.0,-3.0,-0.021897810218978075,18554581969.0,21736681175.0,-0.1463930569888391,151884826.0,129054911.0,0.17690078450404734,negative,294429105
EFXT,2026-06-30,2026-03-31,1,1.0,0.0,0.0,0,0.0,0.0,,1078693.0,916216.0,0.17733482060998718,43939.0,43939.0,0.0,neutral,29269R956
EG,2026-06-30,2026-03-31,690,672.0,18.0,0.02678571428571419,130,116.0,14.0,0.1206896551724137,13939001380.0,12618879612.0,0.10461481594171174,58032851.0,39639885.0,0.46400149748164,positive,G3223R108
EGAN,2026-06-30,2026-03-31,109,116.0,-7.0,-0.06034482758620685,1,2.0,-1.0,-0.5,85748193.0,113542230.0,-0.24479030401287694,14744382.0,15589538.0,-0.05421302414478224,negative,28225C806
EGHA,2026-06-30,2026-03-31,42,43.0,-1.0,-0.023255813953488413,2,2.0,0.0,0.0,140307810.0,138112523.0,0.015894916350199573,14602697.0,14581640.0,0.001444076249310866,neutral,G2946P100
EHC,2026-06-30,2026-03-31,601,584.0,17.0,0.02910958904109595,109,100.0,9.0,0.09000000000000008,8938388246.0,8832538094.0,0.011984114970520654,108334592.0,102071275.0,0.06136219029300838,positive,29261A100
EHGO,2026-06-30,2026-03-31,1,5.0,-4.0,-0.8,0,0.0,0.0,,148.0,57847.0,-0.9974415267861774,114.0,354377.0,-0.9996783086938487,neutral,G3121H111
EHTH,2026-06-30,2026-03-31,105,104.0,1.0,0.009615384615384581,0,0.0,0.0,,30685602.0,24067383.0,0.27498706444319265,21240993.0,18545910.0,0.14531953406438403,neutral,28238P109
EIG,2026-06-30,2026-03-31,226,188.0,38.0,0.2021276595744681,15,13.0,2.0,0.15384615384615374,757869587.0,702643179.0,0.07859808456206485,16556688.0,17366039.0,-0.046605388828160565,positive,292218104
EIX,2026-06-30,2026-03-31,0,1.0,-1.0,-1.0,0,0.0,0.0,,0.0,6255.0,-1.0,0.0,85471.0,-1.0,neutral,
ELAN,2026-06-30,2026-03-31,523,519.0,4.0,0.007707129094412402,88,83.0,5.0,0.06024096385542177,13240343304.0,12667121702.0,0.04525271134874265,586025844.0,572192367.0,0.024176269726436272,positive,28414H103
ELBM,2026-06-30,2026-03-31,30,29.0,1.0,0.034482758620689724,0,0.0,0.0,,9749030.0,15212587.0,-0.3591471325685762,16243045.0,26883202.0,-0.3957920265599314,neutral,28474P706
ELDN,2026-06-30,2026-03-31,162,121.0,41.0,0.33884297520661155,4,5.0,-1.0,-0.19999999999999996,184828974.0,157634621.0,0.17251510377279367,47250369.0,51979910.0,-0.0909878643498998,negative,28617K101
ELE,2026-06-30,2026-03-31,93,64.0,29.0,0.453125,6,6.0,0.0,0.0,212321916.0,157710693.0,0.34627470060004106,13538750.0,9607952.0,0.40911923789794113,neutral,28620K106
ELF,2026-06-30,2026-03-31,433,459.0,-26.0,-0.05664488017429192,55,50.0,5.0,0.10000000000000009,3831523413.0,3636741156.0,0.0535595602339316,57598213.0,62971081.0,-0.0853227849145547,positive,26856L103
ELME,2026-06-30,2026-03-31,159,192.0,-33.0,-0.171875,1,4.0,-3.0,-0.75,97585783.0,157266309.0,-0.37948703940142703,69071794.0,81929384.0,-0.1569350258998652,negative,939653101
ELPW,2026-06-30,2026-03-31,3,3.0,0.0,0.0,0,0.0,0.0,,161466.0,36677.0,3.402377511792131,163925.0,18157.0,8.028198490940133,neutral,G3016G129
ELS,2026-06-30,2026-03-31,480,497.0,-17.0,-0.03420523138832998,101,102.0,-1.0,-0.009803921568627416,11489395529.0,11462234168.0,0.00236963933923362,228931842.0,216669010.0,0.05659707403472236,negative,29472R108
ELTK,2026-06-30,2026-03-31,11,9.0,2.0,0.22222222222222232,0,0.0,0.0,,3907220.0,3332211.0,0.17256080122177142,411286.0,438679.0,-0.06244429297960463,neutral,M40184208
ELTX,2026-06-30,2026-03-31,50,47.0,3.0,0.06382978723404253,0,1.0,-1.0,-1.0,15418657.0,33536520.0,-0.5402427860732122,3955035.0,3158748.0,0.25208943543454554,negative,28657F103
ELUT,2026-06-30,2026-03-31,39,35.0,4.0,0.11428571428571432,0,0.0,0.0,,17352304.0,17014302.0,0.019865757643187543,18134105.0,16263481.0,0.11501990256575456,neutral,05479K106
ELVA,2026-06-30,2026-03-31,93,72.0,21.0,0.29166666666666674,1,1.0,0.0,0.0,144060373.0,98342182.0,0.464888922232781,14504296.0,13850966.0,0.047168551276495885,neutral,28617B606
ELVN,2026-06-30,2026-03-31,217,172.0,45.0,0.2616279069767442,60,44.0,16.0,0.36363636363636354,3913583848.0,2490150775.0,0.571625255502852,83620494.0,64056730.0,0.30541309242604164,positive,29337E102
ELVR,2026-06-30,2026-03-31,76,73.0,3.0,0.041095890410958846,2,2.0,0.0,0.0,125490354.0,61801762.0,1.0305303593124093,1845651.0,1063780.0,0.7349931376788434,neutral,805700101
EMA,2026-06-30,2026-03-31,223,208.0,15.0,0.07211538461538458,63,59.0,4.0,0.06779661016949157,8792428324.0,8779219796.0,0.0015045218489708745,163876695.0,169083777.0,-0.0307958699077322,positive,290876101
EMBC,2026-06-30,2026-03-31,324,342.0,-18.0,-0.052631578947368474,2,15.0,-13.0,-0.8666666666666667,160132895.0,547913947.0,-0.7077407941944577,51806514.0,64839934.0,-0.2010091497008618,negative,29082K105
EMBJ,2026-06-30,2026-03-31,357,356.0,1.0,0.002808988764045006,54,53.0,1.0,0.018867924528301883,4904329924.0,4948923530.0,-0.009010768852999451,77438392.0,84102638.0,-0.07923944074144262,positive,29082A107
EME,2026-06-30,2026-03-31,1247,1163.0,84.0,0.07222699914015474,242,217.0,25.0,0.11520737327188946,33112370685.0,31892725133.0,0.038242124086725005,96623690.0,45126535.0,1.1411723723082217,positive,29084Q100
EML,2026-06-30,2026-03-31,70,75.0,-5.0,-0.06666666666666665,4,3.0,1.0,0.33333333333333326,117558851.0,97685001.0,0.20344832672930013,4456276.0,4931453.0,-0.09635638826933968,positive,276317104
EMPD,2026-06-30,2026-03-31,37,50.0,-13.0,-0.26,1,3.0,-2.0,-0.6666666666666667,60636918.0,92946157.0,-0.34761242468583187,17124846.0,21987727.0,-0.2211634244867603,negative,92864V608
EMR,2026-06-30,2026-03-31,1,1.0,0.0,0.0,0,0.0,0.0,,199379.0,195045.0,0.02222051321489915,200000.0,200000.0,0.0,neutral,291011BU7
ENB,2026-06-30,2026-03-31,1525,1515.0,10.0,0.0066006600660066805,231,225.0,6.0,0.026666666666666616,58119853430.0,59638117412.0,-0.025457946157343092,1079424899.0,1117532715.0,-0.034099955633066226,positive,29250N105
ENGN,2026-06-30,2026-03-31,56,2.0,54.0,27.0,2,0.0,2.0,,66473105.0,2342341.0,27.378918782534225,38491618.0,343956.0,110.90855225668399,positive,29286X101
ENGS,2026-06-30,2026-03-31,14,9.0,5.0,0.5555555555555556,0,0.0,0.0,,2185015.0,418813.0,4.217161358410555,983292.0,374203.0,1.6276967314532484,neutral,G3040B104
ENLT,2026-06-30,2026-03-31,1,1.0,0.0,0.0,0,0.0,0.0,,1649261.0,3166910.0,-0.4792207546156979,18684.0,47776.0,-0.6089249832551908,neutral,676767908
ENLV,2026-06-30,2026-03-31,25,35.0,-10.0,-0.2857142857142857,0,0.0,0.0,,2311776.0,3340178.0,-0.30788838199640856,4247263.0,3648504.0,0.16411082460098725,neutral,M4130Y106
ENOV,2026-06-30,2026-03-31,255,255.0,0.0,0.0,31,34.0,-3.0,-0.08823529411764708,1469125232.0,1584640634.0,-0.07289690767831214,72997737.0,70913760.0,0.029387484177964884,negative,194014502
ENPH,2026-06-30,2026-03-31,538,497.0,41.0,0.08249496981891347,72,62.0,10.0,0.16129032258064524,5994309357.0,4874385938.0,0.2297568213196335,134750886.0,132670701.0,0.015679309631446037,positive,29355A107
ENS,2026-06-30,2026-03-31,553,501.0,52.0,0.10379241516966076,98,78.0,20.0,0.2564102564102564,8221761112.0,6223604821.0,0.32106092023351485,47732848.0,38085211.0,0.25331714717295384,positive,29275Y102
ENSC,2026-06-30,2026-03-31,18,15.0,3.0,0.19999999999999996,0,0.0,0.0,,218098.0,307091.0,-0.28979357910196,904744.0,586530.0,0.5425366136429508,neutral,293602504
ENSG,2026-06-30,2026-03-31,552,576.0,-24.0,-0.04166666666666663,89,99.0,-10.0,-0.101010101010101,8249670029.0,10714879296.0,-0.23007345196322404,64092545.0,57223233.0,0.12004410865775439,negative,29358P101
ENTA,2026-06-30,2026-03-31,124,133.0,-9.0,-0.06766917293233088,9,8.0,1.0,0.125,343045602.0,354638143.0,-0.032688364827130334,27567442.0,31801616.0,-0.13314335975882485,positive,29251M106
ENTG,2026-06-30,2026-03-31,749,647.0,102.0,0.15765069551777433,162,120.0,42.0,0.3500000000000001,26893474046.0,18214732066.0,0.4764682757096341,207662614.0,174054286.0,0.19309106815100208,positive,29362U104
ENTX,2026-06-30,2026-03-31,27,26.0,1.0,0.03846153846153855,1,0.0,1.0,,18768098.0,8889044.0,1.1113741815205325,10728883.0,8077325.0,0.32827179790339,positive,M40527109
ENVB,2026-06-30,2026-03-31,24,11.0,13.0,1.1818181818181817,0,0.0,0.0,,697641.0,106596.0,5.54472025216706,527593.0,54977.0,8.596613129126725,neutral,29405E505
ENVX,2026-06-30,2026-03-31,300,306.0,-6.0,-0.019607843137254943,18,12.0,6.0,0.5,674338613.0,592389608.0,0.13833633118020527,114240338.0,117948771.0,-0.03144104824966765,positive,293594107
EOLS,2026-06-30,2026-03-31,159,147.0,12.0,0.08163265306122458,13,6.0,7.0,1.1666666666666665,398190919.0,203352788.0,0.9581286439013563,57721415.0,49605588.0,0.16360711216647617,positive,30052C107
EOSE,2026-06-30,2026-03-31,351,318.0,33.0,0.10377358490566047,28,23.0,5.0,0.21739130434782616,1351172905.0,1065015762.0,0.26868817646663157,233457377.0,221841031.0,0.05236337907210675,positive,29415C101
EPAC,2026-06-30,2026-03-31,279,256.0,23.0,0.08984375,32,28.0,4.0,0.1428571428571428,1798657488.0,1895318225.0,-0.050999740162367746,54080001.0,54461339.0,-0.007001994570864256,positive,292765104
EPC,2026-06-30,2026-03-31,225,223.0,2.0,0.008968609865470878,25,23.0,2.0,0.08695652173913038,1440028726.0,1162192608.0,0.23906202473454385,56802866.0,56059101.0,0.013267515652810813,positive,28035Q102
EPOW,2026-06-30,2026-03-31,4,7.0,-3.0,-0.4285714285714286,0,0.0,0.0,,57353.0,108885.0,-0.4732699637231942,93993.0,152035.0,-0.38176735620087476,neutral,G3932F114
EPR,2026-06-30,2026-03-31,0,1.0,-1.0,-1.0,0,0.0,0.0,,0.0,24888.0,-1.0,0.0,25000.0,-1.0,neutral,
EPRX,2026-06-30,2026-03-31,67,55.0,12.0,0.21818181818181825,1,3.0,-2.0,-0.6666666666666667,139176197.0,154585703.0,-0.0996826077764772,24777708.0,25529266.0,-0.029439075921728453,negative,29842P105
EPSM,2026-06-30,2026-03-31,8,8.0,0.0,0.0,0,0.0,0.0,,65957.0,27087.0,1.4350057223022112,144991.0,19429.0,6.462607442482886,neutral,G3090S106
EPSN,2026-06-30,2026-03-31,105,103.0,2.0,0.01941747572815533,3,4.0,-1.0,-0.25,113276926.0,137255337.0,-0.17469929784952554,20970215.0,22297619.0,-0.05953119927289097,negative,294375209
EQ,2026-06-30,2026-03-31,61,50.0,11.0,0.21999999999999997,6,3.0,3.0,1.0,133270526.0,104494593.0,0.27538202861845673,41704271.0,52279715.0,-0.20228580052511758,positive,29446K106
EQBK,2026-06-30,2026-03-31,146,139.0,7.0,0.050359712230215736,13,13.0,0.0,0.0,558366886.0,531168749.0,0.05120432452248802,14856497.0,14204363.0,0.04591082331534335,neutral,29460X109
EQIX,2026-06-30,2026-03-31,1364,1299.0,65.0,0.05003849114703618,334,321.0,13.0,0.04049844236760114,96497180188.0,93835946152.0,0.02836049664474216,254213583.0,102601549.0,1.4776778272616529,positive,29444U700
EQNR,2026-06-30,2026-03-31,413,420.0,-7.0,-0.01666666666666672,32,35.0,-3.0,-0.08571428571428574,5330907350.0,7498355990.0,-0.28905651357318396,171233472.0,176156420.0,-0.02794645803996243,negative,29446M102
EQS,2026-06-30,2026-03-31,7,8.0,-1.0,-0.125,0,0.0,0.0,,152058.0,230865.0,-0.341355337534923,122628.0,125470.0,-0.02265083286841474,neutral,294766100
EQT,2026-06-30,2026-03-31,1110,1178.0,-68.0,-0.05772495755517826,194,223.0,-29.0,-0.1300448430493274,29951844222.0,37695284511.0,-0.20542198817309254,634357244.0,624012898.0,0.01657713491684909,negative,26884L109
ERAS,2026-06-30,2026-03-31,259,225.0,34.0,0.1511111111111112,60,48.0,12.0,0.25,4678203541.0,4529414443.0,0.032849521692577044,286592647.0,305285016.0,-0.061229238319380874,positive,29479A108
ERII,2026-06-30,2026-03-31,201,197.0,4.0,0.020304568527918843,10,9.0,1.0,0.11111111111111116,394864201.0,512444345.0,-0.22944958832553808,45019075.0,51850960.0,-0.1317600484156899,positive,29270J100
ERNA,2026-06-30,2026-03-31,17,23.0,-6.0,-0.26086956521739135,0,0.0,0.0,,438508.0,911960.0,-0.5191587350322382,2872344.0,10403963.0,-0.7239182799861937,neutral,114082407
ERO,2026-06-30,2026-03-31,210,192.0,18.0,0.09375,40,30.0,10.0,0.33333333333333326,1855610757.0,1872705140.0,-0.00912817647309927,70459855.0,71913246.0,-0.020210337884066565,positive,296006109
ES,2026-06-30,2026-03-31,1124,1072.0,52.0,0.04850746268656714,158,153.0,5.0,0.03267973856209161,23484156664.0,23035625202.0,0.019471208533166084,393747768.0,340482273.0,0.15644131640298342,positive,30040W108
ESAB,2026-06-30,2026-03-31,349,350.0,-1.0,-0.0028571428571428914,59,56.0,3.0,0.0535714285714286,4694005048.0,4282891961.0,0.09598960019155145,71944063.0,62176563.0,0.157092954784265,positive,29605J106
ESCA,2026-06-30,2026-03-31,86,85.0,1.0,0.0117647058823529,1,1.0,0.0,0.0,80359679.0,78850267.0,0.019142763333952928,4297443.0,4608926.0,-0.06758255610960129,neutral,296056104
ESE,2026-06-30,2026-03-31,450,434.0,16.0,0.03686635944700467,92,80.0,12.0,0.1499999999999999,8616113107.0,7092773628.0,0.21477345237501222,36843894.0,26312205.0,0.4002587012376957,positive,296315104
ESEA,2026-06-30,2026-03-31,59,62.0,-3.0,-0.048387096774193505,0,0.0,0.0,,35691735.0,43073421.0,-0.17137450029799117,635922.0,736931.0,-0.1370671066897715,neutral,Y23592135
ESI,2026-06-30,2026-03-31,502,445.0,57.0,0.12808988764044948,111,81.0,30.0,0.37037037037037046,11351169230.0,8636782679.0,0.3142821409180441,272070851.0,275690765.0,-0.01313034188867368,positive,28618M106
ESLA,2026-06-30,2026-03-31,15,16.0,-1.0,-0.0625,0,0.0,0.0,,4986044.0,6175222.0,-0.19257250994377206,4794274.0,5825681.0,-0.17704488110488714,neutral,297584104
ESLT,2026-06-30,2026-03-31,2,2.0,0.0,0.0,0,0.0,0.0,,2834784.0,3681235.0,-0.22993669244153114,3948.0,18471.0,-0.7862595419847328,neutral,630891901
ESNT,2026-06-30,2026-03-31,362,372.0,-10.0,-0.026881720430107503,58,58.0,0.0,0.0,5585768144.0,5326803573.0,0.04861537833169138,95056963.0,93003075.0,0.022084087004650144,neutral,G3198U102
ESOA,2026-06-30,2026-03-31,120,106.0,14.0,0.13207547169811318,4,2.0,2.0,1.0,179232361.0,125300485.0,0.4304203291790929,9433252.0,9947515.0,-0.05169763503749425,positive,29271Q103
ESTA,2026-06-30,2026-03-31,199,176.0,23.0,0.13068181818181812,49,37.0,12.0,0.32432432432432434,2299600319.0,1583410813.0,0.4523080808341051,30546196.0,28075443.0,0.08800406105791447,positive,G31249108
ESTC,2026-06-30,2026-03-31,375,380.0,-5.0,-0.013157894736842146,69,65.0,4.0,0.06153846153846154,5099948762.0,4589700483.0,0.11117245687162636,98562290.0,93901139.0,0.049638918650390496,positive,N14506104
ETD,2026-06-30,2026-03-31,219,208.0,11.0,0.05288461538461542,11,11.0,0.0,0.0,489980081.0,526763792.0,-0.06982961159942447,23288679.0,24144688.0,-0.035453305505542265,neutral,297602104
ETN,2026-06-30,2026-03-31,6,5.0,1.0,0.19999999999999996,1,0.0,1.0,,20646726.0,15327187.0,0.3470655770037907,64284.0,57609.0,0.1158673123991043,positive,IE00B8KQN
ETON,2026-06-30,2026-03-31,167,116.0,51.0,0.43965517241379315,15,11.0,4.0,0.36363636363636354,755231466.0,458986293.0,0.6454335946803536,21232718.0,19042301.0,0.11502900831154816,positive,29772L108
ETS,2026-06-30,2026-03-31,5,8.0,-3.0,-0.375,0,0.0,0.0,,75058.0,123750.0,-0.3934707070707071,87993.0,201271.0,-0.5628133213428661,neutral,28661C104
ETSY,2026-06-30,2026-03-31,556,495.0,61.0,0.12323232323232314,85,67.0,18.0,0.26865671641791056,8002195219.0,5299010169.0,0.5101301872968722,119393182.0,114424613.0,0.04342220497612703,positive,29786A106
EU,2026-06-30,2026-03-31,145,157.0,-12.0,-0.07643312101910826,3,2.0,1.0,0.5,120829478.0,128300977.0,-0.058234155145989286,93977622.0,86228304.0,0.08986977176310917,positive,29259W700
EUDA,2026-06-30,2026-03-31,8,9.0,-1.0,-0.11111111111111116,0,0.0,0.0,,21479.0,23852.0,-0.09948851249371127,797433.0,905534.0,-0.11937817906340342,neutral,G3142E121
EURK,2026-06-30,2026-03-31,14,22.0,-8.0,-0.36363636363636365,0,0.0,0.0,,16929046.0,29386617.0,-0.4239198748192077,1469565.0,2649069.0,-0.4452522754220445,neutral,G32168109
EVCM,2026-06-30,2026-03-31,85,90.0,-5.0,-0.05555555555555558,4,4.0,0.0,0.0,1641546109.0,1861932358.0,-0.118364261759073,163197859.0,162914660.0,0.0017383272935658223,neutral,29977X105
EVER,2026-06-30,2026-03-31,245,226.0,19.0,0.08407079646017701,17,12.0,5.0,0.41666666666666674,672102263.0,447177360.0,0.5029881275742583,32246662.0,32333666.0,-0.0026908176759170566,positive,30041R108
EVGN,2026-06-30,2026-03-31,14,16.0,-2.0,-0.125,0,0.0,0.0,,75043.0,408851.0,-0.8164539159742792,282133.0,530601.0,-0.46827653924512014,neutral,M4119S187
EVGO,2026-06-30,2026-03-31,193,190.0,3.0,0.015789473684210575,7,6.0,1.0,0.16666666666666674,190538141.0,170943315.0,0.11462762378277258,101313730.0,100295764.0,0.010149641015746225,positive,30052F100
EVH,2026-06-30,2026-03-31,200,192.0,8.0,0.04166666666666674,15,8.0,7.0,0.875,616814426.0,259109927.0,1.3805125227795694,114669056.0,115861701.0,-0.010293694894053074,positive,30050B101
EVR,2026-06-30,2026-03-31,716,658.0,58.0,0.08814589665653494,134,125.0,9.0,0.07200000000000006,12116416990.0,10797742296.0,0.12212503853592627,51184883.0,37294747.0,0.372442156532125,positive,29977A105
EVRG,2026-06-30,2026-03-31,945,924.0,21.0,0.022727272727272707,142,135.0,7.0,0.051851851851851816,18509375039.0,18302801283.0,0.011286455707294918,245941301.0,231737262.0,0.06129372064471883,positive,30034W106
EVTC,2026-06-30,2026-03-31,254,262.0,-8.0,-0.03053435114503822,30,26.0,4.0,0.15384615384615374,1685227464.0,1814268173.0,-0.07112548790767992,64458638.0,66017085.0,-0.02360672241132733,positive,30040P103
EVTL,2026-06-30,2026-03-31,81,77.0,4.0,0.051948051948051965,3,3.0,0.0,0.0,168864793.0,210214335.0,-0.19670181864619274,97974494.0,95964918.0,0.02094073586349543,neutral,G9471C206
EW,2026-06-30,2026-03-31,1341,1299.0,42.0,0.0323325635103926,248,234.0,14.0,0.05982905982905984,46824459695.0,39862448447.0,0.1746508686554087,612815339.0,512391920.0,0.19598946642249948,positive,28176E108
EWBC,2026-06-30,2026-03-31,653,604.0,49.0,0.08112582781456945,105,92.0,13.0,0.14130434782608692,16331348849.0,13348567331.0,0.22345330731283397,151724018.0,132088461.0,0.14865459746707166,positive,27579R104
EWTX,2026-06-30,2026-03-31,227,214.0,13.0,0.06074766355140193,51,49.0,2.0,0.04081632653061229,4809858371.0,4184068866.0,0.14956481956719303,122739575.0,133453042.0,-0.0802789268752675,positive,28036F105
EXC,2026-06-30,2026-03-31,1291,1290.0,1.0,0.0007751937984497026,216,209.0,7.0,0.03349282296650724,44079116794.0,48094632955.0,-0.08349198058663088,1056321558.0,996291193.0,0.06025383484444791,positive,30161N101
EXE,2026-06-30,2026-03-31,850,902.0,-52.0,-0.05764966740576494,165,175.0,-10.0,-0.05714285714285716,19343366672.0,26114190657.0,-0.2592775734056708,248483709.0,247416874.0,0.004311892648033444,negative,165167735
EXEL,2026-06-30,2026-03-31,758,705.0,53.0,0.075177304964539,122,111.0,11.0,0.0990990990990992,13428826856.0,11118551618.0,0.20778562868385286,277430636.0,274400195.0,0.011043873347101663,positive,30161Q104
EXFY,2026-06-30,2026-03-31,102,104.0,-2.0,-0.019230769230769273,0,0.0,0.0,,41472274.0,26506352.0,0.5646164360904888,25994097.0,32730503.0,-0.20581431333334532,neutral,30219Q106
EXK,2026-06-30,2026-03-31,224,214.0,10.0,0.04672897196261672,21,26.0,-5.0,-0.1923076923076923,1171879432.0,1273259394.0,-0.07962239468071819,142621820.0,160756595.0,-0.11280890217909878,negative,29258Y103
EXOZ,2026-06-30,2026-03-31,10,7.0,3.0,0.4285714285714286,0,0.0,0.0,,1049990.0,638232.0,0.6451541132378196,124554.0,85085.0,0.46387729917141685,neutral,461874109
EXPE,2026-06-30,2026-03-31,1130,1111.0,19.0,0.017101710171017137,207,190.0,17.0,0.08947368421052637,29464682324.0,27163566674.0,0.08471331020762252,168655712.0,123567628.0,0.3648858906638557,positive,30212P303
EXPO,2026-06-30,2026-03-31,342,362.0,-20.0,-0.05524861878453036,48,49.0,-1.0,-0.020408163265306145,2741584437.0,3234048112.0,-0.15227469040200847,50530935.0,50291203.0,0.0047668774198939,negative,30214U102
EXR,2026-06-30,2026-03-31,798,768.0,30.0,0.0390625,152,132.0,20.0,0.1515151515151516,28615516782.0,26227829850.0,0.09103638942510517,253926228.0,220818096.0,0.14993396193398922,positive,30225T102
EXTR,2026-06-30,2026-03-31,344,301.0,43.0,0.1428571428571428,59,37.0,22.0,0.5945945945945945,3915179753.0,1981758967.0,0.9756084459286314,136177905.0,135054505.0,0.008318123116292986,positive,30226D106
EYPT,2026-06-30,2026-03-31,191,189.0,2.0,0.010582010582010692,31,28.0,3.0,0.1071428571428572,1335479210.0,1261803664.0,0.05838907280269234,95195562.0,98152475.0,-0.03012571002412323,positive,30233G209
EZGO,2026-06-30,2026-03-31,2,3.0,-1.0,-0.33333333333333337,0,0.0,0.0,,18661.0,20785.0,-0.10218907866249705,14245.0,16517.0,-0.13755524611006842,neutral,G5279F300
EZPW,2026-06-30,2026-03-31,315,297.0,18.0,0.06060606060606055,48,39.0,9.0,0.23076923076923084,2437416199.0,1809419976.0,0.34707045977699535,73947488.0,72857541.0,0.014959975110881096,positive,302301106
EZRA,2026-06-30,2026-03-31,10,,,,0,,,,707012.0,,,36749.0,,,unavailable,75946W504
F,2026-06-30,2026-03-31,2,2.0,0.0,0.0,0,0.0,0.0,,161265.0,133889.0,0.20446788010964312,11601.0,11601.0,0.0,neutral,345370100
FA,2026-06-30,2026-03-31,181,167.0,14.0,0.08383233532934131,29,21.0,8.0,0.38095238095238093,3272599464.0,2107393407.0,0.5529134015175363,201504364.0,192930721.0,0.04443897247447692,positive,31846B108
FACT,2026-06-30,2026-03-31,57,51.0,6.0,0.11764705882352944,7,5.0,2.0,0.3999999999999999,177390132.0,175269303.0,0.012100401859873822,23353107.0,23657858.0,-0.012881597311134474,positive,G32901103
FAMI,2026-06-30,2026-03-31,3,3.0,0.0,0.0,0,0.0,0.0,,840413.0,14875.0,55.49835294117647,3516375.0,12135.0,288.7713226205192,neutral,G33277149
FANG,2026-06-30,2026-03-31,1196,1200.0,-4.0,-0.0033333333333332993,196,211.0,-15.0,-0.07109004739336489,34808742227.0,39893523800.0,-0.1274588226021789,242264011.0,208347893.0,0.16278598987319737,negative,25278X109
FAST,2026-06-30,2026-03-31,1462,1423.0,39.0,0.027406886858749147,264,253.0,11.0,0.04347826086956519,48084393305.0,47839029936.0,0.005128936964822417,1113649618.0,1057251626.0,0.05334396336033631,positive,311900104
FATE,2026-06-30,2026-03-31,156,158.0,-2.0,-0.012658227848101222,5,3.0,2.0,0.6666666666666667,180789239.0,88692680.0,1.0383783532079538,72729914.0,78639186.0,-0.07514411453852032,positive,31189P102
FATN,2026-06-30,2026-03-31,13,7.0,6.0,0.8571428571428572,0,0.0,0.0,,3409500.0,117809.0,27.94091283348471,496109.0,48370.0,9.25654331197023,neutral,311921100
FBGL,2026-06-30,2026-03-31,4,6.0,-2.0,-0.33333333333333337,0,0.0,0.0,,102822.0,208442.0,-0.506711699177709,201647.0,350155.0,-0.4241207465265382,neutral,G3337S109
FBIN,2026-06-30,2026-03-31,535,498.0,37.0,0.07429718875502012,76,63.0,13.0,0.20634920634920628,6931497661.0,4917366985.0,0.40959535502311106,136315858.0,129430829.0,0.05319466044677812,positive,34964C106
FBIO,2026-06-30,2026-03-31,56,52.0,4.0,0.07692307692307687,0,0.0,0.0,,15218029.0,16018188.0,-0.04995315325303962,5868260.0,6348905.0,-0.07570518065713694,neutral,34960Q307
FBLG,2026-06-30,2026-03-31,16,18.0,-2.0,-0.11111111111111116,0,0.0,0.0,,269614.0,380657.0,-0.29171406279143686,284937.0,288555.0,-0.012538337578624548,neutral,31573L204
FBNC,2026-06-30,2026-03-31,243,239.0,4.0,0.01673640167364021,32,31.0,1.0,0.032258064516129004,2185864676.0,2048901711.0,0.06684701577663921,37862580.0,36702707.0,0.031601837978871616,positive,318910106
FBYD,2026-06-30,2026-03-31,19,20.0,-1.0,-0.050000000000000044,0,0.0,0.0,,1954585.0,1340474.0,0.45812973619779274,812065.0,781915.0,0.038559178427322705,neutral,306121112
FC,2026-06-30,2026-03-31,114,107.0,7.0,0.06542056074766345,5,4.0,1.0,0.25,188667856.0,136542649.0,0.3817503716366306,8320739.0,8850266.0,-0.05983176098887877,positive,353469109
FCAP,2026-06-30,2026-03-31,65,60.0,5.0,0.08333333333333326,1,1.0,0.0,0.0,58944441.0,52052859.0,0.13239584015932726,915094.0,1047909.0,-0.12674287557411956,neutral,31942S104
FCEL,2026-06-30,2026-03-31,226,143.0,83.0,0.5804195804195804,34,3.0,31.0,10.333333333333334,1394716338.0,169991257.0,7.204635712529615,41513323.0,26908069.0,0.542783430501832,positive,35952H700
FCFS,2026-06-30,2026-03-31,505,472.0,33.0,0.06991525423728806,83,75.0,8.0,0.10666666666666669,8692181759.0,7767849411.0,0.11899462761096524,53193286.0,43693044.0,0.2174314520178544,positive,33768G107
FCN,2026-06-30,2026-03-31,379,409.0,-30.0,-0.07334963325183375,47,57.0,-10.0,-0.17543859649122806,4204671156.0,5532818712.0,-0.2400489922287553,36348367.0,33963954.0,0.07020422298298956,negative,302941109
FCX,2026-06-30,2026-03-31,1894,1861.0,33.0,0.01773240193444381,354,338.0,16.0,0.047337278106508895,77267061688.0,77923470384.0,-0.008423761066662871,1406288367.0,1361305815.0,0.033043678726958126,positive,35671D857
FDMT,2026-06-30,2026-03-31,161,155.0,6.0,0.03870967741935494,15,12.0,3.0,0.25,739167670.0,523455332.0,0.41209311437484786,58482427.0,56402913.0,0.03686891136278714,positive,35104E100
FDX,2026-06-30,2026-03-31,1958,2045.0,-87.0,-0.04254278728606353,301,329.0,-28.0,-0.08510638297872342,59017399159.0,70852552182.0,-0.16703919137025391,292346062.0,204233356.0,0.43143151405689095,negative,31428X106
FE,2026-06-30,2026-03-31,930,932.0,-2.0,-0.0021459227467811592,130,137.0,-7.0,-0.051094890510948954,24210237356.0,27812882358.0,-0.12953152268174561,554864443.0,562175453.0,-0.013004854553832712,negative,337932107
FEAM,2026-06-30,2026-03-31,37,39.0,-2.0,-0.05128205128205132,1,1.0,0.0,0.0,27576931.0,28008569.0,-0.015410926563224292,19849825.0,20003912.0,-0.007702843323845854,neutral,33830Q208
FEBO,2026-06-30,2026-03-31,4,2.0,2.0,1.0,0,0.0,0.0,,34037.0,45707.0,-0.25532194193449576,38158.0,39403.0,-0.03159657894068979,neutral,G3413G102
FEED,2026-06-30,2026-03-31,13,13.0,0.0,0.0,0,0.0,0.0,,41357.0,179777.0,-0.7699538873159526,290971.0,79697.0,2.650965531952269,neutral,63008J884
FEIM,2026-06-30,2026-03-31,145,129.0,16.0,0.12403100775193798,11,6.0,5.0,0.8333333333333333,480495188.0,323606257.0,0.4848142692123534,7559336.0,7462931.0,0.012917846888842899,positive,358010106
FELE,2026-06-30,2026-03-31,1,1.0,0.0,0.0,1,0.0,1.0,,10719000.0,9217000.0,0.16295974829120108,100000.0,100000.0,0.0,positive,35351410X
FEMY,2026-06-30,2026-03-31,19,36.0,-17.0,-0.4722222222222222,0,0.0,0.0,,8648478.0,3928959.0,1.2012136039088217,2070747.0,9472339.0,-0.781390108609922,neutral,31447E204
FENC,2026-06-30,2026-03-31,107,90.0,17.0,0.18888888888888888,5,5.0,0.0,0.0,174921566.0,104771373.0,0.6695549651716408,16391540.0,17110065.0,-0.041994288157292226,neutral,31447P100
FERA,2026-06-30,2026-03-31,50,53.0,-3.0,-0.05660377358490565,6,5.0,1.0,0.19999999999999996,221888316.0,191429073.0,0.1591150316023313,23395575.0,20067735.0,0.16583037398092015,positive,G3415K101
FET,2026-06-30,2026-03-31,1,1.0,0.0,0.0,0,0.0,0.0,,0.0,0.0,,1.0,1.0,0.0,neutral,34984V100
FF,2026-06-30,2026-03-31,105,97.0,8.0,0.08247422680412364,0,0.0,0.0,,75359323.0,65104330.0,0.15751629730311323,17014391.0,17213325.0,-0.01155697693501978,neutral,36116M106
FFIV,2026-06-30,2026-03-31,832,726.0,106.0,0.1460055096418733,154,117.0,37.0,0.3162393162393162,22155828212.0,17218151014.0,0.2867716280328356,92756930.0,61285212.0,0.5135287449115784,positive,315616102
FGI,2026-06-30,2026-03-31,9,9.0,0.0,0.0,0,0.0,0.0,,74489.0,941125.0,-0.9208511090450259,574612.0,546992.0,0.05049433995378361,neutral,G3302D111
FGL,2026-06-30,2026-03-31,5,2.0,3.0,1.5,0,0.0,0.0,,96575.0,11427.0,7.451474577754441,107571.0,4201.0,24.606046179481076,neutral,G3662E121
FGNX,2026-06-30,2026-03-31,27,33.0,-6.0,-0.18181818181818177,0,0.0,0.0,,5979106.0,10700653.0,-0.4412391468072089,1172865.0,2171751.0,-0.4599449936940284,neutral,30329Y403
FHB,2026-06-30,2026-03-31,370,335.0,35.0,0.10447761194029859,46,42.0,4.0,0.09523809523809534,3965459554.0,3305313820.0,0.19972255887037083,141873254.0,136073990.0,0.04261846073595699,positive,32051X108
FHI,2026-06-30,2026-03-31,393,401.0,-8.0,-0.01995012468827928,42,42.0,0.0,0.0,3635425162.0,3735470808.0,-0.02678260683653022,74175539.0,70214662.0,0.056410967270625,neutral,314211103
FHN,2026-06-30,2026-03-31,677,647.0,30.0,0.04636785162287471,96,82.0,14.0,0.1707317073170731,10178880008.0,9268249568.0,0.09825268874330773,431665702.0,429842029.0,0.0042426586442527725,positive,320517105
FHTX,2026-06-30,2026-03-31,105,105.0,0.0,0.0,6,7.0,-1.0,-0.1428571428571429,219617116.0,222560700.0,-0.013225982844230821,45099244.0,46631673.0,-0.03286240663078932,negative,344174107
FICO,2026-06-30,2026-03-31,846,858.0,-12.0,-0.013986013986013957,162,156.0,6.0,0.03846153846153855,25488417464.0,24057624402.0,0.05947358052032148,101286444.0,23036176.0,3.3968427745993957,positive,303250104
FIEE,2026-06-30,2026-03-31,2,2.0,0.0,0.0,0,0.0,0.0,,2825.0,1786.0,0.5817469204927213,657.0,253.0,1.5968379446640317,neutral,60365W201
FIG,2026-06-30,2026-03-31,371,315.0,56.0,0.1777777777777778,59,51.0,8.0,0.15686274509803932,6326078911.0,6739645144.0,-0.061363205949823474,369836613.0,337646396.0,0.09533706676969822,positive,316841105
FIGS,2026-06-30,2026-03-31,244,241.0,3.0,0.012448132780082943,31,33.0,-2.0,-0.06060606060606055,1609598393.0,2326207807.0,-0.30805907014996103,158543282.0,160890678.0,-0.0145900062649994,negative,30260D103
FINW,2026-06-30,2026-03-31,72,57.0,15.0,0.26315789473684204,1,2.0,-1.0,-0.5,60280706.0,70324711.0,-0.14282326734339512,4096315.0,4329105.0,-0.05377323950331536,negative,31813A109
FIP,2026-06-30,2026-03-31,177,188.0,-11.0,-0.058510638297872286,13,14.0,-1.0,-0.0714285714285714,496103041.0,524873910.0,-0.05481482019176753,108321150.0,107438499.0,0.008215407030211841,negative,35953C106
FIS,2026-06-30,2026-03-31,1,1.0,0.0,0.0,0,0.0,0.0,,478358.0,469096.0,0.019744359363541797,500000.0,500000.0,0.0,neutral,31620MBM7
FISI,2026-06-30,2026-03-31,160,151.0,9.0,0.0596026490066226,12,10.0,2.0,0.19999999999999996,584133000.0,511457476.0,0.14209494906278386,15916306.0,16941737.0,-0.060526910552324176,positive,317585404
FISV,2026-06-30,2026-03-31,1147,1264.0,-117.0,-0.09256329113924056,160,186.0,-26.0,-0.13978494623655913,23573662126.0,27951398976.0,-0.1566195972430171,535858441.0,512398285.0,0.04578500101732397,negative,337738108
FITB,2026-06-30,2026-03-31,1302,1233.0,69.0,0.05596107055961075,202,175.0,27.0,0.15428571428571436,45625413537.0,37208133011.0,0.22622152322212896,939820172.0,860332487.0,0.09239182083798259,positive,316773100
FIVE,2026-06-30,2026-03-31,613,634.0,-21.0,-0.03312302839116721,116,118.0,-2.0,-0.016949152542372836,10151476443.0,13133594531.0,-0.22706031322659848,68505519.0,58434545.0,0.17234623800014193,negative,33829M101
FIVN,2026-06-30,2026-03-31,292,292.0,0.0,0.0,37,29.0,8.0,0.27586206896551735,1621358857.0,1250984303.0,0.29606650787847655,83356741.0,92323561.0,-0.09712385335743279,positive,338307101
FIZZ,2026-06-30,2026-03-31,259,243.0,16.0,0.06584362139917688,11,12.0,-1.0,-0.08333333333333337,770851670.0,821926915.0,-0.0621408595677877,25910609.0,25209840.0,0.027797439412546865,negative,635017106
FKWL,2026-06-30,2026-03-31,19,22.0,-3.0,-0.13636363636363635,0,0.0,0.0,,3847594.0,5728434.0,-0.3283340612809714,1548623.0,1525422.0,0.015209561681947648,neutral,355184102
FLGT,2026-06-30,2026-03-31,144,159.0,-15.0,-0.09433962264150941,10,5.0,5.0,1.0,304692159.0,281960846.0,0.08061868632639868,16138707.0,19057123.0,-0.1531404294341806,positive,359664109
FLNA,2026-06-30,2026-03-31,86,103.0,-17.0,-0.16504854368932043,0,0.0,0.0,,14391950.0,25473285.0,-0.43501790208840363,12725449.0,15841215.0,-0.19668731217902158,neutral,14817C107
FLNC,2026-06-30,2026-03-31,302,260.0,42.0,0.16153846153846163,39,25.0,14.0,0.56,2392177471.0,1971923637.0,0.21311871621933398,128335886.0,147855958.0,-0.13202086858075746,positive,34379V103
FLNG,2026-06-30,2026-03-31,206,201.0,5.0,0.02487562189054726,11,13.0,-2.0,-0.15384615384615385,438860833.0,464477634.0,-0.05515185043334081,15941708.0,15286501.0,0.04286180336494261,negative,G35947202
FLNT,2026-06-30,2026-03-31,31,32.0,-1.0,-0.03125,0,0.0,0.0,,20248039.0,19434421.0,0.041864792370197135,20550883.0,18573951.0,0.10643572818728764,neutral,34380C201
FLO,2026-06-30,2026-03-31,453,428.0,25.0,0.05841121495327095,33,29.0,4.0,0.13793103448275867,1789169316.0,1491598639.0,0.19949782013712336,233178446.0,186682994.0,0.24906099374000834,positive,343498101
FLR,2026-06-30,2026-03-31,554,530.0,24.0,0.04528301886792452,75,72.0,3.0,0.04166666666666674,6672915916.0,6234084002.0,0.07039236459746379,140406751.0,137026044.0,0.024672003228816797,positive,343412102
FLS,2026-06-30,2026-03-31,594,624.0,-30.0,-0.04807692307692313,105,100.0,5.0,0.050000000000000044,10142713490.0,9215913649.0,0.1005651611222036,156351482.0,132633407.0,0.17882429122852894,positive,34354P105
FLUT,2026-06-30,2026-03-31,1,2.0,-1.0,-0.5,0,0.0,0.0,,906.0,2646.0,-0.6575963718820862,9.0,16988.0,-0.9994702142688957,neutral,ZZCXYD1A2
FLWS,2026-06-30,2026-03-31,118,103.0,15.0,0.14563106796116498,3,3.0,0.0,0.0,119020885.0,97896215.0,0.21578638152659946,34337056.0,32233207.0,0.0652696146554701,neutral,68243Q106
FLY,2026-06-30,2026-03-31,270,214.0,56.0,0.26168224299065423,34,21.0,13.0,0.6190476190476191,2722064215.0,1817137083.0,0.49799607331000684,97331223.0,67846569.0,0.434578408821233,positive,31816X106
FLYE,2026-06-30,2026-03-31,7,6.0,1.0,0.16666666666666674,0,0.0,0.0,,100219.0,139817.0,-0.2832130570674525,66920.0,66580.0,0.005106638630219207,neutral,343927307
FLYW,2026-06-30,2026-03-31,238,210.0,28.0,0.1333333333333333,40,33.0,7.0,0.21212121212121215,2268239985.0,1418569427.0,0.5989629706012267,133067879.0,123465732.0,0.0777717577538033,positive,302492103
FMBH,2026-06-30,2026-03-31,171,171.0,0.0,0.0,12,10.0,2.0,0.19999999999999996,702565285.0,602837002.0,0.16543158875307395,16472834.0,15167492.0,0.08606182221820191,positive,320866106
FMC,2026-06-30,2026-03-31,412,439.0,-27.0,-0.06150341685649208,29,39.0,-10.0,-0.2564102564102564,1486031238.0,2053068525.0,-0.2761901417781465,133431611.0,122404359.0,0.09008871979796074,negative,302491303
FMFC,2026-06-30,2026-03-31,7,7.0,0.0,0.0,0,0.0,0.0,,58072.0,40573.0,0.4312966751287801,320483.0,169678.0,0.8887716734049198,neutral,G5225N100
FMST,2026-06-30,2026-03-31,19,20.0,-1.0,-0.050000000000000044,0,0.0,0.0,,340253.0,417011.0,-0.18406708695933682,329077.0,317672.0,0.03590181067264342,neutral,34547F105
FN,2026-06-30,2026-03-31,0,1.0,-1.0,-1.0,0,0.0,0.0,,0.0,2414116.0,-1.0,0.0,4629.0,-1.0,neutral,
FNGR,2026-06-30,2026-03-31,25,29.0,-4.0,-0.13793103448275867,0,0.0,0.0,,514894.0,1428310.0,-0.6395082300060911,1360680.0,1487123.0,-0.08502524673480272,neutral,31788K108
FNKO,2026-06-30,2026-03-31,126,113.0,13.0,0.11504424778761058,5,2.0,3.0,1.5,273397201.0,156348889.0,0.748635393245423,47409323.0,49936006.0,-0.05059841990566882,positive,361008105
FNLC,2026-06-30,2026-03-31,115,108.0,7.0,0.06481481481481488,5,5.0,0.0,0.0,174732003.0,146192661.0,0.1952173372095607,5223300.0,5399726.0,-0.03267313934077398,neutral,31866P102
FNV,2026-06-30,2026-03-31,2,2.0,0.0,0.0,0,0.0,0.0,,5398287.0,6833916.0,-0.2100741361175642,27387.0,30622.0,-0.1056430017634381,neutral,351858956
FNWB,2026-06-30,2026-03-31,42,42.0,0.0,0.0,1,0.0,1.0,,39498869.0,34924635.0,0.13097442535906234,3654792.0,4035210.0,-0.09427464741611957,positive,335834107
FNWD,2026-06-30,2026-03-31,73,77.0,-4.0,-0.051948051948051965,2,3.0,-1.0,-0.33333333333333337,72839602.0,80189924.0,-0.09166141621483515,2027929.0,2261169.0,-0.10315018470534487,negative,31812F109
FOR,2026-06-30,2026-03-31,188,170.0,18.0,0.10588235294117654,14,15.0,-1.0,-0.06666666666666665,585147503.0,500024391.0,0.17023791945381328,19807447.0,20773837.0,-0.04651957170935728,negative,346232101
FORM,2026-06-30,2026-03-31,510,396.0,114.0,0.28787878787878785,97,69.0,28.0,0.4057971014492754,11103213768.0,7348001593.0,0.511052172141248,92120085.0,80018449.0,0.1512355731863786,positive,346375108
FOSL,2026-06-30,2026-03-31,114,90.0,24.0,0.2666666666666666,2,3.0,-1.0,-0.33333333333333337,174169809.0,153987345.0,0.13106573140799327,44017325.0,36813196.0,0.19569420161183504,negative,34988V106
FOX,2026-06-30,2026-03-31,512,534.0,-22.0,-0.041198501872659166,79,78.0,1.0,0.012820512820512775,6464854158.0,7749012666.0,-0.1657189842564648,148617855.0,148910423.0,-0.001964724792971717,positive,35137L204
FOXA,2026-06-30,2026-03-31,745,742.0,3.0,0.0040431266846361336,120,114.0,6.0,0.05263157894736836,12893919484.0,14007370881.0,-0.07949039162733373,281042149.0,252594446.0,0.1126220447459878,positive,35137L105
FPH,2026-06-30,2026-03-31,87,84.0,3.0,0.03571428571428581,7,7.0,0.0,0.0,197317372.0,181527719.0,0.0869820492814104,37457983.0,37538891.0,-0.002155311407574634,neutral,33833Q106
FPI,2026-06-30,2026-03-31,180,187.0,-7.0,-0.03743315508021394,7,8.0,-1.0,-0.125,235456760.0,276854189.0,-0.1495279126876422,24535833.0,25236466.0,-0.027762722403366635,negative,31154R109
FRD,2026-06-30,2026-03-31,85,67.0,18.0,0.26865671641791056,4,1.0,3.0,3.0,122457029.0,70347037.0,0.74075603212684,3950514.0,4107783.0,-0.03828561537939079,positive,358435105
FRGT,2026-06-30,2026-03-31,1,8.0,-7.0,-0.875,0,0.0,0.0,,11670.0,64625.0,-0.8194197292069633,3000.0,110804.0,-0.9729251651564925,neutral,G51413162
FRHC,2026-06-30,2026-03-31,148,141.0,7.0,0.049645390070921946,5,5.0,0.0,0.0,289547270.0,315745049.0,-0.08297130575117906,5552945.0,2235502.0,1.4839812265880328,neutral,356390104
FRME,2026-06-30,2026-03-31,310,300.0,10.0,0.03333333333333344,37,37.0,0.0,0.0,2038522171.0,1881422113.0,0.08350069711336494,50632205.0,49456560.0,0.023771265126405927,neutral,320817109
FRMI,2026-06-30,2026-03-31,296,211.0,85.0,0.40284360189573465,39,7.0,32.0,4.571428571428571,1474209409.0,413747448.0,2.563065865725896,165257244.0,73464102.0,1.249496550029292,positive,314911108
FRMM,2026-06-30,2026-03-31,41,46.0,-5.0,-0.10869565217391308,0,0.0,0.0,,26649537.0,24372026.0,0.09344775030192398,4907830.0,8409994.0,-0.41642883455089263,neutral,68236V401
FRO,2026-06-30,2026-03-31,263,241.0,22.0,0.0912863070539418,40,39.0,1.0,0.02564102564102555,2179951504.0,1994777347.0,0.09282948659833568,64916960.0,59421813.0,0.09247693267117252,positive,M46528101
FROG,2026-06-30,2026-03-31,416,327.0,89.0,0.27217125382262997,107,74.0,33.0,0.44594594594594605,9798542939.0,4890595547.0,1.0035480024535341,126005273.0,108317415.0,0.16329652992549715,positive,M6191J100
FRPH,2026-06-30,2026-03-31,111,110.0,1.0,0.009090909090909038,4,4.0,0.0,0.0,230969051.0,207820651.0,0.11138642809852417,9304075.0,9547801.0,-0.025526924995608935,neutral,30292L107
FRPT,2026-06-30,2026-03-31,319,329.0,-10.0,-0.03039513677811545,63,58.0,5.0,0.0862068965517242,3762546299.0,3770327240.0,-0.00206373094553991,67651601.0,64974068.0,0.041209255975783954,positive,358039105
FRSH,2026-06-30,2026-03-31,344,330.0,14.0,0.042424242424242475,37,37.0,0.0,0.0,2064747750.0,1787246311.0,0.15526759646505162,215532500.0,222887452.0,-0.032998501862724905,neutral,358054104
FRST,2026-06-30,2026-03-31,145,135.0,10.0,0.07407407407407418,11,10.0,1.0,0.10000000000000009,348661596.0,274577479.0,0.2698113380231013,22076483.0,21153055.0,0.04365459268176619,positive,74167B109
FSBC,2026-06-30,2026-03-31,168,133.0,35.0,0.26315789473684204,13,12.0,1.0,0.08333333333333326,533986466.0,415110953.0,0.2863704562379976,14691409.0,13078257.0,0.12334610032514282,positive,33830T103
FSBW,2026-06-30,2026-03-31,110,105.0,5.0,0.04761904761904767,4,4.0,0.0,0.0,164346307.0,157719306.0,0.04201769059267857,4918283.0,5170582.0,-0.04879508728417803,neutral,30263Y104
FSCO,2026-06-30,2026-03-31,262,277.0,-15.0,-0.054151624548736454,10,10.0,0.0,0.0,328692116.0,326296243.0,0.007342631278779432,75497114.0,71750522.0,0.05221693021271667,neutral,30290Y101
FSEA,2026-06-30,2026-03-31,27,17.0,10.0,0.588235294117647,0,0.0,0.0,,18371489.0,17631891.0,0.04194660686139673,1224198.0,1380447.0,-0.11318725021677756,neutral,33631F104
FSHP,2026-06-30,2026-03-31,14,17.0,-3.0,-0.17647058823529416,0,0.0,0.0,,25614507.0,32649373.0,-0.21546710866392438,2329698.0,2992012.0,-0.22136074320557542,neutral,G3530C109
FSK,2026-06-30,2026-03-31,0,1.0,-1.0,-1.0,0,0.0,0.0,,0.0,45370.0,-1.0,0.0,50000.0,-1.0,neutral,
FSLR,2026-06-30,2026-03-31,1010,971.0,39.0,0.040164778578784865,166,154.0,12.0,0.07792207792207795,23530373725.0,19437949844.0,0.21053783520607383,142032146.0,102195492.0,0.3898083293145651,positive,336433107
FSLY,2026-06-30,2026-03-31,283,341.0,-58.0,-0.1700879765395894,41,44.0,-3.0,-0.06818181818181823,2581868315.0,3836506821.0,-0.3270262675234795,152852961.0,145535895.0,0.050276710085852105,negative,31188V100
FSM,2026-06-30,2026-03-31,1,1.0,0.0,0.0,0,0.0,0.0,,976846.0,1075163.0,-0.09144380898524229,115588.0,108492.0,0.06540574420233747,neutral,349942953
FSV,2026-06-30,2026-03-31,281,299.0,-18.0,-0.06020066889632103,63,64.0,-1.0,-0.015625,4577732780.0,4585773032.0,-0.0017533035202340619,32242404.0,33509266.0,-0.037806319004420996,negative,33767E202
FTAI,2026-06-30,2026-03-31,2,1.0,1.0,1.0,0,0.0,0.0,,2705318.0,18.0,150294.44444444444,10001.0,1.0,10000.0,neutral,34960P101
FTCI,2026-06-30,2026-03-31,35,39.0,-4.0,-0.10256410256410253,0,0.0,0.0,,7038033.0,7241407.0,-0.02808487356117395,1431671.0,2027047.0,-0.29371593258567763,neutral,30320C301
FTDR,2026-06-30,2026-03-31,390,368.0,22.0,0.059782608695652106,58,50.0,8.0,0.15999999999999992,5423507065.0,3937278122.0,0.3774762404249583,79667168.0,77191344.0,0.03207385532761298,positive,35905A109
FTEK,2026-06-30,2026-03-31,43,46.0,-3.0,-0.06521739130434778,0,0.0,0.0,,15553388.0,10112792.0,0.5379914864263005,7357371.0,8547700.0,-0.1392572270903284,neutral,359523107
FTFT,2026-06-30,2026-03-31,11,8.0,3.0,0.375,0,0.0,0.0,,60001.0,980.0,60.22551020408163,101268.0,804.0,124.95522388059702,neutral,36117V402
FTHM,2026-06-30,2026-03-31,42,47.0,-5.0,-0.1063829787234043,0,0.0,0.0,,3982960.0,2469604.0,0.6127929821947162,4500289.0,4401397.0,0.022468320853583634,neutral,31189V109
FTI,2026-06-30,2026-03-31,821,775.0,46.0,0.05935483870967739,165,149.0,16.0,0.10738255033557054,22967268467.0,24554169187.0,-0.06462856502757064,481592812.0,419058366.0,0.14922610088161314,positive,G87110105
FTLF,2026-06-30,2026-03-31,44,42.0,2.0,0.04761904761904767,0,0.0,0.0,,7200086.0,14019735.0,-0.48643209019286027,654005.0,987263.0,-0.3375574694888799,neutral,33817P405
FTNT,2026-06-30,2026-03-31,1583,1334.0,249.0,0.186656671664168,311,244.0,67.0,0.27459016393442615,76164352801.0,39114499750.0,0.947215311145581,658469285.0,501603354.0,0.312729031313455,positive,34959E109
FTS,2026-06-30,2026-03-31,358,348.0,10.0,0.028735632183908066,87,84.0,3.0,0.03571428571428581,15181084633.0,14892164021.0,0.01940084809652798,268000376.0,272460252.0,-0.01636890506876576,positive,349553107
FTV,2026-06-30,2026-03-31,810,786.0,24.0,0.03053435114503822,115,104.0,11.0,0.10576923076923084,18431271188.0,17354635511.0,0.06203735459137638,362811518.0,347701309.0,0.043457440650590096,positive,34959J108
FUBO,2026-06-30,2026-03-31,132,150.0,-18.0,-0.12,3,3.0,0.0,0.0,142837874.0,147582022.0,-0.032145839552191524,15706300.0,15765563.0,-0.003759015773810326,neutral,35953D401
FUFU,2026-06-30,2026-03-31,16,17.0,-1.0,-0.05882352941176472,0,0.0,0.0,,1314743.0,1533997.0,-0.14292987535177704,989413.0,829502.0,0.192779523135568,neutral,G1152A104
FUL,2026-06-30,2026-03-31,352,338.0,14.0,0.041420118343195256,47,48.0,-1.0,-0.02083333333333337,3230978449.0,3548345534.0,-0.08944086249746841,60996909.0,59644557.0,0.022673519060590897,negative,359694106
FULC,2026-06-30,2026-03-31,156,169.0,-13.0,-0.07692307692307687,6,18.0,-12.0,-0.6666666666666667,310141943.0,562644547.0,-0.4487781945925444,86262406.0,74609872.0,0.15617952005064417,negative,359616109
FUN,2026-06-30,2026-03-31,315,296.0,19.0,0.06418918918918926,36,34.0,2.0,0.05882352941176472,2284063897.0,2143782016.0,0.065436634859801,110874414.0,121966706.0,-0.09094524533605097,positive,83001C108
FUSB,2026-06-30,2026-03-31,30,29.0,1.0,0.034482758620689724,0,0.0,0.0,,16715528.0,16914171.0,-0.011744175933895873,1042733.0,1129218.0,-0.0765884001140612,neutral,33744V103
FUSE,2026-06-30,2026-03-31,18,14.0,4.0,0.2857142857142858,0,0.0,0.0,,1594072.0,1553257.0,0.02627704236967876,1523660.0,1643815.0,-0.07309520840240535,neutral,36118R103
FVCB,2026-06-30,2026-03-31,121,103.0,18.0,0.17475728155339798,3,5.0,-2.0,-0.4,156024410.0,144761405.0,0.07780392156320937,9522087.0,9796122.0,-0.027973824744118136,negative,36120Q101
FVR,2026-06-30,2026-03-31,128,111.0,17.0,0.15315315315315314,8,7.0,1.0,0.1428571428571428,456888002.0,284397017.0,0.6065147476564425,22912458.0,18623964.0,0.2302675198470101,positive,35922N100
FVRR,2026-06-30,2026-03-31,1,1.0,0.0,0.0,0,0.0,0.0,,101.0,98.0,0.030612244897959107,9753.0,9753.0,0.0,neutral,001158203
FWDI,2026-06-30,2026-03-31,91,70.0,21.0,0.30000000000000004,6,3.0,3.0,1.0,168323204.0,153698944.0,0.0951487343985915,38487531.0,34756388.0,0.1073512874813114,positive,349932103
FWRD,2026-06-30,2026-03-31,190,193.0,-3.0,-0.015544041450777257,8,13.0,-5.0,-0.3846153846153846,412265416.0,500487218.0,-0.17627183837490135,31626196.0,30548206.0,0.03528816062062701,negative,34986A104
FWRG,2026-06-30,2026-03-31,207,211.0,-4.0,-0.018957345971563955,26,21.0,5.0,0.23809523809523814,827741432.0,712684403.0,0.16144176653182618,67547680.0,70310046.0,-0.03928835432706157,positive,33748L101
FXNC,2026-06-30,2026-03-31,93,84.0,9.0,0.1071428571428572,2,3.0,-1.0,-0.33333333333333337,108053216.0,108455923.0,-0.0037130936592554287,3931653.0,4146664.0,-0.05185156067624486,negative,32106V107
G,2026-06-30,2026-03-31,1,1.0,0.0,0.0,0,0.0,0.0,,4877234.0,1975777.0,1.4685144123046276,53041.0,53041.0,0.0,neutral,G3922B907
GABC,2026-06-30,2026-03-31,189,182.0,7.0,0.03846153846153855,21,18.0,3.0,0.16666666666666674,1007822110.0,886489757.0,0.13686830788728455,23508052.0,21467085.0,0.0950742497176491,positive,373865104
GAIA,2026-06-30,2026-03-31,63,72.0,-9.0,-0.125,0,0.0,0.0,,16532788.0,32614205.0,-0.49308014713220816,8032999.0,10474654.0,-0.23310125565961415,neutral,36269P104
GALT,2026-06-30,2026-03-31,100,99.0,1.0,0.010101010101010166,2,1.0,1.0,1.0,71426804.0,43520427.0,0.641224797725445,15911293.0,15913960.0,-0.00016758870827882077,positive,363225202
GANX,2026-06-30,2026-03-31,50,42.0,8.0,0.19047619047619047,0,0.0,0.0,,14946628.0,14907472.0,0.0026266022837406755,9239420.0,8616535.0,0.07228949920124506,neutral,36269B105
GAP,2026-06-30,2026-03-31,489,494.0,-5.0,-0.010121457489878583,56,59.0,-3.0,-0.05084745762711862,4040294782.0,5995325532.0,-0.3260925098337095,228591408.0,253621230.0,-0.09868977451138461,negative,364760108
GASS,2026-06-30,2026-03-31,70,71.0,-1.0,-0.014084507042253502,3,3.0,0.0,0.0,99677135.0,120178500.0,-0.17059095428882876,14077549.0,14485050.0,-0.028132522842516994,neutral,Y81669106
GATX,2026-06-30,2026-03-31,411,398.0,13.0,0.03266331658291466,52,47.0,5.0,0.1063829787234043,6408461657.0,6370643262.0,0.00593635421803973,43674943.0,37896869.0,0.15246837410235647,positive,361448103
GAUZ,2026-06-30,2026-03-31,16,17.0,-1.0,-0.05882352941176472,0,0.0,0.0,,123946.0,311278.0,-0.6018157402707547,271858.0,407734.0,-0.3332466755286535,neutral,M4757U106
GBCI,2026-06-30,2026-03-31,435,414.0,21.0,0.050724637681159424,71,66.0,5.0,0.07575757575757569,5744370912.0,4967321563.0,0.1564322621647838,122446679.0,114291126.0,0.07135770978404743,positive,37637Q105
GBFH,2026-06-30,2026-03-31,85,69.0,16.0,0.2318840579710144,2,3.0,-1.0,-0.33333333333333337,117040503.0,112257499.0,0.04260743418130142,3893868.0,4195215.0,-0.07183112188529073,negative,36166F100
GBLI,2026-06-30,2026-03-31,23,24.0,-1.0,-0.04166666666666663,2,4.0,-2.0,-0.5,71306625.0,91615969.0,-0.22167908304282635,2875229.0,3388190.0,-0.15139676346367825,negative,37959R103
GBTG,2026-06-30,2026-03-31,193,168.0,25.0,0.14880952380952372,23,15.0,8.0,0.5333333333333334,3049124328.0,1887565723.0,0.6153738600179062,333164269.0,338667695.0,-0.01625022427958478,positive,37890B100
GCBC,2026-06-30,2026-03-31,82,76.0,6.0,0.07894736842105265,2,2.0,0.0,0.0,85545122.0,58489020.0,0.46258429359903785,2563691.0,2735701.0,-0.06287602336658871,neutral,394357107
GCMG,2026-06-30,2026-03-31,150,148.0,2.0,0.013513513513513598,16,14.0,2.0,0.1428571428571428,684343222.0,594003371.0,0.1520864281425096,55847318.0,60903753.0,-0.08302337296028373,positive,36831E108
GCO,2026-06-30,2026-03-31,143,129.0,14.0,0.10852713178294571,8,6.0,2.0,0.33333333333333326,313135706.0,274271146.0,0.14170123458776085,9910914.0,9968306.0,-0.005757447654596515,positive,371532102
GCT,2026-06-30,2026-03-31,223,238.0,-15.0,-0.06302521008403361,16,18.0,-2.0,-0.11111111111111116,706326185.0,915699902.0,-0.22864883630838262,25091457.0,21829916.0,0.14940694228965423,negative,G38644103
GCTK,2026-06-30,2026-03-31,19,13.0,6.0,0.46153846153846145,0,0.0,0.0,,116125.0,77549.0,0.49744032805065186,587976.0,159900.0,2.6771482176360224,neutral,45824Q804
GD,2026-06-30,2026-03-31,2213,2225.0,-12.0,-0.005393258426966252,330,316.0,14.0,0.044303797468354444,81687975945.0,87606708987.0,-0.06756027147279653,365494737.0,260111010.0,0.40514904386400263,positive,369550108
GDC,2026-06-30,2026-03-31,17,7.0,10.0,1.4285714285714284,0,0.0,0.0,,83836.0,494835.0,-0.830577869390807,40919.0,181925.0,-0.7750776418853923,neutral,19200A303
GDDY,2026-06-30,2026-03-31,625,625.0,0.0,0.0,94,105.0,-11.0,-0.10476190476190472,10764970868.0,11754837950.0,-0.08420933459146496,147159962.0,149119170.0,-0.013138538794173815,negative,380237107
GDEV,2026-06-30,2026-03-31,7,5.0,2.0,0.3999999999999999,0,0.0,0.0,,4905621.0,5494392.0,-0.10715853546670862,391404.0,393679.0,-0.005778819799887702,neutral,G6529J209
GDOT,2026-06-30,2026-03-31,162,174.0,-12.0,-0.06896551724137934,16,16.0,0.0,0.0,620644232.0,530692003.0,0.1694998765602278,48013786.0,48688837.0,-0.013864594876234149,neutral,39304D102
GDTC,2026-06-30,2026-03-31,3,3.0,0.0,0.0,0,0.0,0.0,,12240.0,16339.0,-0.25087214639818833,11884.0,16339.0,-0.27266050553889465,neutral,Y1R80M106
GDYN,2026-06-30,2026-03-31,200,197.0,3.0,0.015228426395939021,7,9.0,-2.0,-0.2222222222222222,329892314.0,404863137.0,-0.18517572025827578,63545004.0,73282799.0,-0.13287968162897268,negative,39813G109
GE,2026-06-30,2026-03-31,22,22.0,0.0,0.0,0,0.0,0.0,,27215725.0,20323658.0,0.33911547812898646,85967.0,1114053.0,-0.9228340123854072,neutral,369604103
GEF-B,2026-06-30,2026-03-31,136,130.0,6.0,0.04615384615384621,10,8.0,2.0,0.25,283744898.0,232213748.0,0.22191257168804657,3354477.0,2666511.0,0.2580023108848979,positive,397624206
GEG,2026-06-30,2026-03-31,26,23.0,3.0,0.13043478260869557,0,0.0,0.0,,13510360.0,12571601.0,0.074672987155733,6213519.0,6722706.0,-0.07574137557108696,neutral,39037G109
GEHC,2026-06-30,2026-03-31,1228,1276.0,-48.0,-0.037617554858934144,165,166.0,-1.0,-0.0060240963855421326,24924144437.0,30131106077.0,-0.17281017254041775,438763823.0,434978568.0,0.008702164378820543,negative,36266G107
GELS,2026-06-30,2026-03-31,6,5.0,1.0,0.19999999999999996,0,0.0,0.0,,60299.0,27878.0,1.1629600401750486,109981.0,62384.0,0.7629680687355733,neutral,Q3978B109
GEN,2026-06-30,2026-03-31,689,676.0,13.0,0.019230769230769162,98,80.0,18.0,0.2250000000000001,13058707072.0,10400699111.0,0.255560509215081,569569002.0,587412511.0,-0.030376453796708502,positive,668771108
GEO,2026-06-30,2026-03-31,293,260.0,33.0,0.12692307692307692,47,36.0,11.0,0.3055555555555556,3670898397.0,2125055007.0,0.7274368827667717,128709478.0,134289574.0,-0.04155271205194233,positive,36162J106
GEOS,2026-06-30,2026-03-31,84,86.0,-2.0,-0.023255813953488413,0,2.0,-2.0,-1.0,27965525.0,80665736.0,-0.65331593825661,5185511.0,7570489.0,-0.3150361885473977,negative,37364X109
GERN,2026-06-30,2026-03-31,261,256.0,5.0,0.01953125,15,17.0,-2.0,-0.11764705882352944,630350065.0,796412823.0,-0.20851341566106352,494194753.0,536327834.0,-0.07855844565396919,negative,374163103
GETY,2026-06-30,2026-03-31,114,134.0,-20.0,-0.14925373134328357,2,2.0,0.0,0.0,138374902.0,143025480.0,-0.03251573076349756,160459049.0,180881239.0,-0.11290385953183346,neutral,374275105
GEV,2026-06-30,2026-03-31,3443,3145.0,298.0,0.09475357710651822,614,507.0,107.0,0.2110453648915187,244191160055.0,191750800103.0,0.2734818312300724,698783715.0,225956282.0,2.0925615734817233,positive,36828A101
GEVO,2026-06-30,2026-03-31,150,162.0,-12.0,-0.07407407407407407,3,6.0,-3.0,-0.5,138390629.0,268212117.0,-0.48402544020783367,92728204.0,98546248.0,-0.05903871652221604,negative,374396406
GFAI,2026-06-30,2026-03-31,18,18.0,0.0,0.0,0,0.0,0.0,,574982.0,572162.0,0.004928674046860815,1790825.0,1423055.0,0.2584369542990257,neutral,G4236L138
GFF,2026-06-30,2026-03-31,348,339.0,9.0,0.026548672566371723,49,45.0,4.0,0.0888888888888888,3482487145.0,2668448864.0,0.3050604761373459,41337865.0,38710068.0,0.06788407088305815,positive,398433102
GFS,2026-06-30,2026-03-31,444,352.0,92.0,0.26136363636363646,71,52.0,19.0,0.3653846153846154,44468865193.0,24909513208.0,0.7852161470067698,546726699.0,564545735.0,-0.03156349414277304,positive,G39387108
GGG,2026-06-30,2026-03-31,732,766.0,-34.0,-0.044386422976501305,129,129.0,0.0,0.0,11201649749.0,12932948833.0,-0.13386731103291605,171350168.0,157131896.0,0.0904862243882043,neutral,384109104
GGR,2026-06-30,2026-03-31,10,10.0,0.0,0.0,0,0.0,0.0,,5667487.0,7387795.0,-0.23285811260328693,1422248.0,2122890.0,-0.3300415942418119,neutral,G9491K139
GH,2026-06-30,2026-03-31,599,490.0,109.0,0.22244897959183674,155,119.0,36.0,0.3025210084033614,18743771420.0,12332889010.0,0.519820003634331,156508449.0,145799885.0,0.07344699894653561,positive,40131M109
GHRS,2026-06-30,2026-03-31,64,54.0,10.0,0.18518518518518512,11,10.0,1.0,0.10000000000000009,1382770525.0,668594631.0,1.0681747368084982,51506297.0,47555546.0,0.08307655641257905,positive,G3855L106
GIB,2026-06-30,2026-03-31,2,2.0,0.0,0.0,0,0.0,0.0,,1603794.0,10462071.0,-0.8467039652091828,211024.0,261662.0,-0.1935244705001108,neutral,12532H955
GIBO,2026-06-30,2026-03-31,1,4.0,-3.0,-0.75,0,0.0,0.0,,26627.0,59719.0,-0.5541285018168423,1173.0,44567.0,-0.9736800771871564,neutral,G38617133
GIC,2026-06-30,2026-03-31,166,172.0,-6.0,-0.03488372093023251,8,6.0,2.0,0.33333333333333326,430894102.0,387982117.0,0.11060299719948175,13808973.0,12589662.0,0.09685017755043779,positive,37892E102
GIFT,2026-06-30,2026-03-31,17,16.0,1.0,0.0625,0,0.0,0.0,,5977061.0,4047620.0,0.47668531136816195,6179466.0,4047620.0,0.5266912407785316,neutral,74940T104
GIGM,2026-06-30,2026-03-31,7,8.0,-1.0,-0.125,0,0.0,0.0,,576314.0,548666.0,0.05039131274764608,428082.0,433242.0,-0.011910202611935095,neutral,Y2711Y112
GIL,2026-06-30,2026-03-31,464,488.0,-24.0,-0.049180327868852514,100,92.0,8.0,0.08695652173913038,8559667264.0,9283397004.0,-0.07795958092583588,165997149.0,170682954.0,-0.027453268707782086,positive,375916103
GILD,2026-06-30,2026-03-31,2280,2328.0,-48.0,-0.020618556701030966,407,419.0,-12.0,-0.02863961813842486,136017864358.0,158298409915.0,-0.1407502802394779,1369447136.0,1191426688.0,0.14941787840831044,negative,375558103
GILT,2026-06-30,2026-03-31,1,1.0,0.0,0.0,0,0.0,0.0,,366331.0,408786.0,-0.10385629644850847,27639.0,27639.0,0.0,neutral,B01BZ3900
GIS,2026-06-30,2026-03-31,1339,1315.0,24.0,0.018250950570342095,130,136.0,-6.0,-0.044117647058823484,16503392847.0,17934308137.0,-0.07978647846737397,524481968.0,498576627.0,0.051958594922260515,negative,370334104
GKOS,2026-06-30,2026-03-31,367,336.0,31.0,0.09226190476190466,86,70.0,16.0,0.22857142857142865,8362807844.0,7163197015.0,0.1674686353716044,70992427.0,67559396.0,0.05081500432597119,positive,377322102
GL,2026-06-30,2026-03-31,708,673.0,35.0,0.0520059435364042,107,91.0,16.0,0.17582417582417587,11636413503.0,8949013223.0,0.30030129725287136,83325008.0,65734692.0,0.2675956251533056,positive,37959E102
GLBE,2026-06-30,2026-03-31,234,238.0,-4.0,-0.01680672268907568,59,51.0,8.0,0.15686274509803932,3471114808.0,3263998860.0,0.06345466309384684,115277829.0,115634698.0,-0.0030861757428553016,positive,M5216V106
GLBS,2026-06-30,2026-03-31,13,11.0,2.0,0.18181818181818188,0,0.0,0.0,,1919606.0,987064.0,0.9447634601201138,667246.0,427433.0,0.5610540131435804,neutral,Y27265126
GLE,2026-06-30,2026-03-31,7,4.0,3.0,0.75,0,0.0,0.0,,66278.0,24707.0,1.682559598494354,397609.0,65224.0,5.096053599901877,neutral,G39711109
GLMD,2026-06-30,2026-03-31,14,16.0,-2.0,-0.125,0,0.0,0.0,,62924.0,71213.0,-0.11639728701220287,155725.0,145816.0,0.06795550556866181,neutral,M47238148
GLNG,2026-06-30,2026-03-31,315,344.0,-29.0,-0.08430232558139539,72,71.0,1.0,0.014084507042253502,3884689572.0,4294100935.0,-0.09534274326506953,85325067.0,85410856.0,-0.001004427352888304,positive,G9456A100
GLOB,2026-06-30,2026-03-31,294,293.0,1.0,0.0034129692832765013,38,49.0,-11.0,-0.22448979591836737,1456367452.0,1814876299.0,-0.19753899877227943,50860833.0,40117550.0,0.2677950921728769,negative,L44385109
GLSI,2026-06-30,2026-03-31,60,64.0,-4.0,-0.0625,1,2.0,-1.0,-0.5,39512646.0,48377394.0,-0.18324153632583018,1706406.0,2015830.0,-0.1534970706855241,negative,396879108
GLUE,2026-06-30,2026-03-31,194,191.0,3.0,0.015706806282722585,38,30.0,8.0,0.2666666666666666,2039773011.0,1379961340.0,0.4781377940631293,95318596.0,91216859.0,0.04496687394158139,positive,61225M102
GLXG,2026-06-30,2026-03-31,5,,,,0,,,,73872.0,,,83561.0,,,unavailable,G37692111
GLXY,2026-06-30,2026-03-31,350,292.0,58.0,0.19863013698630128,53,36.0,17.0,0.4722222222222223,4017872908.0,2520596665.0,0.594016592892699,154011461.0,140533953.0,0.09590214828725419,positive,36317J209
GM,2026-06-30,2026-03-31,1,1.0,0.0,0.0,0,0.0,0.0,,141.0,141.0,0.0,4.0,4.0,0.0,neutral,370442501
GME,2026-06-30,2026-03-31,396,381.0,15.0,0.03937007874015741,35,35.0,0.0,0.0,3567806612.0,3929566629.0,-0.09206104671447224,176153033.0,178284709.0,-0.011956583444293067,neutral,36467W109
GMEX,2026-06-30,2026-03-31,2,5.0,-3.0,-0.6,0,0.0,0.0,,6808.0,19598.0,-0.6526176140422493,38605.0,51569.0,-0.251391339758382,neutral,G3514S120
GMHS,2026-06-30,2026-03-31,4,3.0,1.0,0.33333333333333326,0,0.0,0.0,,121689.0,54619.0,1.227960965964225,123680.0,61369.0,1.0153497694275613,neutral,G3731B108
GMM,2026-06-30,2026-03-31,3,6.0,-3.0,-0.5,0,0.0,0.0,,1596.0,17178.0,-0.9070904645476773,697.0,11451.0,-0.9391319535411754,neutral,G3937M205
GNE,2026-06-30,2026-03-31,110,117.0,-7.0,-0.05982905982905984,4,4.0,0.0,0.0,155581272.0,157752089.0,-0.01376093979966253,10834762.0,11249173.0,-0.03683924142690309,neutral,372284208
GNL,2026-06-30,2026-03-31,344,357.0,-13.0,-0.036414565826330514,26,23.0,3.0,0.13043478260869557,1512175488.0,1521842740.0,-0.006352333093234019,173926262.0,165931724.0,0.04817968383188731,positive,379378201
GNLX,2026-06-30,2026-03-31,74,71.0,3.0,0.04225352112676051,0,0.0,0.0,,29593469.0,27402506.0,0.07995484062662017,9885524.0,10999769.0,-0.10129712723967199,neutral,36870H103
GNPX,2026-06-30,2026-03-31,28,27.0,1.0,0.03703703703703698,0,0.0,0.0,,117996.0,166754.0,-0.29239478513259054,299399.0,99433.0,2.011062725654461,neutral,372446302
GNSS,2026-06-30,2026-03-31,43,53.0,-10.0,-0.18867924528301883,0,2.0,-2.0,-1.0,28833834.0,47901601.0,-0.3980611629243874,17536001.0,26977965.0,-0.34998799946548975,negative,36872P103
GNTX,2026-06-30,2026-03-31,531,506.0,25.0,0.049407114624505866,74,58.0,16.0,0.27586206896551735,5273651656.0,4490419085.0,0.17442304519334195,407923418.0,212127238.0,0.9230129135985827,positive,371901109
GOGO,2026-06-30,2026-03-31,188,193.0,-5.0,-0.025906735751295318,6,7.0,-1.0,-0.1428571428571429,308434515.0,390826178.0,-0.21081408472080398,101418554.0,99518997.0,0.019087380874628357,negative,38046C109
GOLD,2026-06-30,2026-03-31,223,218.0,5.0,0.022935779816513735,19,16.0,3.0,0.1875,731687430.0,711987020.0,0.027669619595031447,19263842.0,18557025.0,0.03808891780875445,positive,00181T107
GOOD,2026-06-30,2026-03-31,204,205.0,-1.0,-0.004878048780487809,8,7.0,1.0,0.1428571428571428,329190775.0,299197691.0,0.10024503832150233,28042076.0,26880898.0,0.04319714319067769,positive,376536108
GOOG,2026-06-30,2026-03-31,5235,5147.0,88.0,0.01709733825529436,1492,1368.0,124.0,0.09064327485380108,1162918631321.0,985202444256.0,0.18038545082904944,5924808421.0,3586516563.0,0.6519673942462147,positive,02079K107
GOOGL,2026-06-30,2026-03-31,5783,5660.0,123.0,0.02173144876325095,2064,1893.0,171.0,0.09033280507131547,1621888736826.0,1384183106175.0,0.17172990306742508,7930079752.0,5028589378.0,0.576998867056828,positive,02079K305
GOOS,2026-06-30,2026-03-31,1,1.0,0.0,0.0,0,0.0,0.0,,153549.0,177605.0,-0.1354466372005293,16221.0,16221.0,0.0,neutral,135086957
GOSS,2026-06-30,2026-03-31,171,185.0,-14.0,-0.07567567567567568,0,0.0,0.0,,61896006.0,59511056.0,0.040075746597405315,394515614.0,188459687.0,1.0933687213435732,neutral,38341P102
GOVX,2026-06-30,2026-03-31,18,16.0,2.0,0.125,0,0.0,0.0,,465668.0,450110.0,0.034564884139432595,493208.0,336637.0,0.46510336059316115,neutral,373678705
GPAT,2026-06-30,2026-03-31,41,64.0,-23.0,-0.359375,4,11.0,-7.0,-0.6363636363636364,103026266.0,291935144.0,-0.647091937653111,21657139.0,39548901.0,-0.45239593383391363,negative,G4035N103
GPC,2026-06-30,2026-03-31,1080,1084.0,-4.0,-0.0036900369003689537,135,123.0,12.0,0.09756097560975618,15155861717.0,13444342143.0,0.12730407749189343,158423447.0,131222088.0,0.20729253294613015,positive,372460105
GPGI,2026-06-30,2026-03-31,199,203.0,-4.0,-0.019704433497536922,33,32.0,1.0,0.03125,4313418931.0,4859089520.0,-0.11229893722970552,278451039.0,290233111.0,-0.04059520279889772,positive,20459V105
GPI,2026-06-30,2026-03-31,385,381.0,4.0,0.01049868766404205,52,54.0,-2.0,-0.03703703703703709,3443105068.0,3896754583.0,-0.11641726604469615,16042868.0,12182141.0,0.3169169524470288,negative,398905109
GPN,2026-06-30,2026-03-31,1,2.0,-1.0,-0.5,0,0.0,0.0,,872195.0,1261598.0,-0.3086585425785393,970000.0,976069.0,-0.006217798126976648,neutral,37940XAU6
GPOR,2026-06-30,2026-03-31,292,307.0,-15.0,-0.04885993485342022,58,63.0,-5.0,-0.07936507936507942,3523032358.0,4238874951.0,-0.16887560998493822,24831663.0,20721118.0,0.19837467264073294,negative,402635502
GPRE,2026-06-30,2026-03-31,222,205.0,17.0,0.08292682926829276,32,35.0,-3.0,-0.08571428571428574,1206181358.0,1261784306.0,-0.04406691994471523,80399929.0,78772263.0,0.020662933093594127,negative,393222104
GPRK,2026-06-30,2026-03-31,75,88.0,-13.0,-0.1477272727272727,4,2.0,2.0,1.0,138431820.0,162501412.0,-0.14811927911124856,15286759.0,17183989.0,-0.11040684441778914,positive,G38327105
GPRO,2026-06-30,2026-03-31,142,124.0,18.0,0.14516129032258074,0,0.0,0.0,,52537055.0,37629563.0,0.39616436683040934,68471692.0,50723893.0,0.34989031697547346,neutral,38268T103
GRAB,2026-06-30,2026-03-31,21,18.0,3.0,0.16666666666666674,0,0.0,0.0,,447472.0,741292.0,-0.39636202737922444,8040282.0,8436996.0,-0.04702076426254087,neutral,G4124C117
GRAL,2026-06-30,2026-03-31,376,368.0,8.0,0.021739130434782705,36,30.0,6.0,0.19999999999999996,2672680444.0,1891431450.0,0.4130464225917361,42530374.0,36802483.0,0.15563871057287093,positive,384747101
GRBK,2026-06-30,2026-03-31,326,314.0,12.0,0.03821656050955413,34,29.0,5.0,0.17241379310344818,2719550633.0,2262820314.0,0.20184117853911054,37985197.0,36334504.0,0.04543045365364007,positive,392709101
GRC,2026-06-30,2026-03-31,250,219.0,31.0,0.14155251141552516,31,23.0,8.0,0.34782608695652173,1505210604.0,1055811903.0,0.4256427681134032,19906251.0,18156586.0,0.09636530788332132,positive,383082104
GRCE,2026-06-30,2026-03-31,34,34.0,0.0,0.0,0,0.0,0.0,,8862702.0,21612994.0,-0.5899364058491849,4244342.0,4667928.0,-0.09074390179111591,neutral,00439U104
GRDX,2026-06-30,2026-03-31,19,14.0,5.0,0.3571428571428572,0,0.0,0.0,,2893735.0,741043.0,2.9049488356276223,638063.0,366853.0,0.739287943672261,neutral,33749P507
GRI,2026-06-30,2026-03-31,11,6.0,5.0,0.8333333333333333,0,0.0,0.0,,114741.0,64652.0,0.7747478809626926,93582.0,28233.0,2.314631813834874,neutral,3622AW502
GRML,2026-06-30,2026-03-31,50,30.0,20.0,0.6666666666666667,0,0.0,0.0,,5181500.0,3571565.0,0.4507645807930136,20702283.0,11983759.0,0.7275283156144912,neutral,49876K103
GRMN,2026-06-30,2026-03-31,4,4.0,0.0,0.0,0,0.0,0.0,,5195379.0,5301085.0,-0.019940446153947744,83270.0,38215.0,1.1789873086484364,neutral,H2906T909
GRND,2026-06-30,2026-03-31,180,165.0,15.0,0.09090909090909083,18,12.0,6.0,0.5,576991520.0,444781108.0,0.29724826352112066,41272592.0,36863526.0,0.11960510776966915,positive,39854F101
GRNT,2026-06-30,2026-03-31,173,157.0,16.0,0.10191082802547768,8,8.0,0.0,0.0,491603149.0,646038619.0,-0.23904990422871297,112144625.0,110244606.0,0.017234575630847626,neutral,387432107
GROV,2026-06-30,2026-03-31,28,27.0,1.0,0.03703703703703698,0,0.0,0.0,,15397877.0,17264998.0,-0.10814487207006918,12424132.0,13552628.0,-0.08326768800855455,neutral,39957D201
GRPN,2026-06-30,2026-03-31,163,151.0,12.0,0.07947019867549665,20,8.0,12.0,1.5,878803446.0,442071570.0,0.9879212001803237,38359232.0,46023151.0,-0.16652312658905077,positive,399473206
GRRR,2026-06-30,2026-03-31,6,10.0,-4.0,-0.4,0,0.0,0.0,,24291.0,34253.0,-0.29083583919656675,143529.0,226296.0,-0.36574663272881536,neutral,G4000K118
GRWG,2026-06-30,2026-03-31,91,98.0,-7.0,-0.0714285714285714,0,0.0,0.0,,24800734.0,21330710.0,0.16267737923397774,16926570.0,19550668.0,-0.1342203754879373,neutral,39986L109
GS,2026-06-30,2026-03-31,3173,3012.0,161.0,0.05345285524568388,617,558.0,59.0,0.10573476702508966,214123051862.0,192915698486.0,0.10993067719441729,674507870.0,238107725.0,1.8327844886174947,positive,38141G104
GSAT,2026-06-30,2026-03-31,315,282.0,33.0,0.11702127659574457,49,32.0,17.0,0.53125,2666838810.0,2171264977.0,0.22824198715935906,39437633.0,34238708.0,0.15184349245888606,positive,378973507
GSBC,2026-06-30,2026-03-31,154,143.0,11.0,0.07692307692307687,11,7.0,4.0,0.5714285714285714,432729817.0,346344521.0,0.24942013158048493,6436638.0,5714218.0,0.12642499813622798,positive,390905107
GSBD,2026-06-30,2026-03-31,208,200.0,8.0,0.040000000000000036,11,7.0,4.0,0.5714285714285714,495076782.0,360537357.0,0.37316361921408325,51895592.0,43334392.0,0.19756132727095843,positive,38147U107
GSHR,2026-06-30,2026-03-31,45,44.0,1.0,0.022727272727272707,3,2.0,1.0,0.5,134271243.0,124042651.0,0.08246028214924239,19476028.0,18224873.0,0.0686509585005064,positive,G3852D107
GSIT,2026-06-30,2026-03-31,90,70.0,20.0,0.2857142857142858,2,1.0,1.0,1.0,94993776.0,55275684.0,0.7185454638607458,13843348.0,11596193.0,0.193783856477725,positive,36241U106
GSL,2026-06-30,2026-03-31,208,198.0,10.0,0.05050505050505061,18,16.0,2.0,0.125,532250126.0,554239086.0,-0.03967414163929972,16869098.0,17641443.0,-0.043780148823426734,positive,Y27183600
GSM,2026-06-30,2026-03-31,179,173.0,6.0,0.034682080924855585,6,9.0,-3.0,-0.33333333333333337,296333304.0,395979166.0,-0.251644203927638,107153659.0,110788287.0,-0.03280696992814769,negative,G33856108
GSUN,2026-06-30,2026-03-31,6,4.0,2.0,0.5,0,0.0,0.0,,75191.0,123337.0,-0.3903613676350163,225127.0,212649.0,0.05867885576701504,neutral,G4013A115
GTBP,2026-06-30,2026-03-31,60,42.0,18.0,0.4285714285714286,0,0.0,0.0,,1018397.0,829648.0,0.22750491774824977,2226171.0,2081084.0,0.06971703208520186,neutral,36254L308
GTIM,2026-06-30,2026-03-31,21,19.0,2.0,0.10526315789473695,0,0.0,0.0,,1709167.0,1842595.0,-0.07241309131957918,1212585.0,1575278.0,-0.23024063054267252,neutral,382140879
GTLB,2026-06-30,2026-03-31,401,372.0,29.0,0.07795698924731176,68,56.0,12.0,0.2142857142857142,4398950762.0,3073183090.0,0.431398856877089,151863390.0,147006246.0,0.03304039203885245,positive,37637K108
GTM,2026-06-30,2026-03-31,333,364.0,-31.0,-0.0851648351648352,18,27.0,-9.0,-0.33333333333333337,730630756.0,1685696709.0,-0.5665704559431515,270267748.0,301555939.0,-0.10375584411885852,negative,98980F104
GTN-A,2026-06-30,2026-03-31,14,14.0,0.0,0.0,0,0.0,0.0,,2388623.0,4216051.0,-0.4334454208452412,341178.0,339679.0,0.004412989911062981,neutral,389375205
GTX,2026-06-30,2026-03-31,460,413.0,47.0,0.11380145278450371,83,59.0,24.0,0.4067796610169492,6144961005.0,3613112698.0,0.700738814042938,191674564.0,212390607.0,-0.0975374725493392,positive,366505105
GUTS,2026-06-30,2026-03-31,76,83.0,-7.0,-0.08433734939759041,1,0.0,1.0,,65110936.0,36468090.0,0.7854221594824407,82139277.0,79819582.0,0.029061728236061235,positive,35168W103
GVH,2026-06-30,2026-03-31,4,5.0,-1.0,-0.19999999999999996,0,0.0,0.0,,95823.0,97165.0,-0.013811557659651141,19963.0,43572.0,-0.5418387955567796,neutral,G3R39B116
GWH,2026-06-30,2026-03-31,47,52.0,-5.0,-0.09615384615384615,0,0.0,0.0,,6926236.0,9453203.0,-0.2673133116891703,7300609.0,8245498.0,-0.1145945338898875,neutral,26916J205
GWRE,2026-06-30,2026-03-31,550,599.0,-49.0,-0.08180300500834725,104,108.0,-4.0,-0.03703703703703709,10240647541.0,13174829560.0,-0.22271119376818715,98591648.0,90527750.0,0.08907653178169128,negative,40171V100
GWRS,2026-06-30,2026-03-31,110,98.0,12.0,0.12244897959183665,0,0.0,0.0,,52805600.0,49915216.0,0.0579058698253454,7525880.0,8074387.0,-0.06793172038942397,neutral,379463102
GXAI,2026-06-30,2026-03-31,15,14.0,1.0,0.0714285714285714,0,0.0,0.0,,768460.0,462741.0,0.6606697915248487,717335.0,397718.0,0.8036271931368457,neutral,62911P300
GXO,2026-06-30,2026-03-31,481,474.0,7.0,0.014767932489451407,78,75.0,3.0,0.040000000000000036,6024660476.0,6197506679.0,-0.027889635615187425,129204661.0,121470182.0,0.06367388994280088,positive,36262G101
GYRE,2026-06-30,2026-03-31,64,56.0,8.0,0.1428571428571428,1,1.0,0.0,0.0,58207046.0,30610161.0,0.9015596161026398,8852397.0,4396056.0,1.0137134285823475,neutral,403783103
GYRO,2026-06-30,2026-03-31,13,13.0,0.0,0.0,0,0.0,0.0,,5556257.0,6716969.0,-0.17280294132666085,911396.0,864189.0,0.05462578209164892,neutral,403829104
H,2026-06-30,2026-03-31,528,488.0,40.0,0.08196721311475419,76,63.0,13.0,0.20634920634920628,9131806426.0,7366477426.0,0.23964357696519456,57166948.0,51801515.0,0.10357675832453928,positive,448579102
HAFC,2026-06-30,2026-03-31,229,216.0,13.0,0.06018518518518512,19,19.0,0.0,0.0,854913834.0,743935639.0,0.149177145417011,30044513.0,29929431.0,0.00384511152250111,neutral,410495204
HAFN,2026-06-30,2026-03-31,2,1.0,1.0,1.0,0,0.0,0.0,,640086.0,829625.0,-0.2284634624077143,98436.0,108358.0,-0.0915668432418465,neutral,BSY3S8908
HAIN,2026-06-30,2026-03-31,148,153.0,-5.0,-0.0326797385620915,0,0.0,0.0,,42226241.0,52723225.0,-0.19909601508633057,76412758.0,76352971.0,0.0007830343628671965,neutral,405217100
HAL,2026-06-30,2026-03-31,1207,1205.0,2.0,0.0016597510373443924,201,195.0,6.0,0.03076923076923066,24354331180.0,29045254937.0,-0.16150396225389485,826668988.0,781929515.0,0.057216759492701774,positive,406216101
HALO,2026-06-30,2026-03-31,669,636.0,33.0,0.05188679245283012,108,96.0,12.0,0.125,9372078384.0,8027957959.0,0.16742992824135694,136851977.0,129416742.0,0.05745187898486881,positive,40637H109
HAO,2026-06-30,2026-03-31,3,2.0,1.0,0.5,0,0.0,0.0,,50285.0,20599.0,1.4411379193164717,60428.0,19631.0,2.078192654475065,neutral,G4290F126
HAS,2026-06-30,2026-03-31,772,819.0,-47.0,-0.057387057387057405,103,118.0,-15.0,-0.1271186440677966,11416445413.0,13112505427.0,-0.1293467540160279,153145255.0,142614784.0,0.0738385650116049,negative,418056107
HASI,2026-06-30,2026-03-31,0,1.0,-1.0,-1.0,0,0.0,0.0,,0.0,6907.0,-1.0,0.0,187959.0,-1.0,neutral,
HBCP,2026-06-30,2026-03-31,144,134.0,10.0,0.07462686567164178,7,4.0,3.0,0.75,282282916.0,228134350.0,0.23735384872992604,4293951.0,3918237.0,0.09588853354199856,positive,43689E107
HBIO,2026-06-30,2026-03-31,37,37.0,0.0,0.0,0,0.0,0.0,,9225311.0,7726295.0,0.19401485446776245,1679489.0,1764966.0,-0.04842982811000329,neutral,416906204
HBM,2026-06-30,2026-03-31,323,296.0,27.0,0.09121621621621623,87,75.0,12.0,0.15999999999999992,7634210471.0,6170528370.0,0.23720531099348952,330827339.0,308781978.0,0.07139458443394009,positive,443628102
HCA,2026-06-30,2026-03-31,1340,1426.0,-86.0,-0.060308555399719466,267,282.0,-15.0,-0.05319148936170215,50715725519.0,67069698569.0,-0.24383549350792666,225421997.0,147015636.0,0.5333198776217245,negative,40412C101
HCAT,2026-06-30,2026-03-31,130,132.0,-2.0,-0.015151515151515138,2,1.0,1.0,1.0,103553422.0,74135633.0,0.3968103840160102,52869355.0,58744790.0,-0.10001627378359856,positive,42225T107
HCC,2026-06-30,2026-03-31,346,344.0,2.0,0.005813953488372103,45,53.0,-8.0,-0.15094339622641506,4296467029.0,4499337399.0,-0.04508894355090798,61134985.0,52375139.0,0.16725198571788047,negative,93627C101
HCI,2026-06-30,2026-03-31,293,282.0,11.0,0.03900709219858145,33,29.0,4.0,0.13793103448275867,1665376236.0,1481376895.0,0.12420832377029889,12043471.0,9734822.0,0.23715369423292998,positive,40416E103
HCKT,2026-06-30,2026-03-31,167,171.0,-4.0,-0.023391812865497075,3,10.0,-7.0,-0.7,230380376.0,286043913.0,-0.19459787280982976,21275735.0,22448168.0,-0.05222844910996749,negative,404609109
HCMA,2026-06-30,2026-03-31,60,59.0,1.0,0.016949152542372836,9,10.0,-1.0,-0.09999999999999998,234988665.0,230824597.0,0.018039966511887773,29985023.0,29289020.0,0.023763273745587954,negative,G4365E103
HCTI,2026-06-30,2026-03-31,8,10.0,-2.0,-0.19999999999999996,0,0.0,0.0,,78442.0,233483.0,-0.6640354972310618,43338.0,101398.0,-0.5725951202193338,neutral,42227W405
HCWB,2026-06-30,2026-03-31,12,15.0,-3.0,-0.19999999999999996,0,0.0,0.0,,448733.0,53632.0,7.3668891706443915,103505.0,462871.0,-0.7763847810729123,neutral,40423R303
HD,2026-06-30,2026-03-31,4098,4145.0,-47.0,-0.011338962605548897,749,715.0,34.0,0.047552447552447585,264541521407.0,258179268786.0,0.024642771090476412,1309322202.0,810804821.0,0.6148426453423863,positive,437076102
HDB,2026-06-30,2026-03-31,555,606.0,-51.0,-0.08415841584158412,151,143.0,8.0,0.05594405594405605,16014351172.0,15549572882.0,0.029890100102879513,649003829.0,652566629.0,-0.0054596723792935675,positive,40415F101
HEI-A,2026-06-30,2026-03-31,668,624.0,44.0,0.07051282051282048,145,131.0,14.0,0.10687022900763354,18104367931.0,15507659899.0,0.16744680041425508,95270235.0,74583448.0,0.27736431547117535,positive,422806208
HELE,2026-06-30,2026-03-31,203,189.0,14.0,0.07407407407407418,23,10.0,13.0,1.2999999999999998,660679589.0,332157540.0,0.9890549195420943,23280388.0,23000475.0,0.012169879100322856,positive,G4388N106
HELP,2026-06-30,2026-03-31,101,81.0,20.0,0.24691358024691357,7,3.0,4.0,1.3333333333333335,197533010.0,114792582.0,0.7207820101128137,30217842.0,24110201.0,0.2533218615639081,positive,23256X407
HESM,2026-06-30,2026-03-31,286,290.0,-4.0,-0.01379310344827589,46,45.0,1.0,0.022222222222222143,4273819563.0,4516194699.0,-0.0536679997551186,120189852.0,116644420.0,0.03039521307577342,positive,428103105
HFFG,2026-06-30,2026-03-31,61,67.0,-6.0,-0.08955223880597019,0,0.0,0.0,,12301574.0,23404272.0,-0.4743876673455171,8738894.0,12719175.0,-0.31293546947816975,neutral,40417F109
HG,2026-06-30,2026-03-31,244,222.0,22.0,0.0990990990990992,29,29.0,0.0,0.0,1824754878.0,1624061829.0,0.12357475892625014,56568086.0,55506500.0,0.019125435759775877,neutral,G42706104
HGBL,2026-06-30,2026-03-31,36,38.0,-2.0,-0.052631578947368474,0,0.0,0.0,,14297375.0,18679899.0,-0.23461176101648085,11826512.0,13744243.0,-0.13952976529882366,neutral,42727E103
HGV,2026-06-30,2026-03-31,305,266.0,39.0,0.14661654135338353,43,38.0,5.0,0.13157894736842102,4379729402.0,3405886714.0,0.28592926593741064,88916950.0,88670301.0,0.002781641623163189,positive,43283X105
HHH,2026-06-30,2026-03-31,308,294.0,14.0,0.04761904761904767,37,32.0,5.0,0.15625,3840550387.0,3556652269.0,0.0798217246241566,56948715.0,56593331.0,0.0062796091645498375,positive,44267T102
HHS,2026-06-30,2026-03-31,22,22.0,0.0,0.0,0,0.0,0.0,,4590405.0,5274258.0,-0.1296586173827674,2170305.0,2337413.0,-0.07149271438124116,neutral,416196202
HIG,2026-06-30,2026-03-31,1201,1197.0,4.0,0.003341687552213868,207,194.0,13.0,0.0670103092783505,32665549693.0,35287799389.0,-0.07431037756402048,309820747.0,271885028.0,0.13952853262666598,positive,416515104
HIMS,2026-06-30,2026-03-31,509,437.0,72.0,0.16475972540045758,61,48.0,13.0,0.27083333333333326,5413761381.0,3235668278.0,0.6731509276798615,167273922.0,160225118.0,0.04399312721991566,positive,433000106
HIND,2026-06-30,2026-03-31,12,9.0,3.0,0.33333333333333326,0,0.0,0.0,,253553.0,218619.0,0.15979397948028295,138040.0,101494.0,0.3600803988413108,neutral,92943X104
HIPO,2026-06-30,2026-03-31,139,128.0,11.0,0.0859375,9,9.0,0.0,0.0,331835269.0,303448952.0,0.09354560894973862,12367636.0,11710076.0,0.056153350328383755,neutral,433539202
HIT,2026-06-30,2026-03-31,21,15.0,6.0,0.3999999999999999,0,0.0,0.0,,4708626.0,4501445.0,0.0460254429411,4677151.0,3104445.0,0.5065981197927487,neutral,42217D102
HITI,2026-06-30,2026-03-31,47,51.0,-4.0,-0.07843137254901966,0,0.0,0.0,,14918409.0,18597150.0,-0.197812084109662,6641616.0,8131789.0,-0.18325278730178562,neutral,42981E401
HIVE,2026-06-30,2026-03-31,191,132.0,59.0,0.446969696969697,12,3.0,9.0,3.0,431974998.0,154560395.0,1.7948621508116616,115223433.0,82690419.0,0.3934314808587438,positive,433921103
HKPD,2026-06-30,2026-03-31,6,4.0,2.0,0.5,0,0.0,0.0,,90794.0,35450.0,1.5611847672778563,245251.0,62356.0,2.9330778112771827,neutral,G6365B104
HLF,2026-06-30,2026-03-31,236,254.0,-18.0,-0.07086614173228345,26,29.0,-3.0,-0.10344827586206895,1228254831.0,1433467703.0,-0.14315835060010418,109218199.0,110796694.0,-0.014246769853981434,negative,G4412G101
HLI,2026-06-30,2026-03-31,521,549.0,-28.0,-0.051001821493624755,90,91.0,-1.0,-0.01098901098901095,7233184008.0,7824578086.0,-0.07558159321818803,65620055.0,58303149.0,0.12549761248744895,negative,441593100
HLIO,2026-06-30,2026-03-31,285,252.0,33.0,0.13095238095238093,53,43.0,10.0,0.2325581395348837,2744118570.0,2141057491.0,0.28166505641954287,36190041.0,35026307.0,0.03322457032081627,positive,42328H109
HLIT,2026-06-30,2026-03-31,259,249.0,10.0,0.04016064257028118,33,21.0,12.0,0.5714285714285714,1473577320.0,882193267.0,0.6703565705177843,98256654.0,99888013.0,-0.016331879581987452,positive,413160102
HLLY,2026-06-30,2026-03-31,135,140.0,-5.0,-0.0357142857142857,5,6.0,-1.0,-0.16666666666666663,188641107.0,235265306.0,-0.19817711243832947,74611133.0,77378132.0,-0.03575944428330213,negative,43538H103
HLMN,2026-06-30,2026-03-31,233,235.0,-2.0,-0.008510638297872353,29,31.0,-2.0,-0.06451612903225812,1631039324.0,1656213702.0,-0.015199957571658818,201459628.0,209688176.0,-0.03924183116553026,negative,431636109
HLNE,2026-06-30,2026-03-31,382,390.0,-8.0,-0.02051282051282055,65,62.0,3.0,0.048387096774193505,3466710214.0,4342923590.0,-0.2017565720054495,50897049.0,47255445.0,0.07706210363694588,positive,407497106
HLP,2026-06-30,2026-03-31,6,7.0,-1.0,-0.1428571428571429,0,0.0,0.0,,117118.0,170327.0,-0.31239322010016024,274874.0,193554.0,0.42014114924000534,neutral,G4594M108
HMC,2026-06-30,2026-03-31,3,3.0,0.0,0.0,0,0.0,0.0,,203356.0,8007474.0,-0.9746042260018578,153751.0,180495.0,-0.14817030942685394,neutral,385460000
HMY,2026-06-30,2026-03-31,1,1.0,0.0,0.0,0,1.0,-1.0,-1.0,1386.0,92537809.0,-0.9999850223382747,90801.0,2864754.0,-0.9683040847486382,negative,006410562
HNI,2026-06-30,2026-03-31,276,283.0,-7.0,-0.02473498233215543,34,29.0,5.0,0.17241379310344818,2555625427.0,2117191046.0,0.2070830508320598,67850014.0,64192841.0,0.056971664488256524,positive,404251100
HNNA,2026-06-30,2026-03-31,30,33.0,-3.0,-0.09090909090909094,0,0.0,0.0,,11849873.0,13562352.0,-0.126267110601465,1187596.0,1412201.0,-0.1590460564749635,neutral,425885100
HNRG,2026-06-30,2026-03-31,176,184.0,-8.0,-0.04347826086956519,17,17.0,0.0,0.0,639213732.0,601987872.0,0.06183822254811133,36901954.0,37111008.0,-0.005633207268312401,neutral,40609P105
HNST,2026-06-30,2026-03-31,148,153.0,-5.0,-0.0326797385620915,4,3.0,1.0,0.33333333333333326,190051152.0,160770222.0,0.1821290636769788,52050672.0,54858838.0,-0.05118894424996756,positive,438333106
HOG,2026-06-30,2026-03-31,439,400.0,39.0,0.09749999999999992,38,38.0,0.0,0.0,2543412996.0,2143156948.0,0.18676002631236144,113523229.0,113496966.0,0.00023139825605555941,neutral,412822108
HOLO,2026-06-30,2026-03-31,21,14.0,7.0,0.5,0,0.0,0.0,,626291.0,357920.0,0.7498072194903889,527791.0,276030.0,0.9120783972756585,neutral,G55032174
HOMB,2026-06-30,2026-03-31,381,363.0,18.0,0.04958677685950419,54,51.0,3.0,0.05882352941176472,4189739890.0,3888559622.0,0.07745291246044839,162665025.0,153506669.0,0.0596609649578157,positive,436893200
HOPE,2026-06-30,2026-03-31,263,253.0,10.0,0.03952569169960474,26,22.0,4.0,0.18181818181818188,1628176313.0,1378482520.0,0.1811367132896251,123494705.0,125721201.0,-0.017709789457070135,positive,43940T109
HOUR,2026-06-30,2026-03-31,8,7.0,1.0,0.1428571428571428,0,0.0,0.0,,125384.0,115355.0,0.08694031468076813,81168.0,65812.0,0.23333130736035979,neutral,44170P106
HOV,2026-06-30,2026-03-31,182,158.0,24.0,0.1518987341772151,12,11.0,1.0,0.09090909090909083,465250152.0,372452451.0,0.249153148947864,4153522.0,3557108.0,0.16766822935935588,positive,442487401
HOVR,2026-06-30,2026-03-31,38,35.0,3.0,0.08571428571428563,0,0.0,0.0,,9357063.0,2782110.0,2.3632972815596793,5653679.0,2909311.0,0.943305133071026,neutral,64550A107
HOWL,2026-06-30,2026-03-31,45,48.0,-3.0,-0.0625,0,0.0,0.0,,4122923.0,12654482.0,-0.674192669443127,11522252.0,15217914.0,-0.24284944703985056,neutral,95075A107
HP,2026-06-30,2026-03-31,375,376.0,-1.0,-0.0026595744680850686,46,47.0,-1.0,-0.021276595744680882,3393527681.0,3843910935.0,-0.11716797335211926,107909160.0,109731258.0,-0.016605095332088537,negative,423452101
HPAI,2026-06-30,2026-03-31,12,11.0,1.0,0.09090909090909083,0,0.0,0.0,,104205.0,313893.0,-0.6680238170331929,177825.0,215694.0,-0.17556816601296277,neutral,G4R52R103
HPE,2026-06-30,2026-03-31,1445,1122.0,323.0,0.28787878787878785,252,167.0,85.0,0.5089820359281436,52237180024.0,30603446073.0,0.7069051602684195,1288194901.0,1315373132.0,-0.02066199342134656,positive,42824C109
HPK,2026-06-30,2026-03-31,151,131.0,20.0,0.15267175572519087,2,3.0,-1.0,-0.33333333333333337,235441790.0,220848537.0,0.06607810582870188,34244573.0,32307095.0,0.05997066588623956,negative,43114Q105
HPP,2026-06-30,2026-03-31,0,1.0,-1.0,-1.0,0,0.0,0.0,,0.0,8443.0,-1.0,0.0,1429.0,-1.0,neutral,
HPQ,2026-06-30,2026-03-31,1082,1033.0,49.0,0.047434656340755055,143,125.0,18.0,0.1439999999999999,17571721257.0,16513145838.0,0.06410501241768296,884373305.0,907505513.0,-0.025489881514361712,positive,40434L105
HQI,2026-06-30,2026-03-31,61,61.0,0.0,0.0,0,0.0,0.0,,19977564.0,18550555.0,0.07692540735304143,1591498.0,1859114.0,-0.14394813873705437,neutral,433535101
HQY,2026-06-30,2026-03-31,499,489.0,10.0,0.020449897750511203,90,89.0,1.0,0.011235955056179803,8084422890.0,7493954475.0,0.07879263437879369,100594945.0,92105218.0,0.09217422404884812,positive,42226A107
HR,2026-06-30,2026-03-31,1,1.0,0.0,0.0,0,0.0,0.0,,24.0,24.0,0.0,1.0,1.0,0.0,neutral,421946104
HRB,2026-06-30,2026-03-31,1,1.0,0.0,0.0,0,0.0,0.0,,327.0,273.0,0.19780219780219777,8600.0,8600.0,0.0,neutral,936711050
HROW,2026-06-30,2026-03-31,225,219.0,6.0,0.027397260273972712,19,16.0,3.0,0.1875,922825050.0,805859125.0,0.14514438240058403,23424762.0,22911406.0,0.022406132561223036,positive,415858109
HSBC,2026-06-30,2026-03-31,3,3.0,0.0,0.0,0,0.0,0.0,,3007572.0,6086111.0,-0.5058302420051162,290995.0,444836.0,-0.34583756710338187,neutral,G4634U169
HSCS,2026-06-30,2026-03-31,18,15.0,3.0,0.19999999999999996,0,0.0,0.0,,409144.0,592579.0,-0.3095536628871425,613100.0,680128.0,-0.09855203726357387,neutral,42254E302
HSDT,2026-06-30,2026-03-31,42,45.0,-3.0,-0.06666666666666665,0,0.0,0.0,,25919774.0,26955872.0,-0.0384368199997388,15767597.0,15623891.0,0.009197836825666439,neutral,42328V876
HSHP,2026-06-30,2026-03-31,114,101.0,13.0,0.1287128712871286,8,9.0,-1.0,-0.11111111111111116,284786871.0,251024999.0,0.13449605471365822,22693018.0,19038732.0,0.19193956824435587,negative,G4660A103
HST,2026-06-30,2026-03-31,744,694.0,50.0,0.07204610951008639,137,106.0,31.0,0.2924528301886793,15221275297.0,12346558625.0,0.23283546122553633,740179912.0,739549294.0,0.0008527058373475338,positive,44107P104
HSTM,2026-06-30,2026-03-31,222,198.0,24.0,0.1212121212121211,15,9.0,6.0,0.6666666666666667,609788577.0,463498513.0,0.31562143113067553,23764457.0,23134083.0,0.027248713510710676,positive,42222N103
HSY,2026-06-30,2026-03-31,1411,1480.0,-69.0,-0.046621621621621645,182,204.0,-22.0,-0.10784313725490191,33051394266.0,38834757683.0,-0.1489223510600577,234361520.0,190256012.0,0.2318218884983252,negative,427866108
HTB,2026-06-30,2026-03-31,175,138.0,37.0,0.2681159420289856,11,10.0,1.0,0.10000000000000009,503112132.0,464001626.0,0.08428958824381372,10479688.0,11164771.0,-0.0613611331571422,positive,437872104
HTCR,2026-06-30,2026-03-31,1,11.0,-10.0,-0.9090909090909091,0,0.0,0.0,,40.0,54460.0,-0.9992655159750276,13.0,267945.0,-0.9999514825803802,neutral,42240Q203
HTFL,2026-06-30,2026-03-31,194,170.0,24.0,0.14117647058823524,41,33.0,8.0,0.24242424242424243,2187685669.0,1755623664.0,0.24610172092098215,153750347.0,72257404.0,1.1278144313072747,positive,42238D107
HTGC,2026-06-30,2026-03-31,332,354.0,-22.0,-0.062146892655367214,21,22.0,-1.0,-0.045454545454545414,797697723.0,711028288.0,0.12189308985692571,56919061.0,77254111.0,-0.26322288531674387,negative,427096508
HTLD,2026-06-30,2026-03-31,201,182.0,19.0,0.10439560439560447,14,11.0,3.0,0.2727272727272727,594194008.0,413868601.0,0.43570690447232074,40393289.0,40340880.0,0.001299153612910775,positive,422347104
HTLM,2026-06-30,2026-03-31,1,2.0,-1.0,-0.5,0,0.0,0.0,,2902.0,2841.0,0.02147131291798665,1466.0,13530.0,-0.8916481892091648,neutral,G45806109
HTO,2026-06-30,2026-03-31,316,315.0,1.0,0.0031746031746031633,43,42.0,1.0,0.023809523809523725,2669181145.0,2585247411.0,0.03246642222437557,47921846.0,46684774.0,0.02649840395500247,positive,784305104
HTOO,2026-06-30,2026-03-31,11,8.0,3.0,0.375,0,0.0,0.0,,57641.0,13610.0,3.2351947097722267,21751.0,4889.0,3.4489670689302514,neutral,G3R25D209
HUBB,2026-06-30,2026-03-31,1022,979.0,43.0,0.04392236976506636,204,178.0,26.0,0.146067415730337,26149843090.0,26521197533.0,-0.014002174771253428,91331426.0,55467577.0,0.6465732043784786,positive,443510607
HUBC,2026-06-30,2026-03-31,17,20.0,-3.0,-0.15000000000000002,0,0.0,0.0,,38600.0,60544.0,-0.3624471458773785,1728950.0,2398557.0,-0.2791707680909814,neutral,M6000J127
HUBG,2026-06-30,2026-03-31,289,281.0,8.0,0.028469750889679624,42,39.0,3.0,0.07692307692307687,2737667841.0,2359791824.0,0.16013108154577615,67653700.0,66148344.0,0.022757274165472685,positive,443320106
HUBS,2026-06-30,2026-03-31,600,683.0,-83.0,-0.12152269399707172,94,105.0,-11.0,-0.10476190476190472,8092010483.0,11345728645.0,-0.28677912752953916,59943448.0,52018764.0,0.152342796918435,negative,443573100
HUM,2026-06-30,2026-03-31,929,788.0,141.0,0.17893401015228427,206,128.0,78.0,0.609375,46906087214.0,21182576839.0,1.2143711584531833,189248357.0,124192081.0,0.5238359440969509,positive,444859102
HUMA,2026-06-30,2026-03-31,163,159.0,4.0,0.02515723270440251,0,0.0,0.0,,56481642.0,41236089.0,0.3697138445888988,75025444.0,68275143.0,0.09886908622073487,neutral,44486Q103
HUN,2026-06-30,2026-03-31,357,364.0,-7.0,-0.019230769230769273,34,42.0,-8.0,-0.19047619047619047,1672197047.0,2221119274.0,-0.24713766317080732,160932284.0,180604001.0,-0.10892182283381413,negative,447011107
HURA,2026-06-30,2026-03-31,90,90.0,0.0,0.0,0,0.0,0.0,,20935037.0,20653603.0,0.013626387608980384,8991976.0,11600494.0,-0.22486266533132127,neutral,898920103
HURN,2026-06-30,2026-03-31,245,288.0,-43.0,-0.14930555555555558,29,39.0,-10.0,-0.2564102564102564,1443442359.0,2273687555.0,-0.3651536000072798,17775967.0,18112436.0,-0.018576683997668764,negative,447462102
HUT,2026-06-30,2026-03-31,427,334.0,93.0,0.278443113772455,106,52.0,54.0,1.0384615384615383,10688080132.0,4261556328.0,1.508022729108463,110993324.0,94509211.0,0.17441805751610806,positive,44812J104
HWBK,2026-06-30,2026-03-31,71,65.0,6.0,0.0923076923076922,2,3.0,-1.0,-0.33333333333333337,88369306.0,81976003.0,0.07798993322472669,2266249.0,2444076.0,-0.07275837576245581,negative,420476103
HWC,2026-06-30,2026-03-31,397,389.0,8.0,0.020565552699228773,69,60.0,9.0,0.1499999999999999,5733236076.0,5055349943.0,0.1340928206045655,85836033.0,81580134.0,0.0521683256857608,positive,410120109
HWKN,2026-06-30,2026-03-31,337,314.0,23.0,0.0732484076433122,44,43.0,1.0,0.023255813953488413,2339920787.0,2625180027.0,-0.10866273439006324,20092381.0,17503108.0,0.14793218438691014,positive,420261109
HWM,2026-06-30,2026-03-31,1605,1479.0,126.0,0.0851926977687627,342,296.0,46.0,0.15540540540540548,93298304784.0,86749082635.0,0.07549615454213043,531506024.0,399808668.0,0.3294009523575412,positive,443201108
HY,2026-06-30,2026-03-31,154,150.0,4.0,0.026666666666666616,9,7.0,2.0,0.2857142857142858,300862923.0,291202292.0,0.0331749827024026,9185166.0,9171906.0,0.0014457191340599973,positive,449172105
HYFT,2026-06-30,2026-03-31,27,27.0,0.0,0.0,0,0.0,0.0,,2032348.0,1757860.0,0.15614895384160277,4364960.0,4521859.0,-0.034697897479775475,neutral,602687105
HYPD,2026-06-30,2026-03-31,33,30.0,3.0,0.10000000000000009,0,0.0,0.0,,8035230.0,4552312.0,0.7650877180650184,2574173.0,1339987.0,0.9210432638525599,neutral,30234E203
HYPR,2026-06-30,2026-03-31,82,50.0,32.0,0.6399999999999999,0,0.0,0.0,,29094515.0,19070399.0,0.5256374551995477,21989544.0,17675709.0,0.2440544252001433,neutral,44916K106
HZO,2026-06-30,2026-03-31,186,172.0,14.0,0.08139534883720922,18,14.0,4.0,0.2857142857142858,732904875.0,563587587.0,0.30042763876557843,21140437.0,21073265.0,0.0031875459260821692,positive,567908108
IAG,2026-06-30,2026-03-31,323,305.0,18.0,0.05901639344262288,76,81.0,-5.0,-0.06172839506172845,5995128353.0,6563831246.0,-0.08664191257911569,380353344.0,391761736.0,-0.029120740878072926,negative,450913108
IBAC,2026-06-30,2026-03-31,5,6.0,-1.0,-0.16666666666666663,0,0.0,0.0,,402593.0,378706.0,0.06307531435995206,95992.0,96385.0,-0.004077397935363436,neutral,44934N108
IBEX,2026-06-30,2026-03-31,155,167.0,-12.0,-0.07185628742514971,8,5.0,3.0,0.6000000000000001,304080783.0,282893520.0,0.0748948332220547,10657772.0,11050991.0,-0.0355822387331598,positive,G4690M101
IBIO,2026-06-30,2026-03-31,56,52.0,4.0,0.07692307692307687,0,0.0,0.0,,60795388.0,39696696.0,0.5314974324311525,34740161.0,20903895.0,0.6618989427568402,neutral,451033708
IBKR,2026-06-30,2026-03-31,1115,1002.0,113.0,0.11277445109780437,213,185.0,28.0,0.15135135135135136,32102917852.0,26190866121.0,0.2257295235555299,446977461.0,413350476.0,0.08135223485263388,positive,45841N107
IBM,2026-06-30,2026-03-31,2,2.0,0.0,0.0,0,0.0,0.0,,3023824.0,3011133.0,0.004214692609061155,3000199.0,3000270.0,-2.3664536858314378e-05,neutral,AW8986852
IBN,2026-06-30,2026-03-31,519,546.0,-27.0,-0.0494505494505495,107,107.0,0.0,0.0,15016177491.0,14818006238.0,0.013373678605411943,544048834.0,595583682.0,-0.08652830753680718,neutral,45104G104
IBRX,2026-06-30,2026-03-31,405,387.0,18.0,0.04651162790697683,24,22.0,2.0,0.09090909090909083,1787803329.0,1481820422.0,0.20649122016216892,209685799.0,199751700.0,0.04973223757294676,positive,45256X103
IBTA,2026-06-30,2026-03-31,149,132.0,17.0,0.1287878787878789,8,7.0,1.0,0.1428571428571428,478107640.0,436228094.0,0.0960037800774931,14424711.0,14758347.0,-0.022606596795698097,positive,451051106
ICE,2026-06-30,2026-03-31,1668,1728.0,-60.0,-0.03472222222222221,345,372.0,-27.0,-0.07258064516129037,62105936506.0,84944528857.0,-0.26886478338643405,636630523.0,567386350.0,0.12204060425493135,negative,45866F104
ICHR,2026-06-30,2026-03-31,331,252.0,79.0,0.3134920634920635,53,29.0,24.0,0.8275862068965518,3852821966.0,1604147375.0,1.4017880314768463,38991291.0,34554400.0,0.12840306878429386,positive,G4740B105
ICL,2026-06-30,2026-03-31,2,2.0,0.0,0.0,0,0.0,0.0,,488330.0,795855.0,-0.3864083281502284,102936.0,132014.0,-0.22026451739966968,neutral,645553900
ICLR,2026-06-30,2026-03-31,0,1.0,-1.0,-1.0,0,0.0,0.0,,0.0,4549233.0,-1.0,0.0,41110.0,-1.0,neutral,
ICON,2026-06-30,2026-03-31,5,6.0,-1.0,-0.16666666666666663,0,0.0,0.0,,48090.0,26217.0,0.8343059846664378,67690.0,49131.0,0.3777452117807494,neutral,Y4001C305
ICU,2026-06-30,2026-03-31,31,25.0,6.0,0.24,0,0.0,0.0,,1491738.0,1523066.0,-0.02056903640420049,1025530.0,916295.0,0.11921379031862012,neutral,81256L112
IDA,2026-06-30,2026-03-31,567,550.0,17.0,0.030909090909090997,91,88.0,3.0,0.03409090909090917,8690650224.0,8066842445.0,0.077329857779316,71771646.0,61198164.0,0.17277449696039904,positive,451107106
IDAI,2026-06-30,2026-03-31,21,17.0,4.0,0.23529411764705888,0,0.0,0.0,,561913.0,1339254.0,-0.5804283578768479,311021.0,573244.0,-0.45743697273761263,neutral,873048508
IDCC,2026-06-30,2026-03-31,516,576.0,-60.0,-0.10416666666666663,85,93.0,-8.0,-0.08602150537634412,6765568785.0,7435649253.0,-0.09011727761764021,36111387.0,27990256.0,0.2901413620511366,negative,45867G101
IDT,2026-06-30,2026-03-31,199,203.0,-4.0,-0.019704433497536922,19,16.0,3.0,0.1875,834929454.0,690084647.0,0.20989426098621777,16030626.0,14464689.0,0.10825929268164702,positive,448947507
IDYA,2026-06-30,2026-03-31,287,255.0,32.0,0.12549019607843137,50,42.0,8.0,0.19047619047619047,3746892786.0,3524697173.0,0.0630396320858626,106737751.0,107196606.0,-0.004280499328495502,positive,45166A102
IESC,2026-06-30,2026-03-31,414,350.0,64.0,0.18285714285714283,57,46.0,11.0,0.23913043478260865,13971775817.0,9231002167.0,0.5135708522469897,26994277.0,19714963.0,0.36922788036680565,positive,44951W106
IFBD,2026-06-30,2026-03-31,3,3.0,0.0,0.0,0,0.0,0.0,,18179.0,24083.0,-0.24515218203712164,15406.0,24854.0,-0.3801400177033878,neutral,G47724300
IHRT,2026-06-30,2026-03-31,138,131.0,7.0,0.05343511450381677,14,8.0,6.0,0.75,500115929.0,326942943.0,0.5296734176641946,121397644.0,116611945.0,0.04103952643959419,positive,45174J509
IHS,2026-06-30,2026-03-31,123,145.0,-22.0,-0.15172413793103445,14,17.0,-3.0,-0.17647058823529416,1310321782.0,1290612822.0,0.015271008984288459,161295399.0,158809501.0,0.01565333298289251,negative,G4701H109
IIIV,2026-06-30,2026-03-31,136,145.0,-9.0,-0.06206896551724139,16,21.0,-5.0,-0.23809523809523814,464570275.0,555945173.0,-0.16435954917446505,22950082.0,26174690.0,-0.12319565198288884,negative,46571Y107
IKT,2026-06-30,2026-03-31,107,104.0,3.0,0.028846153846153744,12,8.0,4.0,0.5,255254497.0,209731250.0,0.2170551455732037,127165090.0,125082623.0,0.01664873145488799,positive,45719W205
ILLR,2026-06-30,2026-03-31,24,,,,0,,,,4071505.0,,,1806477.0,,,unavailable,895970309
ILMN,2026-06-30,2026-03-31,937,850.0,87.0,0.10235294117647054,176,148.0,28.0,0.18918918918918926,27269897025.0,20095773480.0,0.35699663673756743,199149446.0,167558013.0,0.18854026993027184,positive,452327109
IMA,2026-06-30,2026-03-31,36,39.0,-3.0,-0.07692307692307687,0,0.0,0.0,,37330109.0,28327585.0,0.3178006173134773,6330835.0,5681151.0,0.11435781235175768,neutral,45175G207
IMAX,2026-06-30,2026-03-31,260,256.0,4.0,0.015625,36,40.0,-4.0,-0.09999999999999998,1952190811.0,1867443389.0,0.04538152133510276,53722832.0,51157534.0,0.05014506758672144,negative,45245E109
IMCC,2026-06-30,2026-03-31,14,10.0,4.0,0.3999999999999999,0,0.0,0.0,,25043.0,10453.0,1.3957715488376543,360636.0,28328.0,11.730725783676927,neutral,44969Q406
IMMR,2026-06-30,2026-03-31,137,120.0,17.0,0.1416666666666666,1,2.0,-1.0,-0.5,130877410.0,92112627.0,0.4208411404877206,19361457.0,16935587.0,0.1432409753497177,negative,452521107
IMMX,2026-06-30,2026-03-31,111,77.0,34.0,0.4415584415584415,17,7.0,10.0,1.4285714285714284,562378008.0,302285707.0,0.8604187858607553,56355151.0,33684423.0,0.6730329921340794,positive,45258H106
IMNM,2026-06-30,2026-03-31,204,202.0,2.0,0.00990099009900991,32,32.0,0.0,0.0,2065989390.0,2277751022.0,-0.0929696134277489,121305969.0,123777771.0,-0.019969676138375414,neutral,45257U108
IMNN,2026-06-30,2026-03-31,24,19.0,5.0,0.26315789473684204,0,0.0,0.0,,722859.0,1743057.0,-0.5852923914708469,318708.0,555009.0,-0.4257606633405945,neutral,15117N701
IMRX,2026-06-30,2026-03-31,113,96.0,17.0,0.17708333333333326,4,4.0,0.0,0.0,161734179.0,143998333.0,0.12316702305157934,34777672.0,29335726.0,0.18550575499648447,neutral,45254E107
IMTX,2026-06-30,2026-03-31,83,84.0,-1.0,-0.011904761904761862,11,13.0,-2.0,-0.15384615384615385,779381817.0,956140873.0,-0.1848671686269393,99828691.0,119577325.0,-0.1651536693934239,negative,N44445109
IMUX,2026-06-30,2026-03-31,55,78.0,-23.0,-0.2948717948717948,4,2.0,2.0,1.0,133559628.0,84554024.0,0.5795774308742538,8689585.0,71710918.0,-0.8788247976409952,positive,4525EP200
IMVT,2026-06-30,2026-03-31,229,216.0,13.0,0.06018518518518512,40,36.0,4.0,0.11111111111111116,4104762353.0,2842358452.0,0.4441395841934437,114669647.0,118742176.0,-0.034297240771467785,positive,45258J102
IMXI,2026-06-30,2026-03-31,159,160.0,-1.0,-0.006249999999999978,16,8.0,8.0,1.0,421347076.0,425944677.0,-0.010793892372083835,29569760.0,28195003.0,0.048758888232783626,positive,46005L101
INAB,2026-06-30,2026-03-31,21,19.0,2.0,0.10526315789473695,0,0.0,0.0,,7636118.0,5554745.0,0.37470180899393224,5414397.0,3752794.0,0.4427642444535991,neutral,45674E208
INAC,2026-06-30,2026-03-31,41,43.0,-2.0,-0.046511627906976716,0,0.0,0.0,,96099207.0,95445778.0,0.0068460754754391395,10254217.0,10291548.0,-0.003627345468339649,neutral,G4791J106
INBK,2026-06-30,2026-03-31,121,117.0,4.0,0.03418803418803429,2,2.0,0.0,0.0,158680956.0,123337151.0,0.28656252162010776,6242902.0,6494457.0,-0.038733800223790804,neutral,320557101
INBX,2026-06-30,2026-03-31,165,135.0,30.0,0.22222222222222232,24,16.0,8.0,0.5,1365120247.0,1010036896.0,0.3515548317157713,15174720.0,15039298.0,0.009004542632242485,positive,45720N103
INCR,2026-06-30,2026-03-31,16,15.0,1.0,0.06666666666666665,0,0.0,0.0,,739112.0,603919.0,0.22385949109069259,611550.0,602933.0,0.014291803566897077,neutral,M549GJ111
INCY,2026-06-30,2026-03-31,859,816.0,43.0,0.052696078431372584,155,137.0,18.0,0.13138686131386867,22089574458.0,19466733203.0,0.1347345354584608,233032876.0,217400076.0,0.07190797854182907,positive,45337C102
INDB,2026-06-30,2026-03-31,1,1.0,0.0,0.0,0,0.0,0.0,,0.0,0.0,,1.0,1.0,0.0,neutral,453838104
INDP,2026-06-30,2026-03-31,9,6.0,3.0,0.5,0,0.0,0.0,,537369.0,128549.0,3.180265890827622,384994.0,70631.0,4.450779402811796,neutral,45339J204
INDV,2026-06-30,2026-03-31,340,290.0,50.0,0.17241379310344818,61,51.0,10.0,0.196078431372549,4934465313.0,4195258805.0,0.17620045445563393,129847049.0,353928131.0,-0.6331259438657053,positive,45579U109
INEO,2026-06-30,2026-03-31,3,3.0,0.0,0.0,0,0.0,0.0,,42984.0,19572.0,1.1961986511342735,64175.0,39877.0,0.6093236702861298,neutral,G7776G104
ING,2026-06-30,2026-03-31,2,2.0,0.0,0.0,0,0.0,0.0,,2146936.0,2631787.0,-0.1842288148698964,102475.0,138287.0,-0.2589686666136368,neutral,00BZ57390
INGM,2026-06-30,2026-03-31,229,173.0,56.0,0.323699421965318,42,22.0,20.0,0.9090909090909092,6480046057.0,5493516978.0,0.17958060072459459,237428394.0,235896149.0,0.00649542184768781,positive,457152106
INGN,2026-06-30,2026-03-31,130,126.0,4.0,0.031746031746031855,1,3.0,-2.0,-0.6666666666666667,115505124.0,123729514.0,-0.06647072096314866,19440820.0,20962834.0,-0.0726053547912463,negative,45780L104
INGR,2026-06-30,2026-03-31,614,666.0,-52.0,-0.0780780780780781,72,80.0,-8.0,-0.09999999999999998,5614579277.0,6949160760.0,-0.19204930337516035,70075766.0,65789774.0,0.065146781017974,negative,457187102
INHD,2026-06-30,2026-03-31,6,6.0,0.0,0.0,0,0.0,0.0,,1574308.0,217052.0,6.2531374970053255,39866.0,238242.0,-0.8326659447116798,neutral,4576JP406
INKT,2026-06-30,2026-03-31,28,23.0,5.0,0.21739130434782616,0,0.0,0.0,,2388612.0,1959415.0,0.2190434389856155,204446.0,186196.0,0.09801499495155652,neutral,603693201
INLF,2026-06-30,2026-03-31,9,6.0,3.0,0.5,0,0.0,0.0,,38144.0,34902.0,0.09288865967566329,5528542.0,130664.0,41.31113390069185,neutral,G4808M118
INM,2026-06-30,2026-03-31,20,9.0,11.0,1.2222222222222223,0,0.0,0.0,,4182329.0,193047.0,20.664822556165078,2697637.0,319307.0,7.448411716623813,neutral,457637700
INMB,2026-06-30,2026-03-31,84,82.0,2.0,0.024390243902439046,0,0.0,0.0,,6957548.0,7298174.0,-0.046672770476560266,4364438.0,6078143.0,-0.28194548894292215,neutral,45782T105
INMD,2026-06-30,2026-03-31,2,,,,0,,,,2845067.0,,,194601.0,,,unavailable,0M542M103
INOD,2026-06-30,2026-03-31,288,232.0,56.0,0.24137931034482762,33,18.0,15.0,0.8333333333333333,1491292026.0,697097343.0,1.1392880649668462,23069484.0,18423795.0,0.2521570067404679,positive,457642205
INSE,2026-06-30,2026-03-31,102,108.0,-6.0,-0.05555555555555558,6,5.0,1.0,0.19999999999999996,171301642.0,160684438.0,0.06607487403353884,21749567.0,23547323.0,-0.07634651293482486,positive,45782N108
INSG,2026-06-30,2026-03-31,101,94.0,7.0,0.07446808510638303,2,2.0,0.0,0.0,74953113.0,89377247.0,-0.16138485446972872,7409759.0,8064175.0,-0.08115101668800595,neutral,45782B302
INSW,2026-06-30,2026-03-31,368,335.0,33.0,0.09850746268656718,39,41.0,-2.0,-0.04878048780487809,3142083817.0,2961715829.0,0.06089982915778247,45210523.0,41026216.0,0.10199105372038209,negative,Y41053102
INTA,2026-06-30,2026-03-31,251,244.0,7.0,0.028688524590164022,29,29.0,0.0,0.0,1674204804.0,1770822229.0,-0.054560770368554,70215170.0,70868623.0,-0.009220625043046216,neutral,45827U109
INTC,2026-06-30,2026-03-31,3561,2596.0,965.0,0.3717257318952234,669,380.0,289.0,0.7605263157894737,479647509870.0,154905004592.0,2.0963977641221487,4499191344.0,3666394396.0,0.22714330703444596,positive,458140100
INTG,2026-06-30,2026-03-31,16,9.0,7.0,0.7777777777777777,0,0.0,0.0,,6901860.0,2956858.0,1.3341871675947914,148482.0,77618.0,0.9129841016259115,neutral,458685104
INTJ,2026-06-30,2026-03-31,3,3.0,0.0,0.0,0,0.0,0.0,,49950.0,1577.0,30.674064679771718,11301.0,166.0,67.07831325301204,neutral,G48047115
INTR,2026-06-30,2026-03-31,137,129.0,8.0,0.0620155038759691,20,24.0,-4.0,-0.16666666666666663,953313666.0,1434441174.0,-0.3354111111146897,179189019.0,182179902.0,-0.016417195130558393,negative,G4R20B107
INTS,2026-06-30,2026-03-31,18,14.0,4.0,0.2857142857142858,0,0.0,0.0,,4808426.0,1313161.0,2.6617185554551193,1194765.0,223327.0,4.349845741894173,neutral,45828J202
INTU,2026-06-30,2026-03-31,1751,2019.0,-268.0,-0.13273897969291726,337,423.0,-86.0,-0.20330969267139476,61867129505.0,110109998232.0,-0.4381334075163007,503634257.0,265147890.0,0.8994465956338555,negative,461202103
INTZ,2026-06-30,2026-03-31,25,28.0,-3.0,-0.1071428571428571,0,0.0,0.0,,1274994.0,1429355.0,-0.10799346558412715,1372724.0,1751988.0,-0.21647636855960206,neutral,46121E304
INV,2026-06-30,2026-03-31,131,108.0,23.0,0.21296296296296302,5,3.0,2.0,0.6666666666666667,174446616.0,115643168.0,0.5084904626618323,34642988.0,28377858.0,0.22077529600718981,positive,45784M108
INVA,2026-06-30,2026-03-31,310,286.0,24.0,0.08391608391608396,37,37.0,0.0,0.0,1717863299.0,1811858315.0,-0.051877685590443146,79039989.0,79227335.0,-0.002364663660591404,neutral,45781M101
INVH,2026-06-30,2026-03-31,625,587.0,38.0,0.06473594548551964,129,109.0,20.0,0.1834862385321101,16820341717.0,13396649700.0,0.25556330080049783,633300706.0,586752625.0,0.07933169621524905,positive,46187W107
INVX,2026-06-30,2026-03-31,225,211.0,14.0,0.06635071090047395,29,26.0,3.0,0.11538461538461542,1263923775.0,1247586820.0,0.013094844172848896,53224842.0,53325391.0,-0.0018855745474046781,positive,457651107
INVZ,2026-06-30,2026-03-31,96,101.0,-5.0,-0.04950495049504955,0,0.0,0.0,,24391148.0,25603383.0,-0.04734667289865557,32748944.0,40701437.0,-0.19538604988320196,neutral,M5R635108
IONQ,2026-06-30,2026-03-31,787,638.0,149.0,0.23354231974921635,93,65.0,28.0,0.4307692307692308,10381511000.0,6113196953.0,0.6982130757140681,231319287.0,216820416.0,0.06687041408499095,positive,46222L108
IONS,2026-06-30,2026-03-31,516,497.0,19.0,0.03822937625754519,109,108.0,1.0,0.0092592592592593,13688038347.0,12783848513.0,0.07072907920338078,196231461.0,181512626.0,0.08108986864638279,positive,462222100
IOSP,2026-06-30,2026-03-31,283,266.0,17.0,0.06390977443609014,37,31.0,6.0,0.19354838709677424,2017506881.0,1884935907.0,0.07033182057155218,27597499.0,26270133.0,0.05052757060651358,positive,45768S105
IOT,2026-06-30,2026-03-31,550,543.0,7.0,0.012891344383057168,94,88.0,6.0,0.06818181818181812,11280290716.0,10852452581.0,0.03942317478991253,415574089.0,382606937.0,0.08616454332609247,positive,79589L106
IOTR,2026-06-30,2026-03-31,3,1.0,2.0,2.0,0,0.0,0.0,,31830.0,25368.0,0.25473036896877965,99827.0,11799.0,7.46063225697093,neutral,G4940T112
IOVA,2026-06-30,2026-03-31,293,286.0,7.0,0.02447552447552437,24,19.0,5.0,0.26315789473684204,1216223732.0,982538777.0,0.23783789553173018,302440547.0,289631476.0,0.0442254107768314,positive,462260100
IP,2026-06-30,2026-03-31,855,841.0,14.0,0.016646848989298357,102,91.0,11.0,0.1208791208791209,18595129481.0,17328834188.0,0.07307446532536477,567318372.0,548089361.0,0.03508371511703179,positive,460146103
IPAR,2026-06-30,2026-03-31,316,312.0,4.0,0.012820512820512775,40,32.0,8.0,0.25,2401291693.0,1930900116.0,0.24361258933188656,24892911.0,22062638.0,0.12828352620389283,positive,458334109
IPGP,2026-06-30,2026-03-31,360,338.0,22.0,0.06508875739644981,54,44.0,10.0,0.2272727272727273,3994949884.0,4044269170.0,-0.012194857445653184,38004573.0,35508605.0,0.0702919193812317,positive,44980X109
IPI,2026-06-30,2026-03-31,154,163.0,-9.0,-0.05521472392638038,5,9.0,-4.0,-0.4444444444444444,275913088.0,359829927.0,-0.23321250597369014,8752167.0,8804423.0,-0.005935198706377487,negative,46121Y201
IPSC,2026-06-30,2026-03-31,100,72.0,28.0,0.38888888888888884,15,13.0,2.0,0.15384615384615374,387242928.0,341216919.0,0.1348878277633121,158384308.0,151829154.0,0.04317454077363814,positive,15673T100
IPST,2026-06-30,2026-03-31,13,21.0,-8.0,-0.38095238095238093,0,0.0,0.0,,151264.0,400579.0,-0.622386595403154,64367.0,1594157.0,-0.9596231738781061,neutral,42727R302
IPW,2026-06-30,2026-03-31,5,5.0,0.0,0.0,0,0.0,0.0,,15553.0,47888.0,-0.6752213498162378,70803.0,34452.0,1.0551201671891328,neutral,46265P305
IQST,2026-06-30,2026-03-31,18,16.0,2.0,0.125,0,0.0,0.0,,233008.0,377930.0,-0.3834625459741222,248484.0,249727.0,-0.00497743535941253,neutral,46265G206
IR,2026-06-30,2026-03-31,898,908.0,-10.0,-0.011013215859030812,149,136.0,13.0,0.09558823529411775,29523363475.0,32370993063.0,-0.08796855822303573,449611720.0,445490082.0,0.00925191865438646,positive,45687V106
IRD,2026-06-30,2026-03-31,104,79.0,25.0,0.31645569620253156,9,10.0,-1.0,-0.09999999999999998,249786985.0,231696023.0,0.07808058923825367,60842087.0,51637337.0,0.17825764330178373,negative,67577R102
IRDM,2026-06-30,2026-03-31,483,383.0,100.0,0.2610966057441253,64,43.0,21.0,0.4883720930232558,4863556267.0,2508150611.0,0.9391005650417856,99191804.0,95179857.0,0.04215121903366592,positive,46269C102
IREN,2026-06-30,2026-03-31,680,506.0,174.0,0.3438735177865613,105,77.0,28.0,0.36363636363636354,9950851083.0,5649191099.0,0.761464767010885,240730548.0,166991618.0,0.4415726422867523,positive,Q4982L109
IRIX,2026-06-30,2026-03-31,29,25.0,4.0,0.15999999999999992,0,0.0,0.0,,2467643.0,3440781.0,-0.2828247424058665,2170249.0,3406009.0,-0.36281759678262737,neutral,462684101
IRMD,2026-06-30,2026-03-31,214,228.0,-14.0,-0.06140350877192979,18,15.0,3.0,0.19999999999999996,713125174.0,721706694.0,-0.01189059221889388,8952046.0,8171886.0,0.09546878162519645,positive,46266A109
IRON,2026-06-30,2026-03-31,219,204.0,15.0,0.07352941176470584,46,44.0,2.0,0.045454545454545414,3085550965.0,2735477877.0,0.12797511211603196,47123688.0,44628517.0,0.05590978969791904,positive,254604101
IRTC,2026-06-30,2026-03-31,307,305.0,2.0,0.006557377049180246,71,71.0,0.0,0.0,4261565432.0,4384388131.0,-0.028013646449678298,41255434.0,37408533.0,0.10283485321383767,neutral,450056106
IRWD,2026-06-30,2026-03-31,213,227.0,-14.0,-0.06167400881057272,19,16.0,3.0,0.1875,657278345.0,558240904.0,0.17740986067190812,164499293.0,168025010.0,-0.020983286952341196,positive,46333X108
ISBA,2026-06-30,2026-03-31,60,43.0,17.0,0.39534883720930236,2,1.0,1.0,1.0,62144089.0,58097089.0,0.06965925607735701,1582325.0,1278425.0,0.2377143751099986,positive,464214105
ISPC,2026-06-30,2026-03-31,8,12.0,-4.0,-0.33333333333333337,0,0.0,0.0,,151968.0,83650.0,0.8167124925283922,64975.0,532812.0,-0.8780526714863779,neutral,45032V306
ISPR,2026-06-30,2026-03-31,48,61.0,-13.0,-0.21311475409836067,0,0.0,0.0,,4709759.0,7612299.0,-0.3812961104128989,4216798.0,5109984.0,-0.17479232811687861,neutral,46501C100
ISRG,2026-06-30,2026-03-31,2254,2326.0,-72.0,-0.03095442820292349,482,487.0,-5.0,-0.010266940451745366,117108147428.0,143557311740.0,-0.18424115073917446,524958851.0,329581518.0,0.5928042755115899,negative,46120E602
ISTR,2026-06-30,2026-03-31,125,111.0,14.0,0.12612612612612617,3,5.0,-2.0,-0.4,241893925.0,226614352.0,0.06742544267452222,8137965.0,8331104.0,-0.023182881884561746,negative,46134L105
IT,2026-06-30,2026-03-31,652,719.0,-67.0,-0.09318497913769119,89,92.0,-3.0,-0.03260869565217395,9568792296.0,12446403824.0,-0.2312002381323346,85402694.0,80409635.0,0.062095282486980485,negative,366651107
ITIC,2026-06-30,2026-03-31,125,119.0,6.0,0.050420168067226934,6,5.0,1.0,0.19999999999999996,249245809.0,203893538.0,0.22243113462477648,920965.0,942826.0,-0.023186674953809105,positive,461804106
ITOC,2026-06-30,2026-03-31,12,8.0,4.0,0.5,0,0.0,0.0,,72060.0,32119.0,1.243531865873782,278012.0,97009.0,1.8658371903637807,neutral,G71399102
ITRI,2026-06-30,2026-03-31,415,436.0,-21.0,-0.04816513761467889,73,77.0,-4.0,-0.051948051948051965,4413338656.0,4622878648.0,-0.045326734261271096,56976533.0,52960843.0,0.0758237552978529,negative,465741106
ITT,2026-06-30,2026-03-31,720,724.0,-4.0,-0.0055248618784530246,121,125.0,-4.0,-0.03200000000000003,16758482211.0,16555185009.0,0.012279971615507757,109555612.0,91118045.0,0.20234814081008867,negative,45073V108
ITW,2026-06-30,2026-03-31,1,1.0,0.0,0.0,0,0.0,0.0,,53.0,53.0,0.0,1.0,1.0,0.0,neutral,740459102
IVDA,2026-06-30,2026-03-31,19,18.0,1.0,0.05555555555555558,0,0.0,0.0,,279971.0,184514.0,0.5173428574525509,1291890.0,862166.0,0.4984237374241156,neutral,46583A303
IVF,2026-06-30,2026-03-31,10,8.0,2.0,0.25,0,0.0,0.0,,128848.0,522418.0,-0.7533622501521771,130933.0,192067.0,-0.31829517824509157,neutral,44984F880
IVR,2026-06-30,2026-03-31,182,172.0,10.0,0.058139534883721034,8,7.0,1.0,0.1428571428571428,363001359.0,305147789.0,0.18959196850022075,46404474.0,39020037.0,0.18924730901715958,positive,46131B704
IVVD,2026-06-30,2026-03-31,127,140.0,-13.0,-0.09285714285714286,5,10.0,-5.0,-0.5,203169829.0,382086772.0,-0.46826259402667836,233423445.0,295628668.0,-0.2104167482160424,negative,00534A102
IXHL,2026-06-30,2026-03-31,16,21.0,-5.0,-0.23809523809523814,0,0.0,0.0,,1709610.0,4045393.0,-0.5773933459616902,454684.0,1364594.0,-0.66679906257832,neutral,45333F208
IZEA,2026-06-30,2026-03-31,33,31.0,2.0,0.06451612903225801,0,0.0,0.0,,6058624.0,7658327.0,-0.2088841335712095,1698665.0,2265313.0,-0.25014115047236296,neutral,46604H204
IZM,2026-06-30,2026-03-31,8,6.0,2.0,0.33333333333333326,0,0.0,0.0,,49060.0,71753.0,-0.3162655219990802,330497.0,98711.0,2.3481273616922125,neutral,G4760B100
J,2026-06-30,2026-03-31,873,917.0,-44.0,-0.04798255179934574,118,124.0,-6.0,-0.048387096774193505,13340172776.0,14146810665.0,-0.05701906303133519,134917632.0,115766771.0,0.16542623444166038,negative,46982L108
JACK,2026-06-30,2026-03-31,136,139.0,-3.0,-0.021582733812949617,7,5.0,2.0,0.3999999999999999,319816651.0,169457174.0,0.8873007465591276,20805812.0,18146644.0,0.14653772895969075,positive,466367109
JACS,2026-06-30,2026-03-31,48,47.0,1.0,0.02127659574468077,8,8.0,0.0,0.0,227345030.0,215797140.0,0.05351271105817257,23224828.0,22237219.0,0.04441243304749576,neutral,G4992A110
JAGX,2026-06-30,2026-03-31,8,11.0,-3.0,-0.2727272727272727,0,0.0,0.0,,15933.0,89277.0,-0.821532981619006,5331.0,256994.0,-0.9792563250503903,neutral,47010C862
JAKK,2026-06-30,2026-03-31,107,109.0,-2.0,-0.01834862385321101,4,4.0,0.0,0.0,151107047.0,140726888.0,0.07376102141901986,6933003.0,7552989.0,-0.08208485408889121,neutral,47012E403
JANX,2026-06-30,2026-03-31,199,190.0,9.0,0.047368421052631504,22,21.0,1.0,0.04761904761904767,937319800.0,914441124.0,0.02501929911017431,62762487.0,66940397.0,-0.06241238754529643,positive,47103J105
JBDI,2026-06-30,2026-03-31,0,3.0,-3.0,-1.0,0,0.0,0.0,,0.0,16589.0,-1.0,0.0,28142.0,-1.0,neutral,
JBIO,2026-06-30,2026-03-31,158,120.0,38.0,0.31666666666666665,33,19.0,14.0,0.736842105263158,1618789324.0,826833658.0,0.9578174017681318,74144130.0,57893495.0,0.2806988073530541,positive,008064206
JBL,2026-06-30,2026-03-31,1121,978.0,143.0,0.14621676891615532,226,183.0,43.0,0.23497267759562845,38534928691.0,27397828936.0,0.4064957037660073,162941353.0,107081326.0,0.5216598363752052,positive,466313103
JBLU,2026-06-30,2026-03-31,382,375.0,7.0,0.01866666666666661,39,32.0,7.0,0.21875,1913223702.0,1381980417.0,0.3844072451860221,338540260.0,315974119.0,0.07141768785183311,positive,477143101
JBS,2026-06-30,2026-03-31,271,250.0,21.0,0.08400000000000007,36,42.0,-6.0,-0.1428571428571429,4942056991.0,6757745781.0,-0.26868261234463264,425420263.0,384186369.0,0.10732784223273684,negative,N4732M103
JBSS,2026-06-30,2026-03-31,213,215.0,-2.0,-0.009302325581395321,18,16.0,2.0,0.125,670537202.0,633431402.0,0.058579034577133315,9648642.0,9121104.0,0.05783707761692014,positive,800422107
JBTM,2026-06-30,2026-03-31,392,408.0,-16.0,-0.039215686274509776,85,75.0,10.0,0.1333333333333333,6982561112.0,6099666488.0,0.14474473739456695,63276165.0,53808277.0,0.1759559779251063,positive,477839104
JCI,2026-06-30,2026-03-31,1,1.0,0.0,0.0,0,0.0,0.0,,93249.0,130806.0,-0.2871198568872988,638214.0,998899.0,-0.36108255188963045,neutral,00BY7QL61
JCTC,2026-06-30,2026-03-31,15,12.0,3.0,0.25,0,0.0,0.0,,1119527.0,812108.0,0.378544479305708,485607.0,497933.0,-0.024754334418486068,neutral,47733C207
JDZG,2026-06-30,2026-03-31,7,1.0,6.0,6.0,0,0.0,0.0,,1896350.0,3.0,632115.6666666666,37927.0,2.0,18962.5,neutral,G7396L137
JENA,2026-06-30,2026-03-31,47,48.0,-1.0,-0.02083333333333337,5,4.0,1.0,0.25,212391005.0,199346398.0,0.0654368833892851,21442960.0,20445585.0,0.04878192529096137,positive,G5093B105
JHX,2026-06-30,2026-03-31,5,6.0,-1.0,-0.16666666666666663,0,1.0,-1.0,-1.0,7803.0,13710710.0,-0.9994308828645635,37241.0,669775.0,-0.9443977455115524,negative,47030M106
JILL,2026-06-30,2026-03-31,83,83.0,0.0,0.0,3,2.0,1.0,0.5,120006105.0,79024912.0,0.5185857467326254,7599561.0,6921235.0,0.09800649739533474,positive,46620W201
JJSF,2026-06-30,2026-03-31,253,246.0,7.0,0.028455284552845628,26,25.0,1.0,0.040000000000000036,1115900030.0,1223352370.0,-0.08783433345537228,16891398.0,15695629.0,0.07618484101529166,positive,466032109
JL,2026-06-30,2026-03-31,3,5.0,-2.0,-0.4,0,0.0,0.0,,1150849.0,1491153.0,-0.22821534745260885,196056.0,213692.0,-0.08252999644347936,neutral,G5191U120
JLHL,2026-06-30,2026-03-31,4,3.0,1.0,0.33333333333333326,0,0.0,0.0,,27428.0,40820.0,-0.32807447329740325,1684.0,6849.0,-0.7541246897357279,neutral,G5500K102
JLL,2026-06-30,2026-03-31,665,660.0,5.0,0.007575757575757569,125,118.0,7.0,0.05932203389830515,13137627150.0,13443016411.0,-0.022717316684230937,60574389.0,45708146.0,0.32524274775879114,positive,48020Q107
JMSB,2026-06-30,2026-03-31,97,80.0,17.0,0.2124999999999999,2,2.0,0.0,0.0,107461291.0,109930388.0,-0.022460550216560682,7053526.0,7455746.0,-0.05394765325964701,neutral,47805L101
JNJ,2026-06-30,2026-03-31,4675,4653.0,22.0,0.004728132387706863,1052,1003.0,49.0,0.048853439680957234,449756506135.0,468687002101.0,-0.040390486361131406,2777365472.0,1980164898.0,0.4025930238462392,positive,478160104
JOBY,2026-06-30,2026-03-31,540,538.0,2.0,0.0037174721189590088,44,44.0,0.0,0.0,5273458741.0,4648170437.0,0.1345235318874345,604839052.0,571881945.0,0.05762921401549059,neutral,G65163100
JOE,2026-06-30,2026-03-31,321,320.0,1.0,0.0031250000000000444,34,33.0,1.0,0.030303030303030276,3130672034.0,3222702626.0,-0.028556960626003436,53273744.0,52402932.0,0.01661761979272458,positive,790148100
JPM,2026-06-30,2026-03-31,5131,5094.0,37.0,0.007263447192775718,1388,1299.0,89.0,0.06851424172440335,627167094171.0,610679301635.0,0.02699910164280417,3340371391.0,2174488900.0,0.5361639192547729,positive,46625H100
JSPR,2026-06-30,2026-03-31,45,58.0,-13.0,-0.22413793103448276,0,0.0,0.0,,4822299.0,14871649.0,-0.6757387832378239,12001905.0,16986364.0,-0.2934388430625883,neutral,471871202
JTAI,2026-06-30,2026-03-31,11,16.0,-5.0,-0.3125,0,0.0,0.0,,331518.0,111815.0,1.9648794884407281,40728.0,1537084.0,-0.9735030746530443,neutral,47714H407
JUNS,2026-06-30,2026-03-31,13,10.0,3.0,0.30000000000000004,0,0.0,0.0,,220480.0,481835.0,-0.542415972272666,1254220.0,2264802.0,-0.44621207505115235,neutral,48208B203
JWEL,2026-06-30,2026-03-31,0,1.0,-1.0,-1.0,0,0.0,0.0,,0.0,12.0,-1.0,0.0,5.0,-1.0,neutral,
JXG,2026-06-30,2026-03-31,0,1.0,-1.0,-1.0,0,0.0,0.0,,0.0,139.0,-1.0,0.0,37.0,-1.0,neutral,
JXN,2026-06-30,2026-03-31,506,519.0,-13.0,-0.025048169556840083,67,70.0,-3.0,-0.042857142857142816,6265938670.0,6691183275.0,-0.06355297523964476,71879155.0,66883335.0,0.07469454087479344,negative,46817M107
JYD,2026-06-30,2026-03-31,10,7.0,3.0,0.4285714285714286,0,0.0,0.0,,148727.0,88622.0,0.6782175983390129,377033.0,29940.0,11.592952571810287,neutral,G5084H111
JYNT,2026-06-30,2026-03-31,88,86.0,2.0,0.023255813953488413,2,2.0,0.0,0.0,103342630.0,96886287.0,0.06663835719083755,9733270.0,11016236.0,-0.11646137573668536,neutral,47973J102
JZXN,2026-06-30,2026-03-31,8,5.0,3.0,0.6000000000000001,0,0.0,0.0,,57415.0,5659.0,9.145785474465454,65452.0,5977.0,9.950644135854107,neutral,G51400151
KAI,2026-06-30,2026-03-31,326,321.0,5.0,0.015576323987538832,58,57.0,1.0,0.01754385964912286,4083318357.0,3965629816.0,0.029677137418416155,17746792.0,13917301.0,0.275160463943404,positive,48282T104
KALA,2026-06-30,2026-03-31,14,30.0,-16.0,-0.5333333333333333,0,0.0,0.0,,1059861.0,260502.0,3.068533063085888,612637.0,1761457.0,-0.652198719582709,neutral,483119301
KARO,2026-06-30,2026-03-31,84,68.0,16.0,0.23529411764705888,3,3.0,0.0,0.0,208706212.0,182248457.0,0.1451740960418666,4489959.0,3795612.0,0.1829341355228089,neutral,Y4600W108
KB,2026-06-30,2026-03-31,1,1.0,0.0,0.0,0,0.0,0.0,,280.0,901249.0,-0.9996893200436283,2726.0,12301.0,-0.7783920006503536,neutral,00B3DF0Y6
KBDC,2026-06-30,2026-03-31,93,93.0,0.0,0.0,8,6.0,2.0,0.33333333333333326,439021982.0,496081752.0,-0.11502090082926497,32734314.0,37020019.0,-0.11576722853653854,positive,48662X105
KBH,2026-06-30,2026-03-31,382,389.0,-7.0,-0.01799485861182515,45,43.0,2.0,0.04651162790697683,3866623425.0,3279028315.0,0.17919793717914256,68756353.0,64744179.0,0.06196964826753004,positive,48666K109
KBR,2026-06-30,2026-03-31,364,374.0,-10.0,-0.0267379679144385,67,63.0,4.0,0.06349206349206349,4511294489.0,4606058555.0,-0.020573786648268033,137277319.0,127795759.0,0.07419307240078288,positive,48242W106
KBSX,2026-06-30,2026-03-31,5,4.0,1.0,0.25,0,0.0,0.0,,1775074.0,2468135.0,-0.28080352168742795,1868500.0,1855344.0,0.007090868324149069,neutral,G3R23E100
KDK,2026-06-30,2026-03-31,94,79.0,15.0,0.1898734177215189,12,9.0,3.0,0.33333333333333326,451269215.0,413715754.0,0.09077116507388316,103386653.0,69707080.0,0.4831585686848452,positive,500081104
KDP,2026-06-30,2026-03-31,857,831.0,26.0,0.03128760529482544,180,153.0,27.0,0.17647058823529416,45550196281.0,35267458753.0,0.29156445889726346,1527634039.0,1404236357.0,0.08787529348949907,positive,49271V100
KE,2026-06-30,2026-03-31,176,172.0,4.0,0.023255813953488413,11,11.0,0.0,0.0,531808296.0,509823663.0,0.043122033352932077,21617444.0,22464996.0,-0.03772767197465787,neutral,49428J109
KEEL,2026-06-30,2026-03-31,284,1.0,283.0,283.0,41,0.0,41.0,,2126559496.0,60367.0,35226.185316480856,382115785.0,19225.0,19874.983615084526,positive,486917107
KEN,2026-06-30,2026-03-31,1,1.0,0.0,0.0,0,0.0,0.0,,457130.0,622692.0,-0.26588104552491443,6766.0,7606.0,-0.11043912700499603,neutral,ACI0BDP31
KEP,2026-06-30,2026-03-31,1,1.0,0.0,0.0,0,0.0,0.0,,857.0,2497107.0,-0.9996568028522607,35882.0,110551.0,-0.6754258215665168,neutral,006495730
KEX,2026-06-30,2026-03-31,467,435.0,32.0,0.0735632183908046,81,78.0,3.0,0.03846153846153855,7224383323.0,7338381953.0,-0.015534572979455818,56523504.0,56811247.0,-0.0050648949846145985,positive,497266106
KEY,2026-06-30,2026-03-31,942,893.0,49.0,0.054871220604703286,133,120.0,13.0,0.10833333333333339,21428511733.0,19618501687.0,0.09226036090204515,988120609.0,1005374661.0,-0.01716181307258946,positive,493267108
KEYS,2026-06-30,2026-03-31,1257,1145.0,112.0,0.0978165938864628,283,243.0,40.0,0.1646090534979423,48623154727.0,40809861272.0,0.19145601605758866,248519194.0,166828452.0,0.48966912430500753,positive,49338L103
KFRC,2026-06-30,2026-03-31,238,206.0,32.0,0.15533980582524265,26,17.0,9.0,0.5294117647058822,808676265.0,515190780.0,0.5696636981741017,18528619.0,17997697.0,0.029499440956251233,positive,493732101
KFY,2026-06-30,2026-03-31,363,345.0,18.0,0.05217391304347818,47,45.0,2.0,0.04444444444444451,3472599420.0,3253448920.0,0.06735944082380119,57932719.0,53494863.0,0.08295854501020039,positive,500643200
KG,2026-06-30,2026-03-31,40,45.0,-5.0,-0.11111111111111116,0,0.0,0.0,,9324809.0,15799377.0,-0.4097989433380822,1036084.0,1464048.0,-0.29231555249554664,neutral,G5260K102
KGC,2026-06-30,2026-03-31,646,671.0,-25.0,-0.037257824143069995,135,139.0,-4.0,-0.02877697841726623,17535647063.0,20126235529.0,-0.1287169904310822,736928667.0,765490353.0,-0.037311621091062896,negative,496902404
KGEI,2026-06-30,2026-03-31,85,63.0,22.0,0.3492063492063493,1,1.0,0.0,0.0,71240209.0,76191084.0,-0.06497971599931562,14489288.0,13939147.0,0.03946733612896103,neutral,50043K406
KHC,2026-06-30,2026-03-31,1113,1099.0,14.0,0.01273885350318471,144,124.0,20.0,0.16129032258064524,24834240565.0,23834337615.0,0.04195220216108364,1117999279.0,1095218667.0,0.020800058186006165,positive,500754106
KIDS,2026-06-30,2026-03-31,122,121.0,1.0,0.008264462809917328,9,8.0,1.0,0.125,319264668.0,266724314.0,0.1969837440466713,16997522.0,17039119.0,-0.002441264715622893,positive,68752L100
KIDZ,2026-06-30,2026-03-31,9,,,,0,,,,25946.0,,,104422.0,,,unavailable,182744300
KIM,2026-06-30,2026-03-31,700,665.0,35.0,0.05263157894736836,117,105.0,12.0,0.11428571428571432,15551231014.0,14331519198.0,0.08510694498948967,705162887.0,705060381.0,0.00014538612970227405,positive,49446R109
KITT,2026-06-30,2026-03-31,23,23.0,0.0,0.0,0,0.0,0.0,,264741.0,836826.0,-0.6836367416882363,867138.0,2258640.0,-0.616079587716502,neutral,63911H405
KKR,2026-06-30,2026-03-31,1290,1298.0,-8.0,-0.006163328197226536,254,267.0,-13.0,-0.048689138576779034,50994565295.0,54095398245.0,-0.057321566170124405,732890661.0,671822764.0,0.09089882074909861,negative,48251W104
KLAC,2026-06-30,2026-03-31,2484,2082.0,402.0,0.19308357348703176,631,470.0,161.0,0.3425531914893618,362765817137.0,180764992003.0,1.0068366840133485,1809726907.0,128893398.0,13.040493423875752,positive,482480100
KLAR,2026-06-30,2026-03-31,215,193.0,22.0,0.11398963730569944,45,38.0,7.0,0.18421052631578938,3971860567.0,2419758768.0,0.6414283190232457,201081746.0,186139792.0,0.08027275543533441,positive,G5279N105
KLC,2026-06-30,2026-03-31,107,110.0,-3.0,-0.027272727272727226,3,3.0,0.0,0.0,461414316.0,259405965.0,0.778734409596171,109110524.0,110365047.0,-0.011367031810352035,neutral,49456W105
KLRS,2026-06-30,2026-03-31,57,58.0,-1.0,-0.017241379310344862,1,1.0,0.0,0.0,73429307.0,110051219.0,-0.3327715252295388,18066103.0,19087144.0,-0.05349364996670014,neutral,482929106
KLTR,2026-06-30,2026-03-31,102,98.0,4.0,0.04081632653061229,1,0.0,1.0,,54142637.0,53441755.0,0.013114876186232971,43997127.0,45987824.0,-0.04328747974681302,positive,483467106
KLXE,2026-06-30,2026-03-31,63,58.0,5.0,0.0862068965517242,0,0.0,0.0,,17751180.0,16242778.0,0.0928660109742312,7131135.0,6372380.0,0.11906932731569686,neutral,48253L205
KMB,2026-06-30,2026-03-31,1711,1656.0,55.0,0.033212560386473466,211,196.0,15.0,0.07653061224489788,35291016851.0,29993907100.0,0.1766061931624774,377408834.0,322349735.0,0.17080547312998418,positive,494368103
KMDA,2026-06-30,2026-03-31,51,43.0,8.0,0.18604651162790709,1,2.0,-1.0,-0.5,35210330.0,1022123335.0,-0.9655517795217933,4965313.0,5724891.0,-0.13267990604537272,negative,M6240T109
KMI,2026-06-30,2026-03-31,1833,1843.0,-10.0,-0.005425935973955465,298,310.0,-12.0,-0.03870967741935483,49547432482.0,54257440390.0,-0.08680851647524612,1699598952.0,1656284871.0,0.02615134736686242,negative,49456B101
KMPR,2026-06-30,2026-03-31,293,276.0,17.0,0.061594202898550776,35,41.0,-6.0,-0.14634146341463417,1537657949.0,1741864617.0,-0.11723452328442352,60024316.0,58517813.0,0.02574434898993916,negative,488401100
KMRK,2026-06-30,2026-03-31,7,4.0,3.0,0.75,0,1.0,-1.0,-1.0,62851.0,14495159.0,-0.995664000650148,85433.0,262540.0,-0.6745905385845966,negative,G5321F100
KMT,2026-06-30,2026-03-31,341,317.0,24.0,0.0757097791798107,42,44.0,-2.0,-0.045454545454545414,2757820662.0,2912797140.0,-0.05320537976084394,85083196.0,82953418.0,0.025674385110930675,negative,489170100
KMX,2026-06-30,2026-03-31,558,550.0,8.0,0.014545454545454639,82,75.0,7.0,0.09333333333333327,7833189272.0,6759752548.0,0.15879822765370255,158248812.0,165884860.0,-0.04603221776839672,positive,143130102
KN,2026-06-30,2026-03-31,343,283.0,60.0,0.21201413427561833,49,38.0,11.0,0.2894736842105263,3431457151.0,2308139741.0,0.486676517043688,97508516.0,91638383.0,0.06405757945336066,positive,49926D109
KNDI,2026-06-30,2026-03-31,32,29.0,3.0,0.10344827586206895,0,0.0,0.0,,486273.0,679324.0,-0.28418103879739265,692544.0,812447.0,-0.1475825500001846,neutral,G5214E103
KNF,2026-06-30,2026-03-31,393,389.0,4.0,0.010282776349614497,47,49.0,-2.0,-0.04081632653061229,4106752165.0,4163223091.0,-0.013564232510642538,61370416.0,57227979.0,0.0723848207185509,negative,498894104
KNSA,2026-06-30,2026-03-31,0,2.0,-2.0,-1.0,0,0.0,0.0,,0.0,24471.0,-1.0,0.0,15561.0,-1.0,neutral,
KNTK,2026-06-30,2026-03-31,325,308.0,17.0,0.05519480519480524,51,50.0,1.0,0.020000000000000018,3390600267.0,3403845894.0,-0.0038913709411311226,75405175.0,72998802.0,0.03296455467858217,positive,02215L209
KO,2026-06-30,2026-03-31,3632,3580.0,52.0,0.01452513966480451,611,571.0,40.0,0.07005253940455347,263442378187.0,257158482965.0,0.0244358854102249,3819019619.0,3467464177.0,0.10138689949038215,positive,191216100
KOD,2026-06-30,2026-03-31,202,188.0,14.0,0.07446808510638303,31,32.0,-1.0,-0.03125,2182250467.0,2221155217.0,-0.017515547631356765,62171179.0,61354106.0,0.013317332013606409,negative,50015M109
KODK,2026-06-30,2026-03-31,180,163.0,17.0,0.10429447852760743,8,8.0,0.0,0.0,344250817.0,343864030.0,0.0011248254142779412,38693434.0,38645978.0,0.0012279673708865957,neutral,277461406
KOP,2026-06-30,2026-03-31,218,204.0,14.0,0.06862745098039214,19,14.0,5.0,0.3571428571428572,827821777.0,729800756.0,0.1343120299535563,20765459.0,20317447.0,0.022050605078482555,positive,50060P106
KOPN,2026-06-30,2026-03-31,203,158.0,45.0,0.28481012658227844,8,6.0,2.0,0.33333333333333326,460809050.0,226736179.0,1.0323578355794734,103860838.0,101930854.0,0.018934247328095566,positive,500600101
KOS,2026-06-30,2026-03-31,268,264.0,4.0,0.015151515151515138,24,33.0,-9.0,-0.2727272727272727,934366027.0,1226206663.0,-0.2380028137230894,446638992.0,446647453.0,-1.8943352174449757e-05,negative,500688106
KOSS,2026-06-30,2026-03-31,23,23.0,0.0,0.0,0,0.0,0.0,,2001007.0,2416343.0,-0.1718861933094763,498994.0,686099.0,-0.27270845752580897,neutral,500692108
KPLT,2026-06-30,2026-03-31,27,34.0,-7.0,-0.20588235294117652,0,0.0,0.0,,11597927.0,12098387.0,-0.041365844884942105,1769186.0,3340780.0,-0.4704272654888978,neutral,485859201
KPRX,2026-06-30,2026-03-31,22,18.0,4.0,0.22222222222222232,0,0.0,0.0,,2753630.0,692992.0,2.973537934059845,1105562.0,359064.0,2.0790109841142526,neutral,49721T507
KPTI,2026-06-30,2026-03-31,99,77.0,22.0,0.2857142857142858,6,3.0,3.0,1.0,202140744.0,96152221.0,1.102299269821339,21907628.0,18933979.0,0.15705357019779087,positive,48576U205
KR,2026-06-30,2026-03-31,1317,1387.0,-70.0,-0.050468637346791634,193,207.0,-14.0,-0.06763285024154586,28447033845.0,39820977975.0,-0.28562694108468845,576716141.0,568800104.0,0.01391708078871945,negative,501044101
KRC,2026-06-30,2026-03-31,386,343.0,43.0,0.12536443148688048,53,44.0,9.0,0.20454545454545459,4774951836.0,3710338994.0,0.28693142155517015,144370526.0,146703002.0,-0.015899306545887892,positive,49427F108
KRG,2026-06-30,2026-03-31,405,375.0,30.0,0.08000000000000007,57,50.0,7.0,0.1399999999999999,5120200878.0,4691524922.0,0.09137241368788374,217079365.0,221475087.0,-0.019847478375750627,positive,49803T300
KRMD,2026-06-30,2026-03-31,87,91.0,-4.0,-0.04395604395604391,3,4.0,-1.0,-0.25,85160381.0,97991361.0,-0.1309399101008506,20696986.0,22742685.0,-0.08994975747146827,negative,759910102
KRO,2026-06-30,2026-03-31,134,121.0,13.0,0.1074380165289257,3,4.0,-1.0,-0.25,115923303.0,120889347.0,-0.0410792524175021,18598524.0,18653836.0,-0.0029651809954799324,negative,50105F105
KROS,2026-06-30,2026-03-31,133,151.0,-18.0,-0.11920529801324509,3,3.0,0.0,0.0,212289646.0,215906174.0,-0.016750461244336656,20153654.0,19891112.0,0.013198960420111261,neutral,492327101
KRRO,2026-06-30,2026-03-31,108,99.0,9.0,0.09090909090909083,7,5.0,2.0,0.3999999999999999,219167030.0,147818662.0,0.48267496833383605,16662569.0,13135078.0,0.26855500972282,positive,500946108
KRT,2026-06-30,2026-03-31,145,132.0,13.0,0.0984848484848484,3,2.0,1.0,0.5,218858955.0,173659287.0,0.2602778623639057,7207994.0,6917567.0,0.041983980783995234,positive,48563L101
KRUS,2026-06-30,2026-03-31,150,145.0,5.0,0.034482758620689724,13,17.0,-4.0,-0.23529411764705888,525879594.0,719256333.0,-0.26885649820201163,9722781.0,10329488.0,-0.05873543780679158,negative,501270102
KRYS,2026-06-30,2026-03-31,426,370.0,56.0,0.15135135135135136,75,56.0,19.0,0.3392857142857142,10778600014.0,7568748759.0,0.42409272089830763,39540276.0,30128469.0,0.31238915591761396,positive,501147102
KSCP,2026-06-30,2026-03-31,61,65.0,-4.0,-0.06153846153846154,0,0.0,0.0,,3023428.0,7906739.0,-0.6176137848991854,1498051.0,1931610.0,-0.22445472947437628,neutral,49907V201
KSS,2026-06-30,2026-03-31,371,372.0,-1.0,-0.0026881720430107503,34,33.0,1.0,0.030303030303030276,2080175453.0,1630134276.0,0.27607613901862393,125008144.0,129418019.0,-0.03407466003632775,positive,500255104
KT,2026-06-30,2026-03-31,244,259.0,-15.0,-0.05791505791505791,35,44.0,-9.0,-0.20454545454545459,2760496063.0,3099010690.0,-0.10923312658853723,168943130.0,156002608.0,0.08295067733739425,negative,48268K101
KTB,2026-06-30,2026-03-31,433,411.0,22.0,0.05352798053527974,56,48.0,8.0,0.16666666666666674,4805975979.0,4001654434.0,0.20099725207806385,65807555.0,60156375.0,0.09394149830338017,positive,50050N103
KTCC,2026-06-30,2026-03-31,26,26.0,0.0,0.0,0,0.0,0.0,,15487900.0,11790589.0,0.3135815352396729,4510341.0,5076776.0,-0.1115737625611215,neutral,493144109
KTTA,2026-06-30,2026-03-31,31,26.0,5.0,0.1923076923076923,0,0.0,0.0,,9797703.0,13681533.0,-0.28387389044780287,19480604.0,18903723.0,0.030516792908994672,neutral,70261F202
KURA,2026-06-30,2026-03-31,221,222.0,-1.0,-0.0045045045045044585,23,18.0,5.0,0.2777777777777777,959611348.0,717641029.0,0.3371745889963602,89256819.0,89237949.0,0.00021145712347103718,positive,50127T109
KUST,2026-06-30,2026-03-31,9,9.0,0.0,0.0,0,0.0,0.0,,16374.0,49790.0,-0.6711387828881301,102021.0,97734.0,0.0438639572717785,neutral,25382T606
KVUE,2026-06-30,2026-03-31,1011,1019.0,-8.0,-0.007850834151128527,199,185.0,14.0,0.07567567567567557,33766339673.0,31221730925.0,0.0815012067752614,1891294895.0,1882260778.0,0.004799609653237891,positive,49177J102
KYIV,2026-06-30,2026-03-31,92,77.0,15.0,0.19480519480519476,12,7.0,5.0,0.7142857142857142,486469134.0,287483070.0,0.6921661995608994,34334846.0,32711669.0,0.04962073320074256,positive,G5331N101
KYMR,2026-06-30,2026-03-31,279,257.0,22.0,0.08560311284046684,75,62.0,13.0,0.20967741935483875,9606077683.0,7317276667.0,0.31279410635410376,103784699.0,99554852.0,0.0424876027137282,positive,501575104
KYNB,2026-06-30,2026-03-31,27,32.0,-5.0,-0.15625,0,0.0,0.0,,6627630.0,7362266.0,-0.09978395238639848,998990.0,1191341.0,-0.16145755077681367,neutral,31572Q881
KYTX,2026-06-30,2026-03-31,121,111.0,10.0,0.09009009009009006,7,7.0,0.0,0.0,326458478.0,311006177.0,0.0496848684777087,37919148.0,37607813.0,0.008278465966633064,neutral,501976104
L,2026-06-30,2026-03-31,788,775.0,13.0,0.016774193548387162,107,102.0,5.0,0.0490196078431373,13612010726.0,13246720349.0,0.027575910668905745,175675990.0,130311908.0,0.34811923711530635,positive,540424108
LAB,2026-06-30,2026-03-31,144,156.0,-12.0,-0.07692307692307687,5,6.0,-1.0,-0.16666666666666663,243976472.0,284647217.0,-0.1428812318231799,298037772.0,310322723.0,-0.039587661777510275,negative,34385P108
LAC,2026-06-30,2026-03-31,4,4.0,0.0,0.0,0,0.0,0.0,,473437.0,350784.0,0.34965391808064217,163976.0,88522.0,0.8523756806217664,neutral,53681J954
LAES,2026-06-30,2026-03-31,110,86.0,24.0,0.2790697674418605,0,1.0,-1.0,-1.0,33935816.0,90572037.0,-0.6253168513809622,12307292.0,35498550.0,-0.6533015573875552,negative,G79483106
LAMR,2026-06-30,2026-03-31,779,695.0,84.0,0.12086330935251799,128,94.0,34.0,0.36170212765957444,12932768260.0,11292133804.0,0.1452900297212949,103391752.0,94176035.0,0.09785628583747452,positive,512816109
LAND,2026-06-30,2026-03-31,182,174.0,8.0,0.04597701149425282,4,5.0,-1.0,-0.19999999999999996,150118089.0,184412205.0,-0.1859644593480133,17961181.0,18609994.0,-0.03486368668361739,negative,376549101
LAR,2026-06-30,2026-03-31,163,167.0,-4.0,-0.0239520958083832,10,8.0,2.0,0.25,446547701.0,293647461.0,0.5206932131451325,55157371.0,54858173.0,0.005454027789077109,positive,H5012F103
LARK,2026-06-30,2026-03-31,73,64.0,9.0,0.140625,1,1.0,0.0,0.0,61325046.0,51006819.0,0.20229112895669887,1998573.0,2056568.0,-0.028199894192654895,neutral,51504L107
LASE,2026-06-30,2026-03-31,42,24.0,18.0,0.75,0,0.0,0.0,,6268578.0,1713525.0,2.6582938679038826,4087686.0,1759369.0,1.3233818488333031,neutral,51807Q100
LASR,2026-06-30,2026-03-31,363,332.0,31.0,0.09337349397590367,69,61.0,8.0,0.13114754098360648,3570082603.0,2805361160.0,0.2725928675080109,56986509.0,52182696.0,0.09205758552605259,positive,65487K100
LAW,2026-06-30,2026-03-31,121,122.0,-1.0,-0.008196721311475419,2,3.0,-1.0,-0.33333333333333337,131540652.0,137939218.0,-0.04638685134491627,35649523.0,36717633.0,-0.029089838116743483,negative,126327105
LAWR,2026-06-30,2026-03-31,6,6.0,0.0,0.0,0,0.0,0.0,,388043.0,388279.0,-0.0006078103631667053,173452.0,173452.0,0.0,neutral,77106A108
LAZ,2026-06-30,2026-03-31,346,336.0,10.0,0.029761904761904656,51,52.0,-1.0,-0.019230769230769273,3896310854.0,3854976983.0,0.010722209544253403,107822167.0,101445378.0,0.06285933500094987,negative,52110M109
LB,2026-06-30,2026-03-31,193,187.0,6.0,0.03208556149732611,24,25.0,-1.0,-0.040000000000000036,2149996352.0,1892720569.0,0.13592908917132385,30974198.0,27534329.0,0.12493019168907304,negative,514952100
LBRT,2026-06-30,2026-03-31,407,397.0,10.0,0.025188916876574208,67,71.0,-4.0,-0.05633802816901412,4682738373.0,5124219538.0,-0.0861557865985405,190154483.0,187907005.0,0.011960586567807852,negative,53115L104
LBRX,2026-06-30,2026-03-31,117,77.0,40.0,0.5194805194805194,21,20.0,1.0,0.050000000000000044,1004834086.0,739612411.0,0.35859549009109304,31537969.0,30136926.0,0.04648924711166624,positive,50180M108
LBTYA,2026-06-30,2026-03-31,298,289.0,9.0,0.03114186851211076,34,36.0,-2.0,-0.05555555555555558,1857857563.0,2193732630.0,-0.15310665593737371,173871574.0,189760797.0,-0.08373290611758977,negative,G61188101
LBTYB,2026-06-30,2026-03-31,8,6.0,2.0,0.33333333333333326,0,0.0,0.0,,179735.0,334018.0,-0.4619002568723841,19466.0,26548.0,-0.2667620913063131,neutral,G61188119
LCCC,2026-06-30,2026-03-31,32,30.0,2.0,0.06666666666666665,1,0.0,1.0,,66436896.0,56063866.0,0.1850216679670289,6546908.0,5624466.0,0.16400525845475822,positive,G5353S103
LCFY,2026-06-30,2026-03-31,7,8.0,-1.0,-0.125,0,0.0,0.0,,526123.0,278309.0,0.8904275463603404,53436.0,94139.0,-0.4323712807656763,neutral,Q56120142
LCID,2026-06-30,2026-03-31,375,357.0,18.0,0.050420168067226934,12,15.0,-3.0,-0.19999999999999996,2046391827.0,4147649963.0,-0.5066141440923712,307748418.0,436177249.0,-0.29444183825369585,negative,549498202
LCII,2026-06-30,2026-03-31,0,1.0,-1.0,-1.0,0,0.0,0.0,,0.0,231701.0,-1.0,0.0,1884.0,-1.0,neutral,
LCNB,2026-06-30,2026-03-31,110,110.0,0.0,0.0,2,2.0,0.0,0.0,128145498.0,99852873.0,0.28334312423839814,7319370.0,6415021.0,0.1409736616606556,neutral,50181P100
LCUT,2026-06-30,2026-03-31,90,54.0,36.0,0.6666666666666667,1,1.0,0.0,0.0,81184936.0,61630718.0,0.31728038605683606,10002640.0,11098081.0,-0.09870544285989624,neutral,53222Q103
LDI,2026-06-30,2026-03-31,131,139.0,-8.0,-0.05755395683453235,1,2.0,-1.0,-0.5,71093581.0,83412785.0,-0.14768963774558064,55746346.0,58918601.0,-0.05384131575018214,negative,53946R106
LDOS,2026-06-30,2026-03-31,770,904.0,-134.0,-0.14823008849557517,102,125.0,-23.0,-0.18400000000000005,10086336373.0,15592154272.0,-0.3531146372048929,121181470.0,109860514.0,0.10304845287725484,negative,525327102
LE,2026-06-30,2026-03-31,128,127.0,1.0,0.007874015748031482,1,2.0,-1.0,-0.5,106573300.0,142853240.0,-0.2539665183652817,10205738.0,12504280.0,-0.18382041988823028,negative,51509F105
LEA,2026-06-30,2026-03-31,521,478.0,43.0,0.08995815899581583,77,63.0,14.0,0.22222222222222232,7191158994.0,6559555917.0,0.09628747509615909,61809226.0,55945607.0,0.10480928377450627,positive,521865204
LEDS,2026-06-30,2026-03-31,9,9.0,0.0,0.0,0,0.0,0.0,,217229.0,159886.0,0.3586492876174274,141776.0,127909.0,0.1084130123759861,neutral,816645204
LEE,2026-06-30,2026-03-31,51,39.0,12.0,0.3076923076923077,1,1.0,0.0,0.0,40562823.0,36527078.0,0.11048639039783037,4544194.0,4307214.0,0.05501932339558713,neutral,523768406
LEGH,2026-06-30,2026-03-31,124,112.0,12.0,0.1071428571428572,8,7.0,1.0,0.1428571428571428,244091229.0,202567751.0,0.20498562972148515,10033873.0,10390929.0,-0.03436227886842458,positive,52472M101
LEN,2026-06-30,2026-03-31,938,940.0,-2.0,-0.0021276595744680327,127,127.0,0.0,0.0,19313964330.0,19201547347.0,0.005854579371571411,243296445.0,223107817.0,0.0904882144940713,neutral,526057104
LEN-B,2026-06-30,2026-03-31,262,245.0,17.0,0.06938775510204076,18,16.0,2.0,0.125,693581491.0,715629082.0,-0.03080868505005785,7918089.0,8726324.0,-0.092620329018267,positive,526057302
LENZ,2026-06-30,2026-03-31,145,145.0,0.0,0.0,5,9.0,-4.0,-0.4444444444444444,193716165.0,310690991.0,-0.3764989310552619,35055334.0,34320225.0,0.021419119484210825,negative,52635N103
LESL,2026-06-30,2026-03-31,46,43.0,3.0,0.06976744186046502,1,0.0,1.0,,51220475.0,6159350.0,7.315889663682045,5159905.0,5758357.0,-0.10392756128180314,positive,527064208
LEU,2026-06-30,2026-03-31,378,401.0,-23.0,-0.05735660847880297,38,40.0,-2.0,-0.050000000000000044,2485910841.0,2301075705.0,0.08032553453081626,18766164.0,14871000.0,0.26193019971757114,negative,15643U104
LEVI,2026-06-30,2026-03-31,316,285.0,31.0,0.1087719298245613,47,36.0,11.0,0.3055555555555556,2077684304.0,1592542413.0,0.3046335764999184,91645744.0,90808324.0,0.00922184182146113,positive,52736R102
LEXX,2026-06-30,2026-03-31,31,28.0,3.0,0.1071428571428572,0,0.0,0.0,,873075.0,1326245.0,-0.3416940308917281,1640747.0,1712902.0,-0.04212441809280387,neutral,52886N406
LFMD,2026-06-30,2026-03-31,117,102.0,15.0,0.1470588235294117,2,2.0,0.0,0.0,89452223.0,70877075.0,0.2620755441727809,21821003.0,19719566.0,0.10656608771207243,neutral,53216B104
LFST,2026-06-30,2026-03-31,289,229.0,60.0,0.2620087336244541,39,25.0,14.0,0.56,4013226063.0,2421897039.0,0.6570589081099247,382657840.0,380955356.0,0.004468985599456854,positive,53228F101
LFT,2026-06-30,2026-03-31,54,66.0,-12.0,-0.18181818181818177,0,0.0,0.0,,9517160.0,19983718.0,-0.5237542883661589,10048670.0,15799610.0,-0.3639925289295115,neutral,55025L108
LFVN,2026-06-30,2026-03-31,90,105.0,-15.0,-0.1428571428571429,1,1.0,0.0,0.0,36511251.0,34642994.0,0.05392885499446143,5915593.0,8069152.0,-0.2668878960267448,neutral,53222K205
LFWD,2026-06-30,2026-03-31,9,8.0,1.0,0.125,0,0.0,0.0,,249603.0,93346.0,1.6739549632549866,32185.0,14080.0,1.285866477272727,neutral,M8216Q309
LGCL,2026-06-30,2026-03-31,6,3.0,3.0,1.0,0,0.0,0.0,,323511.0,71302.0,3.5371939076042747,207130.0,46602.0,3.444659027509549,neutral,G57037114
LGIH,2026-06-30,2026-03-31,253,206.0,47.0,0.22815533980582514,27,20.0,7.0,0.3500000000000001,1350634784.0,850229947.0,0.5885523542962197,23287874.0,21679004.0,0.07421328027800533,positive,50187T106
LGN,2026-06-30,2026-03-31,269,197.0,72.0,0.36548223350253806,87,58.0,29.0,0.5,7177391949.0,4390445167.0,0.6347754444008524,91432677.0,79094587.0,0.1559915851131506,positive,52476L109
LGND,2026-06-30,2026-03-31,416,360.0,56.0,0.15555555555555545,84,63.0,21.0,0.33333333333333326,7070791717.0,4485303820.0,0.5764353989737088,29963542.0,22870598.0,0.31013373589969095,positive,53220K504
LGO,2026-06-30,2026-03-31,38,41.0,-3.0,-0.07317073170731703,0,0.0,0.0,,8792949.0,17542406.0,-0.49876037528717554,15417729.0,15711430.0,-0.018693460748003154,neutral,517097101
LGVN,2026-06-30,2026-03-31,38,30.0,8.0,0.2666666666666666,0,0.0,0.0,,3306237.0,2809856.0,0.17665709559493448,4761820.0,2820792.0,0.6881145437168001,neutral,54303L203
LIDR,2026-06-30,2026-03-31,58,53.0,5.0,0.09433962264150941,0,0.0,0.0,,15922451.0,23399946.0,-0.31955180580331255,11038152.0,13485070.0,-0.1814538597130011,neutral,008183204
LIEN,2026-06-30,2026-03-31,48,42.0,6.0,0.1428571428571428,0,0.0,0.0,,37015039.0,33336411.0,0.11034865150900619,4009981.0,3741529.0,0.07174927683308074,neutral,828174102
LIF,2026-06-30,2026-03-31,205,194.0,11.0,0.05670103092783507,23,19.0,4.0,0.21052631578947367,1872963392.0,1436371110.0,0.3039550704970668,38913466.0,35445958.0,0.0978252019595578,positive,532206109
LILA,2026-06-30,2026-03-31,160,136.0,24.0,0.17647058823529416,4,5.0,-1.0,-0.19999999999999996,210142755.0,258756975.0,-0.1878759789953488,27968335.0,31422380.0,-0.10992308666625505,negative,G9001E102
LIMN,2026-06-30,2026-03-31,13,15.0,-2.0,-0.1333333333333333,0,0.0,0.0,,69097.0,197497.0,-0.6501364577689788,616622.0,1525878.0,-0.5958903660712063,neutral,53271X108
LIN,2026-06-30,2026-03-31,26,27.0,-1.0,-0.03703703703703709,5,4.0,1.0,0.25,465396152.0,550047781.0,-0.1538986828491542,1698084.0,2040879.0,-0.1679643918135274,positive,G5494J103
LINE,2026-06-30,2026-03-31,328,309.0,19.0,0.06148867313915862,43,34.0,9.0,0.2647058823529411,3345848693.0,2168267223.0,0.543097943606188,81655375.0,68222296.0,0.19690159651032557,positive,53566V106
LION,2026-06-30,2026-03-31,295,275.0,20.0,0.07272727272727275,47,32.0,15.0,0.46875,4054353971.0,2691110469.0,0.5065728507631917,271496007.0,286277247.0,-0.05163260494816757,positive,53626N102
LITS,2026-06-30,2026-03-31,35,36.0,-1.0,-0.02777777777777779,0,0.0,0.0,,5372147.0,8043335.0,-0.33209955820564485,5886289.0,6933347.0,-0.15101768309014396,neutral,55279B301
LIVE,2026-06-30,2026-03-31,17,17.0,0.0,0.0,0,0.0,0.0,,2095369.0,3532253.0,-0.40678966087650004,217558.0,300259.0,-0.2754322101918677,neutral,538142308
LIVN,2026-06-30,2026-03-31,306,293.0,13.0,0.04436860068259385,62,60.0,2.0,0.03333333333333344,4832065522.0,3778269034.0,0.2789098601812272,65373892.0,60850638.0,0.07433371528495725,positive,G5509L101
LKQ,2026-06-30,2026-03-31,534,552.0,-18.0,-0.03260869565217395,86,88.0,-2.0,-0.022727272727272707,7305799537.0,8444338520.0,-0.13482867607728255,291207879.0,294829178.0,-0.012282702222912278,negative,501889208
LLY,2026-06-30,2026-03-31,4624,4388.0,236.0,0.05378304466727446,1189,1007.0,182.0,0.18073485600794448,924115846709.0,751464707500.0,0.22975282469802472,2259819338.0,846675528.0,1.669050023611879,positive,532457108
LMAT,2026-06-30,2026-03-31,328,342.0,-14.0,-0.040935672514619936,43,48.0,-5.0,-0.10416666666666663,2125414512.0,2469674528.0,-0.13939489276701966,25501405.0,23294110.0,0.09475764474367132,negative,525558201
LMND,2026-06-30,2026-03-31,340,348.0,-8.0,-0.02298850574712641,38,46.0,-8.0,-0.17391304347826086,2861144545.0,2893429372.0,-0.011157979977815757,50581011.0,47411720.0,0.06684615112044034,negative,52567D107
LMNR,2026-06-30,2026-03-31,113,118.0,-5.0,-0.0423728813559322,2,3.0,-1.0,-0.33333333333333337,147890315.0,152222854.0,-0.028461816909568616,11297041.0,11392616.0,-0.008389205780305442,negative,532746104
LMT,2026-06-30,2026-03-31,2777,2934.0,-157.0,-0.05351056578050439,366,412.0,-46.0,-0.11165048543689315,90787534005.0,112439947348.0,-0.19256868980902397,354038133.0,190772621.0,0.8558120716913566,negative,539830109
LNAI,2026-06-30,2026-03-31,15,28.0,-13.0,-0.4642857142857143,0,0.0,0.0,,476302.0,372037.0,0.2802543833005857,158660.0,988152.0,-0.8394376573644541,neutral,29350E302
LNG,2026-06-30,2026-03-31,1343,1376.0,-33.0,-0.02398255813953487,269,266.0,3.0,0.011278195488721776,43223600102.0,52728491957.0,-0.18026102211971518,290314228.0,193382879.0,0.5012405932792012,positive,16411R208
LNN,2026-06-30,2026-03-31,236,233.0,3.0,0.012875536480686733,26,26.0,0.0,0.0,1297974911.0,1217826895.0,0.06581232220199906,12146776.0,10473750.0,0.15973514739229033,neutral,535555106
LNSR,2026-06-30,2026-03-31,77,87.0,-10.0,-0.11494252873563215,0,0.0,0.0,,25162285.0,33320559.0,-0.24484205081913546,4417612.0,5598975.0,-0.2109962984296233,neutral,52634L108
LNT,2026-06-30,2026-03-31,883,860.0,23.0,0.02674418604651163,132,119.0,13.0,0.10924369747899165,18251621056.0,18091168585.0,0.008869104847822662,281096794.0,270076145.0,0.0408057105524815,positive,018802108
LNZA,2026-06-30,2026-03-31,40,22.0,18.0,0.8181818181818181,0,0.0,0.0,,14906431.0,6720848.0,1.2179390160289296,2128603.0,416074.0,4.115924090426223,neutral,51655R200
LOB,2026-06-30,2026-03-31,241,228.0,13.0,0.05701754385964919,23,17.0,6.0,0.3529411764705883,1082549428.0,921922246.0,0.17423072574387155,34829289.0,34891624.0,-0.00178653191952316,positive,53803X105
LOBO,2026-06-30,2026-03-31,4,2.0,2.0,1.0,0,0.0,0.0,,87048.0,12079.0,6.206556834175014,134954.0,26843.0,4.027530454867191,neutral,G00350119
LOCO,2026-06-30,2026-03-31,152,142.0,10.0,0.07042253521126751,12,6.0,6.0,1.0,463801398.0,359262632.0,0.2909814622746514,29966283.0,28552535.0,0.04951392231898155,positive,268603107
LONA,2026-06-30,2026-03-31,44,40.0,4.0,0.10000000000000009,1,1.0,0.0,0.0,70350264.0,92753974.0,-0.2415390848913923,7665302.0,9066835.0,-0.15457797566626064,neutral,04746L203
LOVE,2026-06-30,2026-03-31,122,109.0,13.0,0.11926605504587151,9,7.0,2.0,0.2857142857142858,291599331.0,244424353.0,0.193004409834727,14247615.0,16572776.0,-0.14030003181120654,positive,54738L109
LOW,2026-06-30,2026-03-31,1,1.0,0.0,0.0,0,0.0,0.0,,393575.0,532575.0,-0.2609961038351406,1785.0,2254.0,-0.2080745341614907,neutral,42222G108
LPAA,2026-06-30,2026-03-31,48,51.0,-3.0,-0.05882352941176472,10,11.0,-1.0,-0.09090909090909094,233625344.0,249138496.0,-0.062267181704428354,29790324.0,31456597.0,-0.052970542236339124,negative,G5S86M100
LPBB,2026-06-30,2026-03-31,59,56.0,3.0,0.0535714285714286,9,8.0,1.0,0.125,236938321.0,223268781.0,0.061224591896705816,33127098.0,32209056.0,0.0285026049816548,positive,G5S87A105
LPCN,2026-06-30,2026-03-31,36,47.0,-11.0,-0.23404255319148937,0,0.0,0.0,,7040422.0,28912668.0,-0.7564935204181088,2980482.0,3618640.0,-0.1763529944951695,neutral,53630X203
LPG,2026-06-30,2026-03-31,285,255.0,30.0,0.11764705882352944,23,25.0,-2.0,-0.07999999999999996,1104598619.0,1047473267.0,0.05453633405233238,33886605.0,30507739.0,0.1107543892387437,negative,Y2106R110
LPLA,2026-06-30,2026-03-31,1,1.0,0.0,0.0,0,0.0,0.0,,4647720.0,4963695.0,-0.06365721503839372,16500.0,16500.0,0.0,neutral,52012V100
LQDA,2026-06-30,2026-03-31,338,244.0,94.0,0.38524590163934436,60,36.0,24.0,0.6666666666666667,5683325714.0,2404360538.0,1.363757691152058,79521703.0,65254686.0,0.21863589995667132,positive,53635D202
LRCX,2026-06-30,2026-03-31,3128,2652.0,476.0,0.17948717948717952,787,571.0,216.0,0.3782837127845884,447792950387.0,238750287857.0,0.8755703057212922,1909718959.0,1159764553.0,0.6466436692344744,positive,512807306
LRHC,2026-06-30,2026-03-31,0,8.0,-8.0,-1.0,0,0.0,0.0,,0.0,27075.0,-1.0,0.0,72389.0,-1.0,neutral,
LRMR,2026-06-30,2026-03-31,164,162.0,2.0,0.012345679012345734,4,8.0,-4.0,-0.5,293097968.0,414291476.0,-0.2925319853792985,95756133.0,92309355.0,0.03733942242365362,negative,517125100
LRN,2026-06-30,2026-03-31,416,422.0,-6.0,-0.014218009478673022,59,61.0,-2.0,-0.032786885245901676,4007702398.0,4201708813.0,-0.04617321752515269,52019856.0,48957640.0,0.06254827642835714,negative,86333M108
LSAK,2026-06-30,2026-03-31,43,34.0,9.0,0.2647058823529411,4,4.0,0.0,0.0,107371328.0,117344184.0,-0.08498807235303629,21676213.0,23045388.0,-0.05941210449570211,neutral,64107N206
LSCC,2026-06-30,2026-03-31,608,488.0,120.0,0.24590163934426235,116,85.0,31.0,0.3647058823529412,18197800834.0,10770924977.0,0.6895299960643297,168601431.0,152711925.0,0.104048888127106,positive,518415104
LSPD,2026-06-30,2026-03-31,110,101.0,9.0,0.08910891089108919,12,12.0,0.0,0.0,802617676.0,776349584.0,0.03383539135122415,76677889.0,86931707.0,-0.11795256706508706,neutral,53229C107
LSTA,2026-06-30,2026-03-31,32,35.0,-3.0,-0.08571428571428574,0,0.0,0.0,,3504250.0,6417399.0,-0.4539454380193596,1089481.0,1329517.0,-0.1805437613810128,neutral,128058302
LTBR,2026-06-30,2026-03-31,132,136.0,-4.0,-0.02941176470588236,4,5.0,-1.0,-0.19999999999999996,137697146.0,167504962.0,-0.1779518388237359,15959806.0,15933583.0,0.0016457691907714178,negative,53224K302
LTH,2026-06-30,2026-03-31,373,320.0,53.0,0.1656249999999999,83,62.0,21.0,0.33870967741935476,7882761607.0,5570222926.0,0.4151608852503581,212995335.0,218567941.0,-0.02549598982588208,positive,53190C102
LTRN,2026-06-30,2026-03-31,39,33.0,6.0,0.18181818181818188,0,0.0,0.0,,12021606.0,3329398.0,2.610744645128038,2882855.0,2430201.0,0.18626195940171208,neutral,51654W101
LTRX,2026-06-30,2026-03-31,124,105.0,19.0,0.18095238095238098,2,1.0,1.0,1.0,160377726.0,93811807.0,0.7095686686858085,28270505.0,18401498.0,0.5363154130169185,positive,516548203
LUCD,2026-06-30,2026-03-31,117,103.0,14.0,0.13592233009708732,0,0.0,0.0,,65969254.0,47089400.0,0.40093638908119456,61774420.0,41046763.0,0.5049766530919868,neutral,54948X109
LUCY,2026-06-30,2026-03-31,15,11.0,4.0,0.36363636363636354,0,0.0,0.0,,562423.0,641704.0,-0.12354761696981786,895244.0,753286.0,0.18845166377710454,neutral,45791D208
LULU,2026-06-30,2026-03-31,852,957.0,-105.0,-0.10971786833855801,101,122.0,-21.0,-0.17213114754098358,9722327965.0,13986819088.0,-0.304893564159897,102384509.0,92935178.0,0.10167657934652041,negative,550021109
LUMN,2026-06-30,2026-03-31,625,601.0,24.0,0.03993344425956735,58,58.0,0.0,0.0,5686142431.0,5199887103.0,0.0935126702499871,758402221.0,770623832.0,-0.015859373266826293,neutral,550241103
LUNG,2026-06-30,2026-03-31,108,114.0,-6.0,-0.052631578947368474,0,0.0,0.0,,34585810.0,42757507.0,-0.19111724638202132,27098928.0,33537708.0,-0.19198628600380208,neutral,745848101
LUNR,2026-06-30,2026-03-31,330,282.0,48.0,0.17021276595744683,44,42.0,2.0,0.04761904761904767,3048732394.0,1995194325.0,0.5280378235839258,147781529.0,113085009.0,0.30681803279513375,positive,46125A100
LVLU,2026-06-30,2026-03-31,18,18.0,0.0,0.0,0,0.0,0.0,,8061286.0,13613762.0,-0.40785757823590574,994880.0,1070269.0,-0.07043930077391758,neutral,55003A207
LVO,2026-06-30,2026-03-31,32,32.0,0.0,0.0,0,0.0,0.0,,11412697.0,10546832.0,0.08209716434280923,1783147.0,2067913.0,-0.1377069538225254,neutral,53814X300
LVS,2026-06-30,2026-03-31,711,768.0,-57.0,-0.07421875,114,126.0,-12.0,-0.09523809523809523,11676597046.0,14780626582.0,-0.21000662717371665,295162365.0,291916236.0,0.011120070073800115,negative,517834107
LVWR,2026-06-30,2026-03-31,63,66.0,-3.0,-0.045454545454545414,0,0.0,0.0,,4789291.0,6739541.0,-0.28937430605437375,4225793.0,4129575.0,0.023299734234152325,neutral,53838J105
LWAC,2026-06-30,2026-03-31,65,64.0,1.0,0.015625,5,4.0,1.0,0.25,198967699.0,189399029.0,0.05052121993719405,28245681.0,26742967.0,0.05619099780514247,positive,G5490M100
LWAY,2026-06-30,2026-03-31,100,80.0,20.0,0.25,5,2.0,3.0,1.5,245826977.0,101170924.0,1.4298184426980227,8270436.0,5232546.0,0.5805758802693755,positive,531914109
LWLG,2026-06-30,2026-03-31,174,134.0,40.0,0.29850746268656714,12,9.0,3.0,0.33333333333333326,557611203.0,335906905.0,0.6600170901518085,61253336.0,47986121.0,0.27648025561390965,positive,532275104
LXEO,2026-06-30,2026-03-31,144,139.0,5.0,0.03597122302158273,17,14.0,3.0,0.2142857142857142,417424698.0,520038476.0,-0.19731958832984509,89722369.0,90654844.0,-0.010285991998397748,positive,52886X107
LXFR,2026-06-30,2026-03-31,139,142.0,-3.0,-0.021126760563380254,13,9.0,4.0,0.4444444444444444,437989322.0,321472928.0,0.3624454311748453,25016006.0,27340933.0,-0.08503466213095212,positive,G5698W116
LXP,2026-06-30,2026-03-31,318,303.0,15.0,0.04950495049504955,50,44.0,6.0,0.13636363636363646,3082361230.0,2684528570.0,0.1481946083367629,61591584.0,58307832.0,0.05631751151371911,positive,529043408
LXRX,2026-06-30,2026-03-31,151,137.0,14.0,0.10218978102189791,9,6.0,3.0,0.5,875954087.0,516968862.0,0.6944039600590104,366692261.0,332908422.0,0.10148087812569662,positive,528872302
LXU,2026-06-30,2026-03-31,202,189.0,13.0,0.06878306878306883,16,20.0,-4.0,-0.19999999999999996,544632967.0,767266990.0,-0.2901649958901529,53196537.0,53081418.0,0.0021687250329296415,negative,502160104
LYEL,2026-06-30,2026-03-31,88,74.0,14.0,0.18918918918918926,5,7.0,-2.0,-0.2857142857142857,177329560.0,266608381.0,-0.3348687714359587,12782052.0,13452330.0,-0.0498261639433466,negative,55083R203
LYFT,2026-06-30,2026-03-31,532,532.0,0.0,0.0,77,69.0,8.0,0.11594202898550732,6006607458.0,5960608979.0,0.0077170770909580355,431124316.0,459724679.0,-0.062211937506187254,positive,55087P104
LYTS,2026-06-30,2026-03-31,175,189.0,-14.0,-0.07407407407407407,18,16.0,2.0,0.125,864403331.0,559740580.0,0.5442927704116074,34945185.0,31447489.0,0.11122337939286653,positive,50216C108
LYV,2026-06-30,2026-03-31,851,815.0,36.0,0.04417177914110426,172,154.0,18.0,0.11688311688311681,34735454626.0,30552556953.0,0.13690826857584093,242598662.0,207706489.0,0.16798788120673502,positive,538034109
LZ,2026-06-30,2026-03-31,244,238.0,6.0,0.025210084033613356,19,19.0,0.0,0.0,983379619.0,961116940.0,0.02316334056082714,165719794.0,173668633.0,-0.04577014779634958,neutral,52466B103
LZB,2026-06-30,2026-03-31,272,263.0,9.0,0.034220532319391594,31,25.0,6.0,0.24,1557694389.0,1301140110.0,0.1971765200597806,43366079.0,43063862.0,0.007017879631882495,positive,505336107
LZM,2026-06-30,2026-03-31,24,24.0,0.0,0.0,0,0.0,0.0,,3776432.0,4093670.0,-0.07749476630993701,9168159.0,8569326.0,0.06988099180729024,neutral,G5568L117
M,2026-06-30,2026-03-31,492,482.0,10.0,0.020746887966804906,69,58.0,11.0,0.18965517241379315,6023005279.0,4593146391.0,0.311302703262784,275675309.0,267478434.0,0.03064499398108489,positive,55616P104
MA,2026-06-30,2026-03-31,3613,3629.0,-16.0,-0.004408928079360663,844,838.0,6.0,0.007159904534606243,384293061729.0,402247695764.0,-0.04463576603191788,1670988541.0,838357800.0,0.9931687174616852,positive,57636Q104
MAAS,2026-06-30,2026-03-31,10,2.0,8.0,4.0,0,0.0,0.0,,3853222.0,79088.0,47.72069087598624,296501.0,13589.0,20.819191993524175,neutral,G4453R115
MAC,2026-06-30,2026-03-31,348,309.0,39.0,0.12621359223300965,67,45.0,22.0,0.48888888888888893,7740294343.0,5003273894.0,0.5470458957448392,325782674.0,277967400.0,0.17201756033261462,positive,554382101
MAGN,2026-06-30,2026-03-31,181,177.0,4.0,0.02259887005649719,12,9.0,3.0,0.33333333333333326,444880787.0,360423312.0,0.2343285580817258,39212470.0,39243394.0,-0.0007880052372636337,positive,55939A107
MAMA,2026-06-30,2026-03-31,187,166.0,21.0,0.12650602409638556,21,14.0,7.0,0.5,719269968.0,548081984.0,0.31234010421331426,42439731.0,36331472.0,0.1681258331619484,positive,56146T103
MAMK,2026-06-30,2026-03-31,2,2.0,0.0,0.0,0,0.0,0.0,,359047.0,359047.0,0.0,27619.0,27619.0,0.0,neutral,G6053R106
MAMO,2026-06-30,2026-03-31,13,12.0,1.0,0.08333333333333326,0,0.0,0.0,,564904.0,302342.0,0.8684271454181027,585192.0,303633.0,0.9273003922498542,neutral,57628N101
MANH,2026-06-30,2026-03-31,506,531.0,-25.0,-0.04708097928436916,79,86.0,-7.0,-0.08139534883720934,8288520508.0,8399250139.0,-0.013183275788615001,74106119.0,67500638.0,0.09785805283795979,negative,562750109
MAPS,2026-06-30,2026-03-31,12,121.0,-109.0,-0.9008264462809917,0,0.0,0.0,,1221006.0,30684722.0,-0.960208014920259,3260979.0,49245650.0,-0.9337813796751592,neutral,92971A109
MARA,2026-06-30,2026-03-31,415,387.0,28.0,0.07235142118863047,51,28.0,23.0,0.8214285714285714,4000290211.0,2086837020.0,0.9169154910813304,294546150.0,265523223.0,0.1093046652269658,positive,565788106
MASK,2026-06-30,2026-03-31,5,1.0,4.0,4.0,0,0.0,0.0,,351671.0,14138.0,23.87416890649314,195653.0,6228.0,30.415061014771997,neutral,G8849D128
MASS,2026-06-30,2026-03-31,114,112.0,2.0,0.017857142857142794,7,5.0,2.0,0.3999999999999999,253027729.0,181211690.0,0.3963101883769198,29239314.0,29883599.0,-0.0215598194849288,positive,65443P102
MATV,2026-06-30,2026-03-31,208,199.0,9.0,0.045226130653266416,9,13.0,-4.0,-0.3076923076923077,394205107.0,476836345.0,-0.17329056156572964,52968089.0,55059582.0,-0.03798599488096366,negative,808541106
MATX,2026-06-30,2026-03-31,430,397.0,33.0,0.08312342569269515,61,56.0,5.0,0.08928571428571419,4845024514.0,4280132283.0,0.13198008698087715,28340532.0,27593897.0,0.027057975899525966,positive,57686G105
MAX,2026-06-30,2026-03-31,155,163.0,-8.0,-0.049079754601227044,12,7.0,5.0,0.7142857142857142,596963253.0,455214708.0,0.3113883240345565,49291876.0,50977087.0,-0.03305820515009028,positive,58450V104
MAYS,2026-06-30,2026-03-31,10,11.0,-1.0,-0.09090909090909094,0,0.0,0.0,,4544982.0,3345535.0,0.3585217312029316,116538.0,83921.0,0.38866314748394326,neutral,578473100
MAZE,2026-06-30,2026-03-31,164,165.0,-1.0,-0.0060606060606061,31,30.0,1.0,0.03333333333333344,1657712855.0,1683764530.0,-0.015472279250353327,59591605.0,56988808.0,0.04567207301475751,positive,578784100
MB,2026-06-30,2026-03-31,4,3.0,1.0,0.33333333333333326,0,0.0,0.0,,238956.0,329615.0,-0.2750451284073844,49131.0,55668.0,-0.11742832507005818,neutral,G6001H101
MBC,2026-06-30,2026-03-31,347,336.0,11.0,0.032738095238095344,37,28.0,9.0,0.3214285714285714,2316605652.0,1313403325.0,0.7638189335328507,232501248.0,161718247.0,0.4376933482342287,positive,57638P104
MBI,2026-06-30,2026-03-31,131,134.0,-3.0,-0.02238805970149249,6,5.0,1.0,0.19999999999999996,193091446.0,165187249.0,0.16892464260361884,30157984.0,28122937.0,0.07236253453897801,positive,55262C100
MBIO,2026-06-30,2026-03-31,23,22.0,1.0,0.045454545454545414,0,0.0,0.0,,368311.0,388561.0,-0.05211536927277827,539006.0,533736.0,0.009873795284560227,neutral,62818Q302
MBLY,2026-06-30,2026-03-31,297,294.0,3.0,0.010204081632652962,33,29.0,4.0,0.13793103448275867,1735373129.0,1263233453.0,0.37375488661952017,189266724.0,191826305.0,-0.013343222140467126,positive,60741F104
MBRX,2026-06-30,2026-03-31,18,20.0,-2.0,-0.09999999999999998,0,0.0,0.0,,518510.0,348699.0,0.4869844765829554,185784.0,165996.0,0.1192076917516085,neutral,60855D408
MBWM,2026-06-30,2026-03-31,208,200.0,8.0,0.040000000000000036,15,12.0,3.0,0.25,682943972.0,616038530.0,0.10860593735914548,13406393.0,12570448.0,0.06650081206334102,positive,587376104
MBX,2026-06-30,2026-03-31,175,157.0,18.0,0.1146496815286624,44,28.0,16.0,0.5714285714285714,3029169027.0,1623431812.0,0.8659046869780078,57030348.0,55473170.0,0.02807083135865507,positive,55287L101
MC,2026-06-30,2026-03-31,397,403.0,-6.0,-0.01488833746898266,66,59.0,7.0,0.11864406779661008,5285484421.0,4810273710.0,0.09879078398638574,89505619.0,86920735.0,0.02973840476613554,positive,60786M105
MCB,2026-06-30,2026-03-31,202,193.0,9.0,0.04663212435233155,27,24.0,3.0,0.125,1107451859.0,988140408.0,0.12074341868225669,12524352.0,12024754.0,0.04154746117883157,positive,591774104
MCBS,2026-06-30,2026-03-31,119,110.0,9.0,0.08181818181818179,6,6.0,0.0,0.0,282434944.0,224437356.0,0.25841325630301926,8655096.0,7850946.0,0.1024271469960436,neutral,59165J105
MCD,2026-06-30,2026-03-31,3463,3597.0,-134.0,-0.03725326661106476,526,564.0,-38.0,-0.06737588652482274,140554670198.0,175705037517.0,-0.20005327004696205,844261611.0,589498726.0,0.43216867783358026,negative,580135101
MCGA,2026-06-30,2026-03-31,59,58.0,1.0,0.01724137931034475,3,3.0,0.0,0.0,158748254.0,147089411.0,0.0792636459738083,18496198.0,17406638.0,0.06259451135825311,neutral,G98659116
MCHP,2026-06-30,2026-03-31,1309,1195.0,114.0,0.09539748953974891,264,211.0,53.0,0.2511848341232228,50811572738.0,36031362983.0,0.4102040148182424,650577150.0,586162832.0,0.1098915087813006,positive,595017104
MCHX,2026-06-30,2026-03-31,30,28.0,2.0,0.0714285714285714,1,1.0,0.0,0.0,34729627.0,34894176.0,-0.004715657994044609,21698529.0,22723674.0,-0.04511352345575803,neutral,56624R108
MCK,2026-06-30,2026-03-31,2014,2049.0,-35.0,-0.01708150317227919,364,371.0,-7.0,-0.018867924528301883,78431495260.0,97214114524.0,-0.19320876763592787,248818515.0,116979732.0,1.1270224400924427,negative,58155Q103
MCRB,2026-06-30,2026-03-31,38,33.0,5.0,0.1515151515151516,0,1.0,-1.0,-1.0,18189974.0,23067888.0,-0.21145906378598678,2305464.0,2600626.0,-0.11349651968410679,negative,81750R201
MCRI,2026-06-30,2026-03-31,260,241.0,19.0,0.07883817427385886,35,22.0,13.0,0.5909090909090908,1491937094.0,1105577780.0,0.34946371118276276,13744991.0,11961951.0,0.1490592964308246,positive,609027107
MCS,2026-06-30,2026-03-31,140,134.0,6.0,0.04477611940298498,10,7.0,3.0,0.4285714285714286,464407857.0,347227969.0,0.3374724920272767,20660048.0,20711664.0,-0.002492122313301315,positive,566330106
MD,2026-06-30,2026-03-31,305,297.0,8.0,0.026936026936027035,45,35.0,10.0,0.2857142857142858,2104618916.0,1832490169.0,0.14850215930408073,89604681.0,88363285.0,0.014048776027283383,positive,58502B106
MDAI,2026-06-30,2026-03-31,35,24.0,11.0,0.45833333333333326,0,0.0,0.0,,8187143.0,6063825.0,0.35016149047836964,4780949.0,4125015.0,0.15901372479857656,neutral,84757T105
MDB,2026-06-30,2026-03-31,872,819.0,53.0,0.0647130647130647,197,161.0,36.0,0.22360248447204967,23631611673.0,17473672698.0,0.3524124024427231,114755374.0,75878646.0,0.5123540027322049,positive,60937P106
MDCX,2026-06-30,2026-03-31,27,24.0,3.0,0.125,0,0.0,0.0,,1213602.0,6545479.0,-0.8145892760483993,2691526.0,2449146.0,0.09896510865420027,neutral,58471K202
MDGL,2026-06-30,2026-03-31,416,381.0,35.0,0.09186351706036744,90,88.0,2.0,0.022727272727272707,12497619181.0,13770270714.0,-0.09242022611117706,33147001.0,26948481.0,0.23001370652394093,positive,558868105
MDRR,2026-06-30,2026-03-31,5,8.0,-3.0,-0.375,0,0.0,0.0,,218379.0,613021.0,-0.6437658742522687,18745.0,54195.0,-0.6541193837069841,neutral,58403P402
MDT,2026-06-30,2026-03-31,8,10.0,-2.0,-0.19999999999999996,0,0.0,0.0,,9597282.0,15766180.0,-0.39127410698089204,676212.0,940394.0,-0.28092693062694996,neutral,585055106
MDWD,2026-06-30,2026-03-31,81,76.0,5.0,0.06578947368421062,3,3.0,0.0,0.0,75458851.0,84897185.0,-0.11117369792649778,5846545.0,6052384.0,-0.03400957374812963,neutral,M68830112
MDXG,2026-06-30,2026-03-31,227,239.0,-12.0,-0.05020920502092052,9,11.0,-2.0,-0.18181818181818177,447352560.0,464209754.0,-0.03631374363581341,117999514.0,119156601.0,-0.009710641209042192,negative,602496101
MDXH,2026-06-30,2026-03-31,26,51.0,-25.0,-0.4901960784313726,0,3.0,-3.0,-1.0,6460062.0,56767552.0,-0.8862015046905669,16598839.0,24745316.0,-0.3292128902294075,negative,B5950S113
MEC,2026-06-30,2026-03-31,156,124.0,32.0,0.25806451612903225,25,10.0,15.0,1.5,792117282.0,284388276.0,1.7853373322604904,21599438.0,15888867.0,0.3594070615607772,positive,578605107
MED,2026-06-30,2026-03-31,115,113.0,2.0,0.017699115044247815,0,0.0,0.0,,91307236.0,92776344.0,-0.015834941717470574,8675621.0,9125199.0,-0.049267747475972845,neutral,58470H101
MEGL,2026-06-30,2026-03-31,5,3.0,2.0,0.6666666666666667,0,0.0,0.0,,70880.0,35320.0,1.0067950169875424,55812.0,33638.0,0.6591949580831202,neutral,G5865E121
MEI,2026-06-30,2026-03-31,153,140.0,13.0,0.09285714285714275,20,3.0,17.0,5.666666666666667,593614708.0,179072710.0,2.3149367539029257,34977418.0,35843883.0,-0.02417330175974519,positive,591520200
MELI,2026-06-30,2026-03-31,1452,1462.0,-10.0,-0.0068399452804377425,351,339.0,12.0,0.03539823008849563,62680122074.0,66411586402.0,-0.0561869476421305,159639031.0,40567762.0,2.9351204781767355,positive,58733R102
MEOH,2026-06-30,2026-03-31,213,213.0,0.0,0.0,50,50.0,0.0,0.0,2762428751.0,3399812826.0,-0.18747622519852214,59299181.0,57051433.0,0.039398624746200595,neutral,59151K108
MET,2026-06-30,2026-03-31,1448,1386.0,62.0,0.044733044733044736,214,193.0,21.0,0.10880829015544036,38747618100.0,34854409105.0,0.11169918225472086,565837857.0,528471820.0,0.07070582684995386,positive,59156R108
META,2026-06-30,2026-03-31,5060,5101.0,-41.0,-0.008037639678494468,1358,1372.0,-14.0,-0.010204081632653073,933941259229.0,1009943986755.0,-0.07525439878126361,3611584583.0,1841820578.0,0.9608775285385045,negative,30303M102
METCB,2026-06-30,2026-03-31,1,1.0,0.0,0.0,0,0.0,0.0,,515095.0,607226.0,-0.15172439915286895,60245.0,59532.0,0.011976751998924895,neutral,75134P303
MFC,2026-06-30,2026-03-31,2,2.0,0.0,0.0,0,0.0,0.0,,9040779.0,9269765.0,-0.02470246009472732,235804.0,264409.0,-0.10818466844925856,neutral,56501R957
MFG,2026-06-30,2026-03-31,465,426.0,39.0,0.09154929577464799,29,25.0,4.0,0.15999999999999992,2463147167.0,1897838531.0,0.29786972219503327,275405215.0,256877559.0,0.07212640945408544,positive,60687Y109
MFIN,2026-06-30,2026-03-31,101,95.0,6.0,0.06315789473684208,1,1.0,0.0,0.0,74246493.0,66289178.0,0.12003942785351773,8469931.0,8873961.0,-0.045529837239537074,neutral,583928106
MG,2026-06-30,2026-03-31,140,129.0,11.0,0.0852713178294573,9,7.0,2.0,0.2857142857142858,339221417.0,285225817.0,0.18930824904955923,20123931.0,20051383.0,0.0036181045467038597,positive,60649T107
MGA,2026-06-30,2026-03-31,2,2.0,0.0,0.0,0,1.0,-1.0,-1.0,2360306.0,15084072.0,-0.8435232873457512,403375.0,483467.0,-0.16566177215818245,negative,559222955
MGEE,2026-06-30,2026-03-31,338,318.0,20.0,0.06289308176100628,31,26.0,5.0,0.1923076923076923,2196931280.0,1783697793.0,0.23167236547676784,30667624.0,23555860.0,0.30191060738177256,positive,55277P104
MGM,2026-06-30,2026-03-31,662,614.0,48.0,0.07817589576547235,86,70.0,16.0,0.22857142857142865,7683954688.0,6641504637.0,0.156959922182766,173195492.0,184001722.0,-0.058728961243091016,positive,552953101
MGNI,2026-06-30,2026-03-31,312,298.0,14.0,0.046979865771812124,50,39.0,11.0,0.28205128205128216,2721850729.0,1636111786.0,0.663609266977067,147402404.0,139214279.0,0.05881670370896375,positive,55955D100
MGNX,2026-06-30,2026-03-31,124,109.0,15.0,0.13761467889908263,7,2.0,5.0,2.5,214264732.0,125067646.0,0.713190731997946,49042124.0,46252083.0,0.06032249401610734,positive,556099109
MGPI,2026-06-30,2026-03-31,152,146.0,6.0,0.041095890410958846,6,8.0,-2.0,-0.25,264638096.0,294709273.0,-0.10203675199592377,15800556.0,16573861.0,-0.04665810821027161,negative,55303J106
MGRC,2026-06-30,2026-03-31,276,260.0,16.0,0.06153846153846154,45,40.0,5.0,0.125,2687189259.0,2551242082.0,0.05328666297846052,26312652.0,23654955.0,0.1123526550779741,positive,580589109
MGRT,2026-06-30,2026-03-31,7,3.0,4.0,1.3333333333333335,0,0.0,0.0,,1799284.0,7138.0,251.07116839450828,24696.0,1105.0,21.349321266968325,neutral,G6005A102
MGRX,2026-06-30,2026-03-31,19,18.0,1.0,0.05555555555555558,0,0.0,0.0,,445170.0,319937.0,0.3914301878182267,1207471.0,949518.0,0.2716673090978792,neutral,56270V205
MGTX,2026-06-30,2026-03-31,158,133.0,25.0,0.18796992481203012,19,12.0,7.0,0.5833333333333333,1070159625.0,674276264.0,0.5871233827089011,80164243.0,78046974.0,0.027128136960185012,positive,G59665102
MGX,2026-06-30,2026-03-31,43,48.0,-5.0,-0.10416666666666663,0,0.0,0.0,,7452822.0,10411899.0,-0.2842014698759563,6262702.0,7788147.0,-0.19586751508414002,neutral,59102M104
MGY,2026-06-30,2026-03-31,409,405.0,4.0,0.009876543209876631,56,68.0,-12.0,-0.17647058823529416,5044442522.0,6478827849.0,-0.22139580807373915,214549381.0,218359672.0,-0.017449609468180527,negative,559663109
MGYR,2026-06-30,2026-03-31,25,24.0,1.0,0.04166666666666674,1,1.0,0.0,0.0,32015731.0,31128912.0,0.02848859606786136,2127486.0,2084279.0,0.02072995026097746,neutral,55977T208
MH,2026-06-30,2026-03-31,113,107.0,6.0,0.05607476635514019,10,11.0,-1.0,-0.09090909090909094,1556109462.0,2632558331.0,-0.4088983922309146,193493414.0,199712608.0,-0.031140717966088527,negative,580907103
MHO,2026-06-30,2026-03-31,352,332.0,20.0,0.06024096385542177,52,44.0,8.0,0.18181818181818188,3909397083.0,3070735769.0,0.2731141254374727,29736273.0,25871048.0,0.1494034953667127,positive,55305B101
MIDD,2026-06-30,2026-03-31,455,419.0,36.0,0.08591885441527447,71,58.0,13.0,0.22413793103448265,7047149032.0,5816474568.0,0.21158425943623937,56343465.0,51850757.0,0.08664691240669842,positive,596278101
MIND,2026-06-30,2026-03-31,56,58.0,-2.0,-0.03448275862068961,0,0.0,0.0,,6086064.0,14832741.0,-0.5896871657099656,1303698.0,1838033.0,-0.2907102320796199,neutral,602566309
MIR,2026-06-30,2026-03-31,353,363.0,-10.0,-0.02754820936639113,75,80.0,-5.0,-0.0625,4468968631.0,4745784781.0,-0.058328846075837215,270742792.0,272104368.0,-0.005003874101719652,negative,60471A101
MIRA,2026-06-30,2026-03-31,26,26.0,0.0,0.0,0,0.0,0.0,,2178215.0,3039179.0,-0.28328834859677565,2314250.0,2840684.0,-0.18531945123075988,neutral,60458C104
MIRM,2026-06-30,2026-03-31,330,312.0,18.0,0.05769230769230771,87,83.0,4.0,0.04819277108433728,8012004666.0,6996994178.0,0.1450637891326827,77569080.0,78477434.0,-0.011574715860358076,positive,604749101
MIST,2026-06-30,2026-03-31,79,87.0,-8.0,-0.09195402298850575,2,1.0,1.0,1.0,68007693.0,47361483.0,0.4359282837490541,50837323.0,39861185.0,0.27535904916022935,positive,59935V107
MKDW,2026-06-30,2026-03-31,2,1.0,1.0,1.0,0,0.0,0.0,,266762.0,3195.0,82.49358372456965,22417.0,517.0,42.359767891682786,neutral,G6209W124
MKL,2026-06-30,2026-03-31,927,932.0,-5.0,-0.005364806866952843,161,157.0,4.0,0.02547770700636942,18765450218.0,18818894518.0,-0.0028399277092967523,45149221.0,10311221.0,3.3786493374547977,positive,570535104
MKSI,2026-06-30,2026-03-31,776,622.0,154.0,0.247588424437299,185,132.0,53.0,0.4015151515151516,29387291298.0,15442396147.0,0.9030266429027647,107072705.0,72664804.0,0.4735153624029591,positive,55306N104
MKTW,2026-06-30,2026-03-31,52,52.0,0.0,0.0,0,0.0,0.0,,15678721.0,16851052.0,-0.06957019656695618,880799.0,883567.0,-0.0031327562029818123,neutral,57064P206
MLEC,2026-06-30,2026-03-31,18,17.0,1.0,0.05882352941176472,0,0.0,0.0,,104341.0,101111.0,0.031945090049549485,2159434.0,2045847.0,0.05552076963722108,neutral,G6223S117
MLGO,2026-06-30,2026-03-31,13,12.0,1.0,0.08333333333333326,0,0.0,0.0,,1515709.0,937510.0,0.6167390214504378,380730.0,269301.0,0.4137712076821103,neutral,G6077Y400
MLKN,2026-06-30,2026-03-31,244,231.0,13.0,0.05627705627705626,26,21.0,5.0,0.23809523809523814,1350465249.0,974649483.0,0.38559068932476936,69466671.0,70553564.0,-0.015405217516722525,positive,600544100
MLM,2026-06-30,2026-03-31,1,1.0,0.0,0.0,0,0.0,0.0,,451556.0,460936.0,-0.02034989673186738,783.0,783.0,0.0,neutral,589207100
MLYS,2026-06-30,2026-03-31,229,216.0,13.0,0.06018518518518512,55,50.0,5.0,0.10000000000000009,2661127629.0,2495094353.0,0.06654388672731693,102870732.0,94037863.0,0.0939288571455521,positive,603170101
MMM,2026-06-30,2026-03-31,2240,2174.0,66.0,0.030358785648574083,282,268.0,14.0,0.052238805970149294,62927775668.0,60739817320.0,0.03602181311269037,522873727.0,428013662.0,0.22162859137893598,positive,88579Y101
MMS,2026-06-30,2026-03-31,356,379.0,-23.0,-0.06068601583113453,43,46.0,-3.0,-0.06521739130434778,2924725439.0,3589947104.0,-0.18530124420462768,60364887.0,59632341.0,0.012284374346464011,negative,577933104
MNKD,2026-06-30,2026-03-31,261,252.0,9.0,0.03571428571428581,21,10.0,11.0,1.1,784245250.0,469294542.0,0.6711152161663112,186740772.0,192212733.0,-0.028468254493837275,positive,56400P706
MNOV,2026-06-30,2026-03-31,30,30.0,0.0,0.0,0,0.0,0.0,,6923902.0,8235337.0,-0.15924484936074867,5249460.0,6015379.0,-0.1273268068396023,neutral,58468P206
MNPR,2026-06-30,2026-03-31,98,82.0,16.0,0.19512195121951215,16,10.0,6.0,0.6000000000000001,576395421.0,431854294.0,0.33469883015682145,6241931.0,7934024.0,-0.213270466537535,positive,61023L207
MNRO,2026-06-30,2026-03-31,182,184.0,-2.0,-0.010869565217391353,15,15.0,0.0,0.0,586097579.0,608981350.0,-0.03757712941455427,34665612.0,38467556.0,-0.09883508065862046,neutral,610236101
MNSB,2026-06-30,2026-03-31,99,84.0,15.0,0.1785714285714286,1,3.0,-2.0,-0.6666666666666667,94116165.0,97625210.0,-0.03594404560051656,4087269.0,4577678.0,-0.10713051464082879,negative,56064Y100
MNST,2026-06-30,2026-03-31,1367,1242.0,125.0,0.10064412238325282,274,241.0,33.0,0.13692946058091282,62262380660.0,51167132670.0,0.216843262677201,778834659.0,722877229.0,0.07740931344235213,positive,61174X109
MNTK,2026-06-30,2026-03-31,93,94.0,-1.0,-0.010638297872340385,0,0.0,0.0,,33353281.0,26562340.0,0.25566049527263024,21932319.0,23625742.0,-0.07167702923362151,neutral,61218C103
MNTN,2026-06-30,2026-03-31,129,96.0,33.0,0.34375,7,5.0,2.0,0.3999999999999999,349003291.0,283441533.0,0.23130610855114164,38804777.0,32380000.0,0.19841806670784434,positive,55318A108
MNTS,2026-06-30,2026-03-31,47,14.0,33.0,2.357142857142857,0,0.0,0.0,,16619750.0,144657.0,113.89074154724625,2557957.0,191586.0,12.351481841053104,neutral,60879E408
MNY,2026-06-30,2026-03-31,17,17.0,0.0,0.0,0,0.0,0.0,,171886.0,318934.0,-0.46106090915361797,4373764.0,4258633.0,0.027034731567618042,neutral,G6202B119
MO,2026-06-30,2026-03-31,2570,2500.0,70.0,0.028000000000000025,312,291.0,21.0,0.07216494845360821,80953721374.0,75662462171.0,0.06993242158894541,1139269588.0,1179817364.0,-0.03436784136023274,positive,02209S103
MOB,2026-06-30,2026-03-31,32,27.0,5.0,0.18518518518518512,0,0.0,0.0,,12530980.0,11728105.0,0.06845735095311656,2593955.0,2421410.0,0.0712580686459543,neutral,Q6297L120
MOBX,2026-06-30,2026-03-31,34,39.0,-5.0,-0.1282051282051282,0,0.0,0.0,,3296664.0,4567824.0,-0.2782856782573059,2721452.0,11243488.0,-0.7579530480221084,neutral,60743G209
MODD,2026-06-30,2026-03-31,20,19.0,1.0,0.05263157894736836,0,0.0,0.0,,7878249.0,6887815.0,0.1437950932189671,1750642.0,1304509.0,0.34199304105989303,neutral,60785L306
MOG-A,2026-06-30,2026-03-31,536,482.0,54.0,0.11203319502074693,97,85.0,12.0,0.14117647058823524,11247925009.0,8027056309.0,0.40125153929576096,42439207.0,29270380.0,0.4499028369293463,positive,615394202
MOG-B,2026-06-30,2026-03-31,22,23.0,-1.0,-0.04347826086956519,2,2.0,0.0,0.0,68540446.0,56551747.0,0.21199520149218376,161578.0,196732.0,-0.1786897911880121,neutral,615394301
MOH,2026-06-30,2026-03-31,601,529.0,72.0,0.13610586011342152,104,76.0,28.0,0.368421052631579,12256874566.0,7299206355.0,0.6792064739482215,71074582.0,58313679.0,0.21883206854432902,positive,60855R100
MORN,2026-06-30,2026-03-31,420,448.0,-28.0,-0.0625,53,62.0,-9.0,-0.14516129032258063,3783656792.0,4155345526.0,-0.08944833388086337,28072859.0,25064317.0,0.1200328738261649,negative,617700109
MOS,2026-06-30,2026-03-31,669,698.0,-29.0,-0.04154727793696278,82,73.0,9.0,0.12328767123287676,6299591862.0,7366436908.0,-0.14482511142414034,316381323.0,305746548.0,0.034782976519492914,positive,61945C103
MOV,2026-06-30,2026-03-31,185,164.0,21.0,0.12804878048780477,14,7.0,7.0,1.0,565073673.0,362423496.0,0.559152977763892,15292010.0,15439888.0,-0.009577660148830103,positive,624580106
MOVE,2026-06-30,2026-03-31,20,12.0,8.0,0.6666666666666667,0,0.0,0.0,,5161448.0,1288787.0,3.004888317464406,247832.0,93247.0,1.6578013233669715,neutral,62459M305
MPB,2026-06-30,2026-03-31,148,150.0,-2.0,-0.013333333333333308,8,8.0,0.0,0.0,472643845.0,451091139.0,0.047779049811927266,13732216.0,14198028.0,-0.032808218155366387,neutral,59540G107
MPC,2026-06-30,2026-03-31,1,1.0,0.0,0.0,0,0.0,0.0,,285895.0,270550.0,0.056717797080022114,1118.0,1107.0,0.009936766034327027,neutral,56585AAS1
MPT,2026-06-30,2026-03-31,490,497.0,-7.0,-0.014084507042253502,27,23.0,4.0,0.17391304347826098,1726940954.0,1671886023.0,0.03292983507405034,382740899.0,368548376.0,0.03850925393848437,positive,58463J304
MQ,2026-06-30,2026-03-31,190,255.0,-65.0,-0.2549019607843137,19,22.0,-3.0,-0.13636363636363635,935049203.0,974683199.0,-0.04066346484751504,212814822.0,318880965.0,-0.33261986333991433,negative,57142B104
MRAM,2026-06-30,2026-03-31,127,97.0,30.0,0.30927835051546393,9,2.0,7.0,3.5,293475126.0,103132698.0,1.8456069868355427,12876900.0,12822167.0,0.004268623236618252,positive,30041T104
MRK,2026-06-30,2026-03-31,3835,3806.0,29.0,0.0076195480819758465,716,689.0,27.0,0.03918722786647311,254228501915.0,246840256496.0,0.02993128237621856,2530833922.0,2135092339.0,0.18535103881518822,positive,58933Y105
MRKR,2026-06-30,2026-03-31,35,36.0,-1.0,-0.02777777777777779,0,0.0,0.0,,5818903.0,5565279.0,0.04557255799754145,3970010.0,4292792.0,-0.075191623540111,neutral,57055L206
MRLN,2026-06-30,2026-03-31,63,29.0,34.0,1.1724137931034484,2,1.0,1.0,1.0,90046283.0,27091597.0,2.32377168462974,15855235.0,3715381.0,3.2674587074649946,positive,590106100
MRNA,2026-06-30,2026-03-31,785,728.0,57.0,0.07829670329670324,99,88.0,11.0,0.125,22141749187.0,16680531453.0,0.32740070359195883,351724464.0,332272092.0,0.05854350235348682,positive,60770K107
MRP,2026-06-30,2026-03-31,0,1.0,-1.0,-1.0,0,0.0,0.0,,0.0,4000.0,-1.0,0.0,175.0,-1.0,neutral,
MRTN,2026-06-30,2026-03-31,231,225.0,6.0,0.026666666666666616,27,18.0,9.0,0.5,1067021338.0,798963795.0,0.33550649563538726,63790369.0,61385735.0,0.03917252110771341,positive,573075108
MRVL,2026-06-30,2026-03-31,2222,1547.0,675.0,0.4363283775048481,494,295.0,199.0,0.6745762711864407,200935214620.0,74817931401.0,1.6856558428894806,1092123985.0,779849125.0,0.400429839553901,positive,573874104
MRX,2026-06-30,2026-03-31,221,206.0,15.0,0.07281553398058249,55,46.0,9.0,0.19565217391304346,3059871527.0,2256390405.0,0.35609135733760566,57198383.0,54222062.0,0.054891328182982146,positive,G5S37H101
MS,2026-06-30,2026-03-31,2734,2511.0,223.0,0.08880923934687379,528,456.0,72.0,0.1578947368421053,275873116467.0,228855427862.0,0.20544712023763623,1748181929.0,1431678673.0,0.2210714331147965,positive,617446448
MSA,2026-06-30,2026-03-31,458,452.0,6.0,0.01327433628318575,84,69.0,15.0,0.21739130434782616,5966119478.0,5587070659.0,0.06784392790690852,43313439.0,36239902.0,0.1951864273805155,positive,553498106
MSAI,2026-06-30,2026-03-31,10,17.0,-7.0,-0.4117647058823529,0,0.0,0.0,,3780291.0,8224922.0,-0.5403857933242406,736073.0,35591170.0,-0.9793186624659993,neutral,456948207
MSBI,2026-06-30,2026-03-31,155,139.0,16.0,0.1151079136690647,10,8.0,2.0,0.25,435261648.0,326100440.0,0.33474719629326466,14805056.0,15328404.0,-0.03414236733322007,positive,597742105
MSCI,2026-06-30,2026-03-31,1086,1069.0,17.0,0.015902712815715647,228,225.0,3.0,0.01333333333333342,36075068927.0,36132575973.0,-0.0015915567725637292,128524872.0,70208314.0,0.8306218263552092,positive,55354G100
MSFT,2026-06-30,2026-03-31,6217,6225.0,-8.0,-0.001285140562249043,2305,2283.0,22.0,0.009636443276390683,2002656017409.0,2128860232560.0,-0.0592825274392188,9783939284.0,5984812540.0,0.6347946102920041,positive,594918104
MSGM,2026-06-30,2026-03-31,20,18.0,2.0,0.11111111111111116,0,0.0,0.0,,1468866.0,1258601.0,0.16706247651161887,366911.0,309626.0,0.18501353245528485,neutral,62011B201
MSGY,2026-06-30,2026-03-31,6,6.0,0.0,0.0,0,0.0,0.0,,105055.0,15789.0,5.653682943821648,246219.0,179670.0,0.37039572549674404,neutral,G6007A100
MSI,2026-06-30,2026-03-31,1473,1498.0,-25.0,-0.016688918558077415,305,294.0,11.0,0.03741496598639449,60113663341.0,66523455713.0,-0.09635386952315828,256022076.0,158341913.0,0.6168939174051788,positive,620076307
MSLE,2026-06-30,2026-03-31,26,31.0,-5.0,-0.16129032258064513,0,0.0,0.0,,63302746.0,48520562.0,0.3046581364824257,8176116.0,8485267.0,-0.03643385647145814,neutral,80401L803
MSS,2026-06-30,2026-03-31,10,10.0,0.0,0.0,0,0.0,0.0,,129766.0,95497.0,0.3588489690775627,250163.0,1018639.0,-0.7544144687175731,neutral,560667305
MSTR,2026-06-30,2026-03-31,868,961.0,-93.0,-0.09677419354838712,115,138.0,-23.0,-0.16666666666666663,18519027770.0,26691659961.0,-0.30618673409376873,253298507.0,219604185.0,0.15343205777248725,negative,594972408
MT,2026-06-30,2026-03-31,1,1.0,0.0,0.0,0,0.0,0.0,,118.0,98048.0,-0.9987965078328982,1957.0,3866.0,-0.49379203310915676,neutral,00BYPBS67
MTC,2026-06-30,2026-03-31,13,5.0,8.0,1.6,0,0.0,0.0,,1370004.0,661564.0,1.0708563343833704,548081.0,140162.0,2.9103394643341276,neutral,G6181K122
MTCH,2026-06-30,2026-03-31,597,577.0,20.0,0.03466204506065851,84,74.0,10.0,0.1351351351351351,8998097914.0,8032454427.0,0.12021773615722253,258396187.0,274208701.0,-0.05766598194125139,positive,57667L107
MTD,2026-06-30,2026-03-31,806,827.0,-21.0,-0.025392986698911768,170,158.0,12.0,0.07594936708860756,24736415714.0,25309844547.0,-0.022656355393062655,144792574.0,21313898.0,5.793340852058127,positive,592688105
MTEK,2026-06-30,2026-03-31,14,12.0,2.0,0.16666666666666674,0,0.0,0.0,,483259.0,322987.0,0.49621811404174165,1861639.0,1741978.0,0.06869260116947506,neutral,M68057112
MTEX,2026-06-30,2026-03-31,16,18.0,-2.0,-0.11111111111111116,0,0.0,0.0,,766902.0,1345175.0,-0.42988681770029924,151816.0,235088.0,-0.35421629347308237,neutral,563771203
MTH,2026-06-30,2026-03-31,403,411.0,-8.0,-0.019464720194647178,70,62.0,8.0,0.12903225806451624,5642766892.0,4304188375.0,0.3109944083244265,77158632.0,71130223.0,0.08475172360980787,positive,59001A102
MTN,2026-06-30,2026-03-31,440,446.0,-6.0,-0.013452914798206317,60,58.0,2.0,0.034482758620689724,6558521813.0,5931001350.0,0.10580345981543227,54118143.0,46580290.0,0.16182494784811352,positive,91879Q109
MTRN,2026-06-30,2026-03-31,404,334.0,70.0,0.20958083832335328,73,45.0,28.0,0.6222222222222222,5951575308.0,3031900834.0,0.9629848183880279,27906327.0,21205923.0,0.3159685150229019,positive,576690101
MTRX,2026-06-30,2026-03-31,152,144.0,8.0,0.05555555555555558,8,8.0,0.0,0.0,340543844.0,294009873.0,0.15827349784270672,26044285.0,26629893.0,-0.021990625347236614,neutral,576853105
MTUS,2026-06-30,2026-03-31,204,206.0,-2.0,-0.009708737864077666,17,14.0,3.0,0.2142857142857142,654154565.0,606537003.0,0.0785072662747337,37362307.0,38114548.0,-0.019736322204319423,positive,887399103
MTVA,2026-06-30,2026-03-31,17,12.0,5.0,0.41666666666666674,0,0.0,0.0,,371044.0,83057.0,3.467341705094092,289376.0,69216.0,3.1807674526121126,neutral,64132R503
MTW,2026-06-30,2026-03-31,168,171.0,-3.0,-0.01754385964912286,9,6.0,3.0,0.5,405455909.0,308270246.0,0.31526124970231484,30962728.0,31551045.0,-0.018646513926876218,positive,563571405
MTX,2026-06-30,2026-03-31,295,281.0,14.0,0.04982206405693956,36,31.0,5.0,0.16129032258064524,2309194230.0,2235771683.0,0.03283991275060805,34826920.0,32635813.0,0.06713811603222508,positive,603158106
MTZ,2026-06-30,2026-03-31,913,811.0,102.0,0.12577065351418004,178,161.0,17.0,0.10559006211180133,25073503577.0,19407194547.0,0.29196950730191484,99636831.0,61702260.0,0.6148003492902854,positive,576323109
MU,2026-06-30,2026-03-31,3894,3020.0,874.0,0.28940397350993385,1073,631.0,442.0,0.7004754358161649,982391311415.0,309642375976.0,2.172664298026004,2902376099.0,955771489.0,2.0366841158200732,positive,595112103
MUFG,2026-06-30,2026-03-31,578,544.0,34.0,0.0625,55,48.0,7.0,0.14583333333333326,6688557534.0,5707080029.0,0.17197542351127248,343012251.0,343259248.0,-0.0007195640072019671,positive,606822104
MUR,2026-06-30,2026-03-31,437,454.0,-17.0,-0.037444933920704804,55,61.0,-6.0,-0.09836065573770492,4230491013.0,5458441498.0,-0.2249635698119925,137465707.0,135738057.0,0.012727823266248661,negative,626717102
MUSA,2026-06-30,2026-03-31,612,544.0,68.0,0.125,91,89.0,2.0,0.022471910112359605,8076131645.0,8024944347.0,0.00637852373632164,25958588.0,16650262.0,0.5590498215583635,positive,626755102
MUX,2026-06-30,2026-03-31,173,154.0,19.0,0.12337662337662336,17,21.0,-4.0,-0.19047619047619047,631640890.0,612237398.0,0.03169275850084552,36136019.0,31903913.0,0.13265162803070574,negative,58039P305
MVBF,2026-06-30,2026-03-31,111,111.0,0.0,0.0,4,5.0,-1.0,-0.19999999999999996,214599140.0,192891565.0,0.11253770998228974,7569584.0,7926537.0,-0.045032654234756,negative,553810102
MVIS,2026-06-30,2026-03-31,134,150.0,-16.0,-0.10666666666666669,0,2.0,-2.0,-1.0,18167977.0,64047193.0,-0.7163345316320108,55664072.0,100108656.0,-0.44396344707694413,negative,594960304
MVST,2026-06-30,2026-03-31,164,178.0,-14.0,-0.0786516853932584,2,2.0,0.0,0.0,98413839.0,131762610.0,-0.25309737716944136,87350877.0,87652741.0,-0.003443862639731954,neutral,59516C106
MWA,2026-06-30,2026-03-31,1,1.0,0.0,0.0,0,0.0,0.0,,8.0,8.0,0.0,1.0,1.0,0.0,neutral,624758207
MX,2026-06-30,2026-03-31,76,71.0,5.0,0.07042253521126751,0,1.0,-1.0,-1.0,67507629.0,71069864.0,-0.050123002908799674,15640900.0,27183915.0,-0.42462665881643613,negative,55933J203
MXCT,2026-06-30,2026-03-31,124,132.0,-8.0,-0.06060606060606055,1,0.0,1.0,,78356988.0,49237557.0,0.5914069010369463,64244880.0,70085812.0,-0.08333972074119655,positive,57777K106
MXF,2026-06-30,2026-03-31,46,45.0,1.0,0.022222222222222143,4,4.0,0.0,0.0,192421733.0,175752251.0,0.0948464779549254,8989902.0,8493941.0,0.05838997468901663,neutral,592835102
MXL,2026-06-30,2026-03-31,434,238.0,196.0,0.8235294117647058,81,22.0,59.0,2.6818181818181817,9121944759.0,1374908486.0,5.634583211816761,88734524.0,80954274.0,0.09610672316078084,positive,57776J100
MYE,2026-06-30,2026-03-31,198,174.0,24.0,0.13793103448275867,28,17.0,11.0,0.6470588235294117,1247090707.0,754198680.0,0.6535307473622203,37300477.0,36972163.0,0.008880032255618842,positive,628464109
MYFW,2026-06-30,2026-03-31,106,95.0,11.0,0.11578947368421044,5,4.0,1.0,0.25,204554157.0,166313236.0,0.22993311849214448,6753121.0,7042752.0,-0.04112469102987015,positive,33751L105
MYGN,2026-06-30,2026-03-31,198,203.0,-5.0,-0.024630541871921152,13,10.0,3.0,0.30000000000000004,501624557.0,396840673.0,0.2640452230056569,91860320.0,93322871.0,-0.015671946054895858,positive,62855J104
MYPS,2026-06-30,2026-03-31,97,109.0,-12.0,-0.11009174311926606,0,0.0,0.0,,15741190.0,21615909.0,-0.27177755975934204,34605561.0,49449643.0,-0.3001858274285216,neutral,72815G108
MYRG,2026-06-30,2026-03-31,468,394.0,74.0,0.18781725888324874,87,71.0,16.0,0.22535211267605626,7410385492.0,4417892595.0,0.6773575483448349,24835597.0,16254542.0,0.5279173661121919,positive,55405W104
MYSZ,2026-06-30,2026-03-31,8,8.0,0.0,0.0,0,0.0,0.0,,64436.0,50705.0,0.27080169608519866,185174.0,83982.0,1.204924864851992,neutral,62844N406
MZTI,2026-06-30,2026-03-31,337,364.0,-27.0,-0.07417582417582413,38,41.0,-3.0,-0.07317073170731703,2264686129.0,2517398533.0,-0.10038633163849553,23122911.0,18893409.0,0.22386124176955047,negative,513847103
NABL,2026-06-30,2026-03-31,201,215.0,-14.0,-0.06511627906976747,8,9.0,-1.0,-0.11111111111111116,696707146.0,885152476.0,-0.2128958965935266,192165587.0,191579322.0,0.0030601684664068873,negative,62878D100
NAGE,2026-06-30,2026-03-31,141,144.0,-3.0,-0.02083333333333337,2,4.0,-2.0,-0.5,96850025.0,169569727.0,-0.4288483757481074,32501225.0,39338863.0,-0.17381381866578094,negative,171077407
NAKA,2026-06-30,2026-03-31,36,62.0,-26.0,-0.4193548387096774,0,0.0,0.0,,10773826.0,28466409.0,-0.6215249348802654,2754067.0,133181968.0,-0.9793210218968982,neutral,49457M205
NAMM,2026-06-30,2026-03-31,13,14.0,-1.0,-0.0714285714285714,0,0.0,0.0,,902373.0,617558.0,0.4611955476246765,771835.0,859160.0,-0.10163997392802271,neutral,G63638103
NAT,2026-06-30,2026-03-31,274,239.0,35.0,0.14644351464435146,13,12.0,1.0,0.08333333333333326,650833718.0,663120341.0,-0.01852849662471745,119012333.0,114212021.0,0.04202983151834783,positive,G65773106
NATL,2026-06-30,2026-03-31,363,365.0,-2.0,-0.005479452054794498,50,47.0,3.0,0.06382978723404253,3083666695.0,3051158409.0,0.010654407815769318,75929707.0,71546785.0,0.061259524100209406,positive,63001N106
NAUT,2026-06-30,2026-03-31,94,81.0,13.0,0.16049382716049387,3,4.0,-1.0,-0.25,103548577.0,262914048.0,-0.6061504594840059,57770828.0,69482112.0,-0.16855106534470343,negative,63909J108
NAVI,2026-06-30,2026-03-31,258,245.0,13.0,0.05306122448979589,19,14.0,5.0,0.3571428571428572,847338591.0,793557826.0,0.06777170262573917,101251518.0,98733647.0,0.025501650921493813,positive,63938C108
NBBK,2026-06-30,2026-03-31,162,177.0,-15.0,-0.0847457627118644,11,10.0,1.0,0.10000000000000009,470313692.0,515739390.0,-0.08807878335606667,23705593.0,25093759.0,-0.05531917318565149,positive,63945M107
NBIS,2026-06-30,2026-03-31,1063,732.0,331.0,0.4521857923497268,225,111.0,114.0,1.0270270270270272,42285599899.0,12464071472.0,2.3925992797773006,220996967.0,123641908.0,0.7873953142166004,positive,N97284108
NBIX,2026-06-30,2026-03-31,778,702.0,76.0,0.10826210826210825,151,133.0,18.0,0.13533834586466176,16695117830.0,13680283157.0,0.22037809001470499,125709859.0,106532153.0,0.180018008272113,positive,64125C109
NBR,2026-06-30,2026-03-31,250,238.0,12.0,0.050420168067226934,24,20.0,4.0,0.19999999999999996,1048837445.0,993533701.0,0.0556636820113261,13575535.0,11978549.0,0.13332048814927422,positive,G6359F137
NBTB,2026-06-30,2026-03-31,287,299.0,-12.0,-0.04013377926421402,28,23.0,5.0,0.21739130434782616,1762806037.0,1497357151.0,0.17727827046654943,38970669.0,35617003.0,0.09415912955955341,positive,628778102
NC,2026-06-30,2026-03-31,94,94.0,0.0,0.0,2,3.0,-1.0,-0.33333333333333337,105570033.0,122058341.0,-0.13508546703907764,2144059.0,2383286.0,-0.1003769585354003,negative,629579103
NCEL,2026-06-30,2026-03-31,4,4.0,0.0,0.0,0,0.0,0.0,,2632.0,1770.0,0.48700564971751414,11911.0,835.0,13.264670658682634,neutral,H5835A109
NCLH,2026-06-30,2026-03-31,0,1.0,-1.0,-1.0,0,0.0,0.0,,0.0,5102513.0,-1.0,0.0,5500000.0,-1.0,neutral,
NCMI,2026-06-30,2026-03-31,110,103.0,7.0,0.06796116504854366,6,5.0,1.0,0.19999999999999996,320589480.0,262701659.0,0.2203557496376527,84761933.0,86409041.0,-0.019061755354974896,positive,635309206
NCNO,2026-06-30,2026-03-31,289,284.0,5.0,0.01760563380281699,44,47.0,-3.0,-0.06382978723404253,2061486683.0,1942911886.0,0.061029425911906854,131310315.0,131061460.0,0.0018987656630713445,negative,63947X101
NCPL,2026-06-30,2026-03-31,16,14.0,2.0,0.1428571428571428,0,0.0,0.0,,106419.0,75992.0,0.4003974102537109,586987.0,464126.0,0.2647147541831314,neutral,64113L202
NCRA,2026-06-30,2026-03-31,8,8.0,0.0,0.0,0,0.0,0.0,,65067.0,73339.0,-0.11279128430984875,2033834.0,398140.0,4.108338775305169,neutral,655186500
NCT,2026-06-30,2026-03-31,2,6.0,-4.0,-0.6666666666666667,0,0.0,0.0,,33412.0,43213.0,-0.22680674796936107,10249.0,622016.0,-0.9835229318859965,neutral,G48049111
NCTY,2026-06-30,2026-03-31,9,10.0,-1.0,-0.09999999999999998,0,0.0,0.0,,213749.0,212142.0,0.0075751147816085496,63781.0,50727.0,0.2573383011019772,neutral,88337K401
NDAQ,2026-06-30,2026-03-31,1083,1098.0,-15.0,-0.013661202185792365,193,198.0,-5.0,-0.025252525252525304,36639811097.0,42050677149.0,-0.12867488513508218,528627808.0,508327679.0,0.03993512420951606,negative,631103108
NDLS,2026-06-30,2026-03-31,38,32.0,6.0,0.1875,2,0.0,2.0,,42550370.0,19057833.0,1.2326971802093136,2857608.0,2228958.0,0.28203761578280084,positive,65540B303
NDRA,2026-06-30,2026-03-31,10,8.0,2.0,0.25,0,0.0,0.0,,818991.0,429901.0,0.905068841430934,153657.0,92452.0,0.6620192099684161,neutral,29273B500
NDSN,2026-06-30,2026-03-31,755,715.0,40.0,0.05594405594405605,115,110.0,5.0,0.045454545454545414,12697948206.0,11817649747.0,0.0744901463358627,322684712.0,45751574.0,6.052975095457918,positive,655663102
NE,2026-06-30,2026-03-31,16,19.0,-3.0,-0.1578947368421053,0,0.0,0.0,,6779942.0,14019106.0,-0.516378433831658,398036.0,492517.0,-0.19183297226288631,neutral,G65431135
NEE,2026-06-30,2026-03-31,3042,3055.0,-13.0,-0.004255319148936176,544,549.0,-5.0,-0.00910746812386154,152347648677.0,171871493425.0,-0.11359559609877756,2025574901.0,1923128591.0,0.053270649960400984,negative,65339F101
NEGG,2026-06-30,2026-03-31,16,18.0,-2.0,-0.11111111111111116,0,0.0,0.0,,969486.0,5052313.0,-0.8081104634649516,100164.0,132196.0,-0.24230687766649517,neutral,G6483G209
NEO,2026-06-30,2026-03-31,268,253.0,15.0,0.059288537549407216,33,24.0,9.0,0.375,2069687558.0,1025289782.0,1.0186366765137622,149011614.0,141744168.0,0.05127156977633107,positive,64049M209
NEOG,2026-06-30,2026-03-31,319,308.0,11.0,0.03571428571428581,37,38.0,-1.0,-0.02631578947368418,1975418852.0,2087832518.0,-0.05384228142383973,243510375.0,245011887.0,-0.006128323071933228,negative,640491106
NEON,2026-06-30,2026-03-31,51,56.0,-5.0,-0.0892857142857143,0,0.0,0.0,,1737044.0,4315662.0,-0.5975023067144739,1943332.0,3130113.0,-0.3791495706385041,neutral,64051M709
NEOV,2026-06-30,2026-03-31,44,39.0,5.0,0.1282051282051282,1,2.0,-1.0,-0.5,47751435.0,37874968.0,0.2607650255968532,15469964.0,12442312.0,0.24333516150374623,negative,640655106
NEPH,2026-06-30,2026-03-31,33,27.0,6.0,0.22222222222222232,1,1.0,0.0,0.0,19012672.0,16627998.0,0.14341317577738466,5325640.0,5579922.0,-0.04557088790846897,neutral,640671400
NERV,2026-06-30,2026-03-31,61,47.0,14.0,0.2978723404255319,10,9.0,1.0,0.11111111111111116,235293432.0,306002313.0,-0.23107302786956385,42432928.0,50788009.0,-0.16450892965699837,positive,603380205
NET,2026-06-30,2026-03-31,1225,1137.0,88.0,0.07739665787159189,256,237.0,19.0,0.08016877637130793,68499135316.0,59166961669.0,0.15772609212565847,401672043.0,293241266.0,0.36976643321407576,positive,18915M107
NEU,2026-06-30,2026-03-31,425,386.0,39.0,0.10103626943005173,49,42.0,7.0,0.16666666666666674,4494568622.0,3670503572.0,0.22451007983925764,13251096.0,6228114.0,1.1276257949035613,positive,651587107
NEUP,2026-06-30,2026-03-31,22,19.0,3.0,0.1578947368421053,0,0.0,0.0,,12323420.0,6997813.0,0.7610387702557928,2869321.0,1757860.0,0.6322807277030025,neutral,64136E102
NEWT,2026-06-30,2026-03-31,150,146.0,4.0,0.027397260273972712,5,4.0,1.0,0.25,220648343.0,184938377.0,0.19309116138723326,16137606.0,16652195.0,-0.03090217235625692,positive,652526203
NEXM,2026-06-30,2026-03-31,15,18.0,-3.0,-0.16666666666666663,0,0.0,0.0,,14617444.0,16391054.0,-0.10820597625997697,6222912.0,6702006.0,-0.07148516429260132,neutral,65346E204
NEXN,2026-06-30,2026-03-31,131,117.0,14.0,0.11965811965811968,5,5.0,0.0,0.0,345838889.0,234895358.0,0.4723104447215172,40249616.0,37190408.0,0.08225798437059373,neutral,M8T80P204
NEXR,2026-06-30,2026-03-31,9,9.0,0.0,0.0,0,0.0,0.0,,42087.0,74742.0,-0.4369029461347034,1180391.0,1181561.0,-0.0009902154861238799,neutral,M61472110
NEXT,2026-06-30,2026-03-31,212,207.0,5.0,0.024154589371980784,17,18.0,-1.0,-0.05555555555555558,818811967.0,897303891.0,-0.08747529659380471,111622182.0,118318743.0,-0.05659763474667745,negative,65342K105
NFE,2026-06-30,2026-03-31,150,182.0,-32.0,-0.17582417582417587,0,1.0,-1.0,-1.0,39501731.0,82338006.0,-0.5202491180075457,109295679.0,140578368.0,-0.22252846896045908,negative,644393100
NFG,2026-06-30,2026-03-31,654,660.0,-6.0,-0.009090909090909038,67,75.0,-8.0,-0.10666666666666669,5677533805.0,6997796293.0,-0.188668322529005,88937099.0,81223644.0,0.09496563586829465,negative,636180101
NFLX,2026-06-30,2026-03-31,3379,3633.0,-254.0,-0.06991467107074045,645,725.0,-80.0,-0.1103448275862069,237516380309.0,344471227952.0,-0.31048993054915897,3913161448.0,3751658461.0,0.04304842476437787,negative,64110L106
NGEN,2026-06-30,2026-03-31,62,45.0,17.0,0.37777777777777777,0,0.0,0.0,,25409827.0,6284530.0,3.0432342593638664,12565280.0,1693343.0,6.42039858433879,neutral,64082X203
NGNE,2026-06-30,2026-03-31,114,96.0,18.0,0.1875,15,14.0,1.0,0.0714285714285714,545233171.0,354148533.0,0.5395607215461768,17351251.0,17573447.0,-0.012643848415168635,positive,64135M105
NGS,2026-06-30,2026-03-31,162,149.0,13.0,0.08724832214765099,14,13.0,1.0,0.07692307692307687,489715134.0,449518751.0,0.08942092606944452,11449019.0,12042709.0,-0.04929870845504947,positive,63886Q109
NGVT,2026-06-30,2026-03-31,317,307.0,10.0,0.032573289902280145,44,43.0,1.0,0.023255813953488413,2565103399.0,2676966953.0,-0.04178742433657534,38920066.0,39019480.0,-0.002547804327479475,positive,45688C107
NHTC,2026-06-30,2026-03-31,23,24.0,-1.0,-0.04166666666666663,0,0.0,0.0,,1839581.0,3223932.0,-0.4293983247785623,1039291.0,1155510.0,-0.10057809971354637,neutral,63888P406
NI,2026-06-30,2026-03-31,916,886.0,30.0,0.0338600451467268,158,144.0,14.0,0.09722222222222232,20358140532.0,20041750264.0,0.015786558750226387,498533331.0,492812313.0,0.011608918545831903,positive,65473P105
NIC,2026-06-30,2026-03-31,256,239.0,17.0,0.07112970711297062,29,33.0,-4.0,-0.12121212121212122,2203019381.0,1666125866.0,0.32224066978142685,17559199.0,11337817.0,0.5487283839561001,negative,65406E102
NIQ,2026-06-30,2026-03-31,163,143.0,20.0,0.1398601398601398,19,20.0,-1.0,-0.050000000000000044,2331202741.0,2822109815.0,-0.17395037974452454,250121627.0,248295934.0,0.007352891247909055,negative,G63755105
NIVF,2026-06-30,2026-03-31,16,17.0,-1.0,-0.05882352941176472,0,0.0,0.0,,84392.0,35594.0,1.3709613979884252,1795630.0,2196528.0,-0.18251440455118262,neutral,G0544E147
NIXX,2026-06-30,2026-03-31,26,22.0,4.0,0.18181818181818188,0,0.0,0.0,,2189677.0,2264719.0,-0.03313523664525264,1977882.0,2353075.0,-0.15944795639747988,neutral,75630B402
NKE,2026-06-30,2026-03-31,1736,1927.0,-191.0,-0.09911779968863521,247,291.0,-44.0,-0.1512027491408935,39905375100.0,53630947488.0,-0.25592634534512215,1061097049.0,1043159306.0,0.017195593134075038,negative,654106103
NKTR,2026-06-30,2026-03-31,244,217.0,27.0,0.12442396313364057,45,39.0,6.0,0.15384615384615374,2493636228.0,2006248986.0,0.24293457362524995,38761503.0,28517475.0,0.35921932078488705,positive,640268306
NKTX,2026-06-30,2026-03-31,138,126.0,12.0,0.09523809523809534,3,1.0,2.0,2.0,163493188.0,122817756.0,0.33118527259201835,59529326.0,59899692.0,-0.0061831035792304645,positive,65487U108
NL,2026-06-30,2026-03-31,83,75.0,8.0,0.10666666666666669,1,1.0,0.0,0.0,32810724.0,34180968.0,-0.04008792261237304,5578686.0,5913756.0,-0.056659422539584,neutral,629156407
NLY,2026-06-30,2026-03-31,1,,,,0,,,,101.0,,,4000.0,,,unavailable,035710821
NMAX,2026-06-30,2026-03-31,234,220.0,14.0,0.06363636363636371,3,1.0,2.0,2.0,113900960.0,50248410.0,1.2667574954112975,37407836.0,32442563.0,0.153048111519426,positive,65250K105
NMG,2026-06-30,2026-03-31,60,53.0,7.0,0.13207547169811318,1,1.0,0.0,0.0,57593000.0,42959896.0,0.3406224260878099,38549102.0,19224872.0,1.0051682008598029,neutral,66979W842
NMP,2026-06-30,2026-03-31,33,33.0,0.0,0.0,1,1.0,0.0,0.0,115674723.0,107062071.0,0.08044540815953383,11527419.0,10799835.0,0.06736991815152726,neutral,G6375X104
NMRA,2026-06-30,2026-03-31,114,114.0,0.0,0.0,3,4.0,-1.0,-0.25,129149248.0,153486740.0,-0.15856413394407887,76813899.0,79510449.0,-0.03391441041918908,negative,640979100
NMRK,2026-06-30,2026-03-31,319,311.0,8.0,0.025723472668810254,36,39.0,-3.0,-0.07692307692307687,1780883301.0,1817409666.0,-0.02009803605831595,121772547.0,123601452.0,-0.014796792193023767,negative,65158N102
NN,2026-06-30,2026-03-31,231,200.0,31.0,0.15500000000000003,33,22.0,11.0,0.5,1780347951.0,1460551080.0,0.21895630723165116,104633182.0,96997534.0,0.07872002189251526,positive,65345N106
NNBR,2026-06-30,2026-03-31,91,67.0,24.0,0.3582089552238805,2,0.0,2.0,,100669264.0,49551671.0,1.031601800068458,30405100.0,34099459.0,-0.10834069244324374,positive,629337106
NNE,2026-06-30,2026-03-31,236,221.0,15.0,0.0678733031674208,9,11.0,-2.0,-0.18181818181818177,493634012.0,445119727.0,0.10899154105564945,24932720.0,25128613.0,-0.0077956153011707885,negative,63010H108
NNI,2026-06-30,2026-03-31,215,219.0,-4.0,-0.0182648401826484,23,22.0,1.0,0.045454545454545414,1592962676.0,1575967667.0,0.01078385639240409,14238645.0,12266148.0,0.16080818525913765,positive,64031N108
NNN,2026-06-30,2026-03-31,602,544.0,58.0,0.1066176470588236,96,79.0,17.0,0.21518987341772156,8701401663.0,7794939791.0,0.11628850206727659,205821859.0,188387028.0,0.09254793806715811,positive,637417106
NNNN,2026-06-30,2026-03-31,12,8.0,4.0,0.5,0,0.0,0.0,,985151.0,1602811.0,-0.38536046982457695,71857.0,51756.0,0.3883800911971558,neutral,G0367B105
NNOX,2026-06-30,2026-03-31,100,127.0,-27.0,-0.21259842519685035,0,0.0,0.0,,10761357.0,40702437.0,-0.7356090250812255,9676727.0,17955472.0,-0.4610708646366968,neutral,M70700105
NODK,2026-06-30,2026-03-31,81,74.0,7.0,0.09459459459459452,1,0.0,1.0,,56876419.0,47903906.0,0.18730232561829085,5191287.0,5388273.0,-0.03655828128975647,positive,65342T106
NOEM,2026-06-30,2026-03-31,37,35.0,2.0,0.05714285714285716,1,0.0,1.0,,82674135.0,73804499.0,0.12017744338322789,12278365.0,11805545.0,0.04005067110412952,positive,12664M103
NOG,2026-06-30,2026-03-31,343,360.0,-17.0,-0.047222222222222276,40,50.0,-10.0,-0.19999999999999996,2004246527.0,3427588333.0,-0.41526043028458404,113753235.0,119305378.0,-0.0465372399222439,negative,665531307
NOMD,2026-06-30,2026-03-31,0,1.0,-1.0,-1.0,0,0.0,0.0,,0.0,1853923.0,-1.0,0.0,192916.0,-1.0,neutral,
NOV,2026-06-30,2026-03-31,489,466.0,23.0,0.04935622317596566,66,61.0,5.0,0.08196721311475419,6886574802.0,7506444694.0,-0.08257835996520035,402491848.0,419591781.0,-0.04075373678494432,positive,62955J103
NOVT,2026-06-30,2026-03-31,393,334.0,59.0,0.17664670658682624,86,69.0,17.0,0.24637681159420288,6720847233.0,4716779524.0,0.4248805140886631,52676665.0,43600179.0,0.2081754297384879,positive,67000B104
NOW,2026-06-30,2026-03-31,2238,2212.0,26.0,0.011754068716093968,443,450.0,-7.0,-0.015555555555555545,81606688759.0,93715700807.0,-0.1292100677232041,1015817243.0,948749735.0,0.07069041025871803,negative,81762P102
NPB,2026-06-30,2026-03-31,123,115.0,8.0,0.06956521739130439,8,8.0,0.0,0.0,418745871.0,407492572.0,0.027615961058549132,22178580.0,23461440.0,-0.05467950816318179,neutral,66661N886
NPCE,2026-06-30,2026-03-31,115,113.0,2.0,0.017699115044247815,11,9.0,2.0,0.22222222222222232,421506112.0,361210016.0,0.1669280842976404,26664153.0,27798896.0,-0.04081971456708211,positive,641288105
NPKI,2026-06-30,2026-03-31,257,247.0,10.0,0.04048582995951411,35,28.0,7.0,0.25,1240900797.0,1198801721.0,0.03511763059939743,82691772.0,86250198.0,-0.04125701833171447,positive,651718504
NPO,2026-06-30,2026-03-31,410,356.0,54.0,0.151685393258427,73,62.0,11.0,0.17741935483870974,7618990808.0,5280056309.0,0.44297529460305607,30554786.0,22489918.0,0.35859926212269877,positive,29355X107
NPWR,2026-06-30,2026-03-31,122,113.0,9.0,0.07964601769911495,1,1.0,0.0,0.0,61294691.0,55962688.0,0.09527782153709263,38733166.0,37041321.0,0.04567453196391136,neutral,64107A105
NRC,2026-06-30,2026-03-31,125,121.0,4.0,0.03305785123966931,5,4.0,1.0,0.25,221443761.0,187944012.0,0.17824323660814478,10893042.0,11682107.0,-0.06754475027492901,positive,637372202
NRDS,2026-06-30,2026-03-31,149,158.0,-9.0,-0.05696202531645567,5,9.0,-4.0,-0.4444444444444444,247699597.0,334850685.0,-0.26026850743936814,27850045.0,32530130.0,-0.14386923753455638,negative,64082B102
NRDY,2026-06-30,2026-03-31,81,90.0,-9.0,-0.09999999999999998,0,0.0,0.0,,13807625.0,19590527.0,-0.29518868992140945,15910091.0,24606310.0,-0.3534141852232212,neutral,64081V109
NREF,2026-06-30,2026-03-31,80,86.0,-6.0,-0.06976744186046513,1,1.0,0.0,0.0,199681879.0,178884471.0,0.11626167371453944,13026896.0,13437115.0,-0.03052880026702165,neutral,65342V101
NRG,2026-06-30,2026-03-31,1024,1070.0,-46.0,-0.04299065420560744,172,186.0,-14.0,-0.07526881720430112,28435195245.0,30614725482.0,-0.07119221886478977,235273997.0,213306535.0,0.10298541486316859,negative,629377508
NRGV,2026-06-30,2026-03-31,177,157.0,20.0,0.1273885350318471,12,8.0,4.0,0.5,491788825.0,277882215.0,0.7697743808469355,106211730.0,84633063.0,0.25496734060068227,positive,29280W109
NRIM,2026-06-30,2026-03-31,158,162.0,-4.0,-0.024691358024691357,9,10.0,-1.0,-0.09999999999999998,451597024.0,393806633.0,0.14674814022241223,16571392.0,17599096.0,-0.058395272120795316,negative,666762109
NRIX,2026-06-30,2026-03-31,213,197.0,16.0,0.08121827411167515,42,38.0,4.0,0.10526315789473695,2712945144.0,1897582766.0,0.4296847508363173,119994132.0,126641858.0,-0.05249232840535234,positive,67080M103
NRP,2026-06-30,2026-03-31,13,17.0,-4.0,-0.23529411764705888,2,1.0,1.0,1.0,78715473.0,90093712.0,-0.12629337550216602,935772.0,873184.0,0.0716779052295966,positive,63900P608
NRSN,2026-06-30,2026-03-31,14,15.0,-1.0,-0.06666666666666665,0,0.0,0.0,,289128.0,319475.0,-0.09499021832694265,562262.0,544660.0,0.03231740902581426,neutral,M74240108
NRXP,2026-06-30,2026-03-31,47,34.0,13.0,0.38235294117647056,1,0.0,1.0,,47106027.0,15654207.0,2.009160860080616,11638886.0,7391413.0,0.574649664414639,positive,629444209
NSIT,2026-06-30,2026-03-31,330,295.0,35.0,0.11864406779661008,44,31.0,13.0,0.4193548387096775,3687737793.0,2100010806.0,0.7560565795488579,35252271.0,31829670.0,0.10752863601790397,positive,45765U103
NSP,2026-06-30,2026-03-31,279,255.0,24.0,0.09411764705882364,32,26.0,6.0,0.23076923076923084,1807864173.0,1165311287.0,0.5514002079686369,46318595.0,43654662.0,0.061022875403318855,positive,45778Q107
NSPR,2026-06-30,2026-03-31,37,35.0,2.0,0.05714285714285716,0,0.0,0.0,,17122371.0,36599244.0,-0.532165992281152,24925969.0,22832663.0,0.0916803265567403,neutral,45779A846
NSTS,2026-06-30,2026-03-31,25,21.0,4.0,0.19047619047619047,0,0.0,0.0,,18094287.0,16773843.0,0.07872042202851182,1400769.0,1408095.0,-0.005202773960563789,neutral,6293JP109
NTAP,2026-06-30,2026-03-31,962,864.0,98.0,0.11342592592592582,185,148.0,37.0,0.25,28737992197.0,21052172518.0,0.3650843955619536,244665806.0,217058255.0,0.12718959248981343,positive,64110D104
NTCL,2026-06-30,2026-03-31,12,7.0,5.0,0.7142857142857142,0,0.0,0.0,,65183.0,143824.0,-0.546786349983313,449577.0,332421.0,0.35243260804822807,neutral,G6427C108
NTGR,2026-06-30,2026-03-31,189,181.0,8.0,0.04419889502762442,17,17.0,0.0,0.0,602279023.0,604699819.0,-0.004003302008595444,28295075.0,28825375.0,-0.018396985295074164,neutral,64111Q104
NTLA,2026-06-30,2026-03-31,331,306.0,25.0,0.08169934640522869,40,24.0,16.0,0.6666666666666667,2428963009.0,1474276565.0,0.6475626532122214,147982520.0,116423101.0,0.27107523102309394,positive,45826J105
NTNX,2026-06-30,2026-03-31,565,541.0,24.0,0.0443622920517559,103,84.0,19.0,0.22619047619047628,13235500042.0,9456151272.0,0.3996709296720735,282897255.0,252966109.0,0.11832077474061942,positive,67059N108
NTR,2026-06-30,2026-03-31,734,749.0,-15.0,-0.020026702269692942,139,155.0,-16.0,-0.10322580645161294,19464775644.0,24888156610.0,-0.21791011086055678,323551985.0,341175770.0,-0.051656027624705,negative,67077M108
NTRA,2026-06-30,2026-03-31,847,767.0,80.0,0.10430247718383301,190,161.0,29.0,0.18012422360248448,33207482653.0,24082906558.0,0.3788818460522967,194540793.0,141428190.0,0.3755446704083536,positive,632307104
NTRB,2026-06-30,2026-03-31,18,17.0,1.0,0.05882352941176472,0,0.0,0.0,,1309171.0,2169110.0,-0.3964478518839524,537559.0,749282.0,-0.28256784495023235,neutral,67092M208
NTRP,2026-06-30,2026-03-31,21,15.0,6.0,0.3999999999999999,0,0.0,0.0,,2362357.0,4319778.0,-0.45312999881012406,1177616.0,1329162.0,-0.11401619968070109,neutral,826598609
NTSK,2026-06-30,2026-03-31,205,176.0,29.0,0.1647727272727273,33,17.0,16.0,0.9411764705882353,2076586400.0,1260170070.0,0.6478620223062432,198660235.0,148621456.0,0.33668610405754595,positive,64119N608
NTST,2026-06-30,2026-03-31,270,254.0,16.0,0.06299212598425208,51,48.0,3.0,0.0625,2774229114.0,2330795224.0,0.19025004231774578,156132749.0,143032075.0,0.09159256061970722,positive,64119V303
NTWK,2026-06-30,2026-03-31,26,33.0,-7.0,-0.21212121212121215,0,0.0,0.0,,9420716.0,10066025.0,-0.06410762937703807,2047402.0,2955195.0,-0.30718548183791594,neutral,64115A402
NTZ,2026-06-30,2026-03-31,3,4.0,-1.0,-0.25,0,0.0,0.0,,4663966.0,7565202.0,-0.3834974928627154,2484418.0,2479553.0,0.0019620471915704485,neutral,63905A200
NU,2026-06-30,2026-03-31,0,1.0,-1.0,-1.0,0,1.0,-1.0,-1.0,0.0,11924901.0,-1.0,0.0,829847.0,-1.0,negative,
NUAI,2026-06-30,2026-03-31,11,14.0,-3.0,-0.2142857142857143,0,0.0,0.0,,7413591.0,3480528.0,1.1300190660727338,2021708.0,1795837.0,0.12577477800045322,neutral,64428N117
NUE,2026-06-30,2026-03-31,1542,1382.0,160.0,0.11577424023154848,233,181.0,52.0,0.28729281767955794,39664056342.0,31869798760.0,0.24456563534322107,246246627.0,193484866.0,0.2726919272332131,positive,670346105
NUS,2026-06-30,2026-03-31,164,180.0,-16.0,-0.0888888888888889,4,8.0,-4.0,-0.5,196054852.0,268681874.0,-0.27030860295399006,37832378.0,38776097.0,-0.024337648010319346,negative,67018T105
NUTX,2026-06-30,2026-03-31,156,130.0,26.0,0.19999999999999996,10,7.0,3.0,0.4285714285714286,495621354.0,287611066.0,0.7232346477238814,3902374.0,3090539.0,0.2626839525403175,positive,67079U306
NUVB,2026-06-30,2026-03-31,245,234.0,11.0,0.047008547008547064,23,14.0,9.0,0.6428571428571428,1303728232.0,976942160.0,0.3344988939775104,238781656.0,236484147.0,0.00971527702446795,positive,67080N101
NUWE,2026-06-30,2026-03-31,5,8.0,-3.0,-0.375,0,0.0,0.0,,63941.0,305343.0,-0.7905928742430643,20964.0,290805.0,-0.9279104554598442,neutral,67113Y801
NVAX,2026-06-30,2026-03-31,268,260.0,8.0,0.03076923076923066,22,17.0,5.0,0.2941176470588236,1115393618.0,1003621022.0,0.1113693252232415,120288826.0,124028037.0,-0.03014811078562829,positive,670002401
NVCR,2026-06-30,2026-03-31,218,224.0,-6.0,-0.0267857142857143,32,18.0,14.0,0.7777777777777777,1600961801.0,1121849685.0,0.42707336143700925,108985611.0,107204245.0,0.01661656215199314,positive,G6674U108
NVCT,2026-06-30,2026-03-31,85,62.0,23.0,0.37096774193548376,6,1.0,5.0,5.0,191448980.0,39970855.0,3.789714405658823,10378775.0,5163459.0,1.0100430738386805,positive,67080T108
NVDA,2026-06-30,2026-03-31,5960,5870.0,90.0,0.015332197614991383,2395,2263.0,132.0,0.05832965090587705,3253839677122.0,3036885302807.0,0.0714397656422745,24022567438.0,18167949643.0,0.3222497810728877,positive,67066G104
NVEC,2026-06-30,2026-03-31,136,123.0,13.0,0.10569105691056913,9,7.0,2.0,0.2857142857142858,398674500.0,250781707.0,0.5897271964896547,4481609.0,4446260.0,0.007950277311718157,positive,629445206
NVMI,2026-06-30,2026-03-31,348,332.0,16.0,0.04819277108433728,78,69.0,9.0,0.13043478260869557,10255218875.0,8733696089.0,0.17421293006936,21339181.0,22858238.0,-0.06645555969799599,positive,M7516K103
NVNI,2026-06-30,2026-03-31,12,11.0,1.0,0.09090909090909083,0,0.0,0.0,,158171.0,182758.0,-0.1345330984142965,182130.0,169685.0,0.07334178035772165,neutral,G50716128
NVNO,2026-06-30,2026-03-31,17,17.0,0.0,0.0,0,0.0,0.0,,953622.0,1083118.0,-0.1195585337885623,88718.0,106909.0,-0.17015405625344915,neutral,29415J205
NVO,2026-06-30,2026-03-31,1357,1282.0,75.0,0.05850234009360378,150,123.0,27.0,0.2195121951219512,15413826164.0,11609013868.0,0.3277463821873694,459384306.0,335807039.0,0.3680008238302592,positive,670100205
NVR,2026-06-30,2026-03-31,692,661.0,31.0,0.04689863842662634,123,130.0,-7.0,-0.05384615384615388,16343294327.0,16235957600.0,0.006611049969728944,29187895.0,2526160.0,10.554254283180796,negative,62944T105
NVRI,2026-06-30,2026-03-31,149,222.0,-73.0,-0.3288288288288288,16,37.0,-21.0,-0.5675675675675675,575910873.0,1870037305.0,-0.692032414829286,26415085.0,96147569.0,-0.7252651806516294,negative,29390K102
NVS,2026-06-30,2026-03-31,1623,1606.0,17.0,0.010585305105853093,169,163.0,6.0,0.036809815950920255,20747331381.0,22384740627.0,-0.07314845739266651,138280062.0,151411565.0,-0.08672721268022032,positive,66987V109
NVST,2026-06-30,2026-03-31,384,392.0,-8.0,-0.020408163265306145,68,65.0,3.0,0.04615384615384621,5064655701.0,4684303303.0,0.08119721832623616,198561157.0,187340942.0,0.05989195356987165,positive,29415F104
NVTS,2026-06-30,2026-03-31,352,296.0,56.0,0.18918918918918926,33,23.0,10.0,0.4347826086956521,2371862639.0,1035118310.0,1.2913927964427563,143718399.0,121565465.0,0.18223048791036178,positive,63942X106
NVVE,2026-06-30,2026-03-31,18,21.0,-3.0,-0.1428571428571429,0,0.0,0.0,,116521.0,60035.0,0.9408844840509702,293755.0,205244.0,0.4312476856814329,neutral,67079Y407
NVX,2026-06-30,2026-03-31,26,32.0,-6.0,-0.1875,0,0.0,0.0,,1538520.0,3246871.0,-0.5261530254820719,3407351.0,4742486.0,-0.2815263977584752,neutral,67010L100
NWBI,2026-06-30,2026-03-31,315,310.0,5.0,0.016129032258064502,25,20.0,5.0,0.25,1578153411.0,1349696972.0,0.169264985948268,107929279.0,107408390.0,0.004849611841309498,positive,667340103
NWE,2026-06-30,2026-03-31,378,373.0,5.0,0.013404825737265424,60,63.0,-3.0,-0.04761904761904767,4193860226.0,4056955335.0,0.03374572301028311,65087474.0,63098169.0,0.03152714304594162,negative,668074305
NWFL,2026-06-30,2026-03-31,113,107.0,6.0,0.05607476635514019,3,4.0,-1.0,-0.25,141790306.0,175156911.0,-0.1904955094806393,4462145.0,5387995.0,-0.1718357199663325,negative,669549107
NWL,2026-06-30,2026-03-31,427,428.0,-1.0,-0.002336448598130869,35,24.0,11.0,0.45833333333333326,2714559216.0,1475838460.0,0.8393335650027713,459408005.0,434165866.0,0.058139390902738564,positive,651229106
NWPX,2026-06-30,2026-03-31,230,187.0,43.0,0.22994652406417115,30,14.0,16.0,1.1428571428571428,1245830826.0,640322117.0,0.945631414134021,8773300.0,8750505.0,0.0026049925118607486,positive,667746101
NWS,2026-06-30,2026-03-31,346,320.0,26.0,0.08125000000000004,31,31.0,0.0,0.0,2454435852.0,2772858070.0,-0.1148353828293851,88702934.0,97827647.0,-0.09327335655941926,neutral,65249B208
NWSA,2026-06-30,2026-03-31,639,591.0,48.0,0.08121827411167515,82,81.0,1.0,0.012345679012345734,9072686323.0,9969439905.0,-0.08995024700938803,396684149.0,418733010.0,-0.05265613284226145,positive,65249B109
NWTG,2026-06-30,2026-03-31,13,10.0,3.0,0.30000000000000004,0,0.0,0.0,,158209.0,495628.0,-0.6807908350617802,204988.0,311497.0,-0.34192624648070447,neutral,78577G301
NXDR,2026-06-30,2026-03-31,209,215.0,-6.0,-0.027906976744186074,8,3.0,5.0,1.6666666666666665,323685565.0,199767323.0,0.620312872691396,155221594.0,154185442.0,0.006720167523987186,positive,65345M108
NXE,2026-06-30,2026-03-31,279,286.0,-7.0,-0.02447552447552448,46,52.0,-6.0,-0.11538461538461542,3073903221.0,3614678576.0,-0.14960537807995689,334780857.0,353620114.0,-0.05327541125106927,negative,65340P106
NXGL,2026-06-30,2026-03-31,24,22.0,2.0,0.09090909090909083,0,0.0,0.0,,251433.0,360126.0,-0.30181936322287195,1461273.0,1359402.0,0.07493809778123017,neutral,65344E107
NXL,2026-06-30,2026-03-31,21,23.0,-2.0,-0.08695652173913049,0,0.0,0.0,,281970.0,409957.0,-0.3121961571579458,849541.0,1193519.0,-0.2882048798552851,neutral,65345B201
NXPI,2026-06-30,2026-03-31,1263,1150.0,113.0,0.0982608695652174,252,207.0,45.0,0.21739130434782616,66234158911.0,48405102870.0,0.36833009298385155,349060798.0,256849234.0,0.3590104691532776,positive,N6596X109
NXPL,2026-06-30,2026-03-31,10,17.0,-7.0,-0.4117647058823529,0,0.0,0.0,,878160.0,564315.0,0.5561521490656813,140031.0,1305637.0,-0.8927489034088342,neutral,68557F308
NXST,2026-06-30,2026-03-31,493,514.0,-21.0,-0.040856031128404635,78,74.0,4.0,0.054054054054053946,5376952097.0,5445761611.0,-0.012635425293132663,37760421.0,32119181.0,0.17563461534090807,positive,65336K103
NXT,2026-06-30,2026-03-31,729,707.0,22.0,0.03111739745403108,135,130.0,5.0,0.03846153846153855,17940596477.0,18224794010.0,-0.015594005224095264,178743103.0,160999058.0,0.11021210447082241,positive,65290E101
NXTC,2026-06-30,2026-03-31,30,26.0,4.0,0.15384615384615374,0,0.0,0.0,,2672073.0,23047110.0,-0.8840603876147595,1735135.0,2196952.0,-0.21020805188279035,neutral,65343E207
NXTS,2026-06-30,2026-03-31,6,9.0,-3.0,-0.33333333333333337,0,0.0,0.0,,78533.0,72597.0,0.08176646417896061,63416.0,112671.0,-0.43715774245369265,neutral,80512Q600
NXTT,2026-06-30,2026-03-31,14,13.0,1.0,0.07692307692307687,0,0.0,0.0,,246530.0,2061970.0,-0.8804395796253097,264656.0,231861.0,0.1414425021888115,neutral,961884301
NXXT,2026-06-30,2026-03-31,58,74.0,-16.0,-0.21621621621621623,0,0.0,0.0,,5984244.0,5207763.0,0.14910067912076652,14887264.0,12300779.0,0.21027001623230523,neutral,652941105
NYAX,2026-06-30,2026-03-31,63,57.0,6.0,0.10526315789473695,9,9.0,0.0,0.0,328907531.0,278760160.0,0.17989432564538643,5883963.0,5533688.0,0.06329865362846632,neutral,M7S750159
O,2026-06-30,2026-03-31,1461,1445.0,16.0,0.01107266435986154,210,200.0,10.0,0.050000000000000044,45956267092.0,46561618347.0,-0.013001078495352703,855187282.0,779099490.0,0.09766120113876608,positive,756109104
OABI,2026-06-30,2026-03-31,143,139.0,4.0,0.02877697841726623,4,3.0,1.0,0.33333333333333326,146637574.0,94340927.0,0.5543367938286212,62791000.0,62842001.0,-0.000811575048350277,positive,68218J103
OBK,2026-06-30,2026-03-31,206,190.0,16.0,0.08421052631578951,28,22.0,6.0,0.2727272727272727,1070357535.0,906792505.0,0.18037757160332957,22737591.0,22094754.0,0.029094553394891864,positive,68621T102
OC,2026-06-30,2026-03-31,689,639.0,50.0,0.07824726134585291,125,104.0,21.0,0.20192307692307687,12685088270.0,8628679535.0,0.4701077051878251,99404586.0,84690484.0,0.17373973208135163,positive,690742101
OCC,2026-06-30,2026-03-31,43,38.0,5.0,0.13157894736842102,0,0.0,0.0,,41728024.0,15288269.0,1.7294145596208441,2143273.0,1942665.0,0.10326433018559555,neutral,683827208
OCG,2026-06-30,2026-03-31,3,6.0,-3.0,-0.5,0,0.0,0.0,,91696.0,50627.0,0.8112074584707765,52699.0,108376.0,-0.5137392042518638,neutral,G6796W131
OCGN,2026-06-30,2026-03-31,150,137.0,13.0,0.0948905109489051,6,7.0,-1.0,-0.1428571428571429,220350018.0,224041026.0,-0.016474696915555143,146586478.0,124867047.0,0.17394045524276702,negative,67577C105
OCS,2026-06-30,2026-03-31,65,63.0,2.0,0.031746031746031855,7,12.0,-5.0,-0.41666666666666663,317853390.0,545972946.0,-0.4178220874702462,23446819.0,21039387.0,0.1144250067741992,negative,H5870P102
OCUL,2026-06-30,2026-03-31,264,271.0,-7.0,-0.02583025830258301,32,28.0,4.0,0.1428571428571428,1964566610.0,1820883611.0,0.07890839267925065,211296741.0,220695599.0,-0.04258742830662432,positive,67576A100
ODD,2026-06-30,2026-03-31,1,1.0,0.0,0.0,0,0.0,0.0,,153.0,135.0,0.1333333333333333,10100.0,10100.0,0.0,neutral,001197490
ODFL,2026-06-30,2026-03-31,1025,968.0,57.0,0.058884297520661155,208,182.0,26.0,0.1428571428571428,32932491667.0,31360803681.0,0.05011631723431287,230851426.0,179707299.0,0.28459682653179263,positive,679580100
ODYS,2026-06-30,2026-03-31,16,11.0,5.0,0.4545454545454546,0,1.0,-1.0,-1.0,16134562.0,28350941.0,-0.4308985370185773,3881558.0,4337556.0,-0.10512786463160362,negative,81063V204
OEC,2026-06-30,2026-03-31,189,181.0,8.0,0.04419889502762442,9,8.0,1.0,0.125,345893095.0,328051277.0,0.054387284095223976,54776140.0,52429924.0,0.044749559430984576,positive,L72967109
OFAL,2026-06-30,2026-03-31,7,4.0,3.0,0.75,0,0.0,0.0,,61149.0,31365.0,0.9495934959349595,363868.0,61756.0,4.8920266856661705,neutral,G6713S106
OFG,2026-06-30,2026-03-31,263,239.0,24.0,0.10041841004184104,39,30.0,9.0,0.30000000000000004,1998178276.0,1650221980.0,0.21085423671305126,45629424.0,43303349.0,0.05371582230279692,positive,67103X102
OFIX,2026-06-30,2026-03-31,144,147.0,-3.0,-0.020408163265306145,7,10.0,-3.0,-0.30000000000000004,344290491.0,425210508.0,-0.1903057790848386,38668391.0,37808618.0,0.022740132950641145,negative,68752M108
OFLX,2026-06-30,2026-03-31,111,109.0,2.0,0.0183486238532109,1,2.0,-1.0,-0.5,95070930.0,102337387.0,-0.07100491045369373,3142648.0,3401722.0,-0.07615966266496788,negative,682095104
OGC,2026-06-30,2026-03-31,156,2.0,154.0,77.0,48,0.0,48.0,,3264353496.0,214364.0,15227.086320464257,141432938.0,6816.0,20749.137617370892,positive,675222400
OGE,2026-06-30,2026-03-31,644,620.0,24.0,0.03870967741935494,91,89.0,2.0,0.022471910112359605,7798086584.0,7647708139.0,0.0196632039647453,182072068.0,170736258.0,0.06639368891404418,positive,670837103
OGI,2026-06-30,2026-03-31,70,73.0,-3.0,-0.04109589041095896,0,0.0,0.0,,7777227.0,10641334.0,-0.2691492438823929,7616091.0,7876370.0,-0.03304555271019516,neutral,68617J100
OGN,2026-06-30,2026-03-31,633,613.0,20.0,0.03262642740619892,49,26.0,23.0,0.8846153846153846,2924451464.0,1262560574.0,1.316286065178525,233343001.0,213640256.0,0.09222393461277267,positive,68622V106
OGS,2026-06-30,2026-03-31,432,430.0,2.0,0.0046511627906977715,56,55.0,1.0,0.018181818181818077,4462602385.0,4958788892.0,-0.10006203486510512,65619611.0,60222524.0,0.08961907674278158,positive,68235P108
OHI,2026-06-30,2026-03-31,1,1.0,0.0,0.0,0,0.0,0.0,,381.0,351.0,0.08547008547008539,8000.0,8000.0,0.0,neutral,681936BH2
OIO,2026-06-30,2026-03-31,4,2.0,2.0,1.0,0,0.0,0.0,,183505.0,101135.0,0.8144559252484302,80485.0,34283.0,1.3476650234810257,neutral,G3R95P124
OKE,2026-06-30,2026-03-31,1659,1693.0,-34.0,-0.02008269344359126,248,254.0,-6.0,-0.023622047244094446,47095019543.0,49389367733.0,-0.046454293612408604,671072104.0,558331416.0,0.2019243137126283,negative,682680103
OKLO,2026-06-30,2026-03-31,673,680.0,-7.0,-0.010294117647058787,49,49.0,0.0,0.0,4503762042.0,4429886785.0,0.016676556441611146,93600778.0,95978588.0,-0.024774379885647013,neutral,02156V109
OKTA,2026-06-30,2026-03-31,823,733.0,90.0,0.12278308321964526,160,117.0,43.0,0.36752136752136755,21301118494.0,13063363045.0,0.6305999014666441,200092564.0,169593249.0,0.17983802527422532,positive,679295105
OKUR,2026-06-30,2026-03-31,76,51.0,25.0,0.4901960784313726,5,5.0,0.0,0.0,160160954.0,124184314.0,0.2897035772166845,35160067.0,30089208.0,0.16852749995945393,neutral,68277Q105
OKYO,2026-06-30,2026-03-31,19,12.0,7.0,0.5833333333333333,0,1.0,-1.0,-1.0,11035062.0,16167505.0,-0.3174542392286256,7356707.0,10041929.0,-0.2674010142871952,negative,G6724L116
OLB,2026-06-30,2026-03-31,14,13.0,1.0,0.07692307692307687,0,0.0,0.0,,696538.0,118038.0,4.900964096307969,1934190.0,329898.0,4.862994016332321,neutral,67086U406
OLMA,2026-06-30,2026-03-31,187,196.0,-9.0,-0.04591836734693877,24,29.0,-5.0,-0.1724137931034483,1258803031.0,1690269221.0,-0.2552647735872131,103175693.0,115583490.0,-0.10734921570546108,negative,68062P106
OLN,2026-06-30,2026-03-31,414,424.0,-10.0,-0.02358490566037741,34,52.0,-18.0,-0.34615384615384615,2268841777.0,3490990361.0,-0.35008649627148025,118140955.0,119044859.0,-0.007592969638445246,negative,680665205
OLOX,2026-06-30,2026-03-31,7,14.0,-7.0,-0.5,0,0.0,0.0,,173482.0,464859.0,-0.6268072684405379,31715.0,540040.0,-0.9412728686763944,neutral,78418A802
OLP,2026-06-30,2026-03-31,138,140.0,-2.0,-0.014285714285714235,6,5.0,1.0,0.19999999999999996,207819421.0,190889524.0,0.08868950293993083,8680238.0,9035173.0,-0.03928369716883118,positive,682406103
OM,2026-06-30,2026-03-31,0,2.0,-2.0,-1.0,0,0.0,0.0,,0.0,389039.0,-1.0,0.0,99390.0,-1.0,neutral,
OMC,2026-06-30,2026-03-31,1102,1135.0,-33.0,-0.029074889867841458,156,162.0,-6.0,-0.03703703703703709,21502953646.0,24526937461.0,-0.12329235232928704,339386026.0,336844107.0,0.007546277186318617,negative,681919106
OMCL,2026-06-30,2026-03-31,308,274.0,34.0,0.12408759124087587,39,33.0,6.0,0.18181818181818188,1998524464.0,1642080955.0,0.21706817067371698,51452962.0,49863247.0,0.03188149780939864,positive,68213N109
OMDA,2026-06-30,2026-03-31,155,139.0,16.0,0.1151079136690647,27,15.0,12.0,0.8,1074309630.0,586505454.0,0.8317129408996085,53063923.0,51254521.0,0.03530229069939028,positive,68170A108
OMER,2026-06-30,2026-03-31,174,163.0,11.0,0.06748466257668717,7,6.0,1.0,0.16666666666666674,324742739.0,323573625.0,0.0036131313236671403,38826122.0,34290902.0,0.13225723837768988,positive,682143102
OMH,2026-06-30,2026-03-31,5,3.0,2.0,0.6666666666666667,0,0.0,0.0,,18104.0,42193.0,-0.5709240869338517,38976.0,34304.0,0.13619402985074625,neutral,G6S38M123
OMSE,2026-06-30,2026-03-31,12,11.0,1.0,0.09090909090909083,0,0.0,0.0,,1149854.0,1230094.0,-0.0652307872406499,297819.0,287595.0,0.035549992176498124,neutral,G6755S105
ON,2026-06-30,2026-03-31,1000,831.0,169.0,0.2033694344163659,195,143.0,52.0,0.36363636363636354,37756081165.0,27227415566.0,0.3866935359133967,462508882.0,454390879.0,0.017865682114627024,positive,682189105
ONCH,2026-06-30,2026-03-31,64,62.0,2.0,0.032258064516129004,3,2.0,1.0,0.5,132182001.0,117040191.0,0.12937273829295104,15590494.0,13991854.0,0.11425505154642113,positive,G6757R105
ONCO,2026-06-30,2026-03-31,6,5.0,1.0,0.19999999999999996,0,0.0,0.0,,15953.0,24918.0,-0.3597800786579982,65464.0,16725.0,2.9141405082212257,neutral,68237Q401
ONCY,2026-06-30,2026-03-31,77,59.0,18.0,0.30508474576271194,0,0.0,0.0,,3568307.0,3265407.0,0.09276025928773968,3955561.0,3863098.0,0.023934935122018608,neutral,68237V103
ONDS,2026-06-30,2026-03-31,419,369.0,50.0,0.1355013550135502,41,35.0,6.0,0.17142857142857149,2324159034.0,1855190445.0,0.25278730292296214,295467588.0,218543867.0,0.3519829774037997,positive,68236H204
ONEG,2026-06-30,2026-03-31,8,7.0,1.0,0.1428571428571428,0,0.0,0.0,,368904.0,284803.0,0.2952953445012869,427957.0,136925.0,2.1254847544276063,neutral,G6826S100
ONEW,2026-06-30,2026-03-31,97,90.0,7.0,0.07777777777777772,2,2.0,0.0,0.0,139717226.0,125290751.0,0.11514397419487099,12446299.0,13274167.0,-0.06236685134366626,neutral,68280L101
ONFO,2026-06-30,2026-03-31,16,9.0,7.0,0.7777777777777777,0,0.0,0.0,,97201.0,239097.0,-0.5934662500993321,1713457.0,2003100.0,-0.14459737407019124,neutral,68277K207
ONIT,2026-06-30,2026-03-31,108,122.0,-14.0,-0.11475409836065575,6,5.0,1.0,0.19999999999999996,194244466.0,202305700.0,-0.039846796209894286,4946666.0,5251544.0,-0.05805492632262055,positive,675746606
ONL,2026-06-30,2026-03-31,200,193.0,7.0,0.03626943005181338,2,2.0,0.0,0.0,76746114.0,57955088.0,0.32423427603112254,28485550.0,29048840.0,-0.019391135756195443,neutral,68629Y103
ONMD,2026-06-30,2026-03-31,22,21.0,1.0,0.04761904761904767,0,0.0,0.0,,6845010.0,10059737.0,-0.3195637221927372,9628698.0,11877914.0,-0.18936119591369327,neutral,68270C103
ONTO,2026-06-30,2026-03-31,689,579.0,110.0,0.1899827288428324,166,116.0,50.0,0.4310344827586208,17657587370.0,9782961742.0,0.8049326815000029,97416862.0,50963742.0,0.9114935084633307,positive,683344105
OOMA,2026-06-30,2026-03-31,169,157.0,12.0,0.07643312101910826,10,4.0,6.0,1.5,364061964.0,275141136.0,0.32318260109240815,20127296.0,20111535.0,0.00078367961470871,positive,683416101
OPAD,2026-06-30,2026-03-31,24,38.0,-14.0,-0.368421052631579,0,0.0,0.0,,8238588.0,9204343.0,-0.10492383867050592,1720782.0,14057445.0,-0.8775892774255919,neutral,67623L505
OPBK,2026-06-30,2026-03-31,100,96.0,4.0,0.04166666666666674,4,2.0,2.0,1.0,163721571.0,129618535.0,0.2631030816696085,11191151.0,9825423.0,0.1389994099999563,positive,67109R109
OPCH,2026-06-30,2026-03-31,374,373.0,1.0,0.002680965147453085,51,58.0,-7.0,-0.12068965517241381,3272180784.0,4502432740.0,-0.27324160671415165,163472103.0,174759952.0,-0.06459059338720807,negative,68404L201
OPEN,2026-06-30,2026-03-31,395,364.0,31.0,0.08516483516483508,32,32.0,0.0,0.0,2592816946.0,2367699619.0,0.09507849948258151,573853588.0,507610441.0,0.1304999693652873,neutral,683712103
OPFI,2026-06-30,2026-03-31,148,147.0,1.0,0.006802721088435382,5,3.0,2.0,0.6666666666666667,214637206.0,160234269.0,0.3395212356228243,22552686.0,20889176.0,0.07963502246330822,positive,68386H103
OPK,2026-06-30,2026-03-31,226,236.0,-10.0,-0.0423728813559322,7,6.0,1.0,0.16666666666666674,309296635.0,246150793.0,0.2565331650180789,208024911.0,217287257.0,-0.042627193733684954,positive,68375N103
OPLN,2026-06-30,2026-03-31,353,299.0,54.0,0.1806020066889633,61,46.0,15.0,0.326086956521739,4463579240.0,3257186450.0,0.3703787942504795,115759776.0,112564043.0,0.028390353747332897,positive,48238T109
OPRT,2026-06-30,2026-03-31,135,126.0,9.0,0.0714285714285714,4,6.0,-2.0,-0.33333333333333337,216357478.0,173434736.0,0.2474864204826881,38039279.0,37675159.0,0.009664723644563722,negative,68376D104
OPRX,2026-06-30,2026-03-31,113,128.0,-15.0,-0.1171875,0,0.0,0.0,,62604756.0,90164131.0,-0.3056578563375718,11397826.0,14562383.0,-0.2173103811374828,neutral,68401U204
OPTU,2026-06-30,2026-03-31,194,180.0,14.0,0.07777777777777772,10,14.0,-4.0,-0.2857142857142857,317479685.0,429218297.0,-0.26033049564986277,230113308.0,328585626.0,-0.299685409854173,negative,02156K103
OPY,2026-06-30,2026-03-31,123,117.0,6.0,0.05128205128205132,10,8.0,2.0,0.25,478520763.0,420044761.0,0.13921373965190353,5236662.0,4880805.0,0.07290948931579933,positive,683797104
OR,2026-06-30,2026-03-31,1,1.0,0.0,0.0,0,0.0,0.0,,2187841.0,2623392.0,-0.16602589319476468,69116.0,69116.0,0.0,neutral,68390D957
ORA,2026-06-30,2026-03-31,436,418.0,18.0,0.04306220095693769,69,66.0,3.0,0.045454545454545414,5451931358.0,5585173997.0,-0.023856488458832148,62526044.0,55427698.0,0.12806496131230283,positive,686688102
ORBS,2026-06-30,2026-03-31,139,126.0,13.0,0.10317460317460325,2,4.0,-2.0,-0.5,102335092.0,91904836.0,0.11348974062692418,139178050.0,97422938.0,0.4285963127082042,negative,22890A302
ORCL,2026-06-30,2026-03-31,3547,3538.0,9.0,0.0025438100621819615,616,608.0,8.0,0.013157894736842035,190387147038.0,198263496132.0,-0.039726673077307595,1787344361.0,1511864558.0,0.18221195909534638,positive,68389X105
ORGO,2026-06-30,2026-03-31,136,122.0,14.0,0.11475409836065564,3,4.0,-1.0,-0.25,163301045.0,148502846.0,0.0996492619407443,69663328.0,65067922.0,0.07062475423757952,negative,68621F102
ORIC,2026-06-30,2026-03-31,183,182.0,1.0,0.005494505494505475,36,38.0,-2.0,-0.052631578947368474,1271287287.0,1531735991.0,-0.17003498352869872,125037942.0,127181069.0,-0.016850990614019734,negative,68622P109
ORIO,2026-06-30,2026-03-31,21,20.0,1.0,0.050000000000000044,0,0.0,0.0,,852850.0,957534.0,-0.10932666620715292,1003903.0,1015468.0,-0.011388837462135704,neutral,68627G104
ORKA,2026-06-30,2026-03-31,259,184.0,75.0,0.40760869565217384,70,35.0,35.0,1.0,6859283098.0,2858606711.0,1.399519693144665,78071421.0,58730372.0,0.3293193681797213,positive,687604108
ORKT,2026-06-30,2026-03-31,8,6.0,2.0,0.33333333333333326,0,0.0,0.0,,69361.0,35181.0,0.9715471419231971,85196.0,33827.0,1.5185798326780384,neutral,G6781F119
ORMP,2026-06-30,2026-03-31,85,64.0,21.0,0.328125,2,1.0,1.0,1.0,89996948.0,46162066.0,0.9495866584480859,18851925.0,13650565.0,0.3810362428221836,positive,68403P203
ORN,2026-06-30,2026-03-31,182,172.0,10.0,0.058139534883721034,14,9.0,5.0,0.5555555555555556,577733465.0,381681131.0,0.5136547711602752,35000238.0,35626552.0,-0.017579977989450102,positive,68628V308
OSBC,2026-06-30,2026-03-31,185,188.0,-3.0,-0.015957446808510634,24,20.0,4.0,0.19999999999999996,903846208.0,807054699.0,0.11993178296332552,40473956.0,40344181.0,0.0032166968515237038,positive,680277100
OSCR,2026-06-30,2026-03-31,404,332.0,72.0,0.2168674698795181,72,42.0,30.0,0.7142857142857142,5272492649.0,1979567694.0,1.663456604682295,209801472.0,187344569.0,0.11986951700745596,positive,687793109
OSG,2026-06-30,2026-03-31,149,149.0,0.0,0.0,4,3.0,1.0,0.33333333333333326,188689614.0,163714278.0,0.1525544155653913,30524585.0,35391137.0,-0.1375076477480789,positive,023139884
OSIS,2026-06-30,2026-03-31,364,371.0,-7.0,-0.018867924528301883,54,59.0,-5.0,-0.0847457627118644,4087680981.0,5291588332.0,-0.2275134185551757,23209840.0,20562719.0,0.12873399670539687,negative,671044105
OSK,2026-06-30,2026-03-31,600,591.0,9.0,0.015228426395939021,88,78.0,10.0,0.1282051282051282,9331313329.0,8888462988.0,0.04982305057667191,75955051.0,64485126.0,0.17786931206430467,positive,688239201
OSPN,2026-06-30,2026-03-31,196,190.0,6.0,0.03157894736842115,13,10.0,3.0,0.30000000000000004,452530569.0,334287838.0,0.35371532421708984,35902273.0,34791575.0,0.03192433800424377,positive,68287N100
OSRH,2026-06-30,2026-03-31,27,23.0,4.0,0.17391304347826098,0,0.0,0.0,,379637.0,405903.0,-0.06471004156165394,3661881.0,3275904.0,0.11782304975969993,neutral,68840D102
OSS,2026-06-30,2026-03-31,110,77.0,33.0,0.4285714285714286,4,1.0,3.0,3.0,189819274.0,67249631.0,1.8226069225569432,10885081.0,9300482.0,0.17037815889542074,positive,68247W109
OSUR,2026-06-30,2026-03-31,153,142.0,11.0,0.07746478873239426,6,4.0,2.0,0.5,224992859.0,164949773.0,0.364008297240882,56405389.0,61185960.0,-0.07813182958966403,positive,68554V108
OSW,2026-06-30,2026-03-31,258,233.0,25.0,0.10729613733905574,54,49.0,5.0,0.1020408163265305,3058691210.0,2514673162.0,0.21633747725979835,114173959.0,111590972.0,0.023146917297216518,positive,P73684113
OTEX,2026-06-30,2026-03-31,275,291.0,-16.0,-0.054982817869415834,56,49.0,7.0,0.1428571428571428,4561467293.0,4295704404.0,0.06186712678659445,204867287.0,198349400.0,0.03286063381084081,positive,683715106
OTIS,2026-06-30,2026-03-31,1228,1245.0,-17.0,-0.013654618473895597,170,185.0,-15.0,-0.08108108108108103,24868348892.0,27323212505.0,-0.08984535081849443,405989020.0,372668473.0,0.08941069452902184,negative,68902V107
OTLK,2026-06-30,2026-03-31,71,54.0,17.0,0.3148148148148149,0,0.0,0.0,,31358936.0,2577677.0,11.165580094014883,20523679.0,12695812.0,0.6165708030333152,neutral,69012T305
OTTR,2026-06-30,2026-03-31,365,347.0,18.0,0.05187319884726227,31,34.0,-3.0,-0.08823529411764708,2571113019.0,2615695687.0,-0.017044287002335845,34106963.0,31287351.0,0.09011986984772213,negative,689648103
OUST,2026-06-30,2026-03-31,331,229.0,102.0,0.445414847161572,42,12.0,30.0,2.5,2204120434.0,595456474.0,2.7015643128266666,41821230.0,33347218.0,0.25411451114152905,positive,68989M202
OUT,2026-06-30,2026-03-31,373,336.0,37.0,0.11011904761904767,66,54.0,12.0,0.22222222222222232,5297071479.0,4367382361.0,0.21287101543981346,193809227.0,190357589.0,0.01813238977301812,positive,69007J304
OVID,2026-06-30,2026-03-31,132,103.0,29.0,0.2815533980582525,13,8.0,5.0,0.625,396429703.0,271044729.0,0.4625988281070761,147491711.0,122286585.0,0.20611521697167356,positive,690469101
OVLY,2026-06-30,2026-03-31,87,80.0,7.0,0.08749999999999991,1,4.0,-3.0,-0.75,99005002.0,102560475.0,-0.03466708788156447,2974363.0,3180648.0,-0.06485628085849171,negative,671807105
OVV,2026-06-30,2026-03-31,596,618.0,-22.0,-0.035598705501618144,103,110.0,-7.0,-0.0636363636363636,12911442478.0,14769282786.0,-0.12579082782280204,277507719.0,260230135.0,0.06639347898735859,negative,69047Q102
OWLT,2026-06-30,2026-03-31,58,67.0,-9.0,-0.13432835820895528,1,3.0,-2.0,-0.6666666666666667,95194480.0,99957376.0,-0.04764927002485542,17008047.0,19712316.0,-0.13718677196530327,negative,69120X206
OXM,2026-06-30,2026-03-31,199,197.0,2.0,0.010152284263959421,19,18.0,1.0,0.05555555555555558,560790854.0,663931257.0,-0.15534801519368746,16948834.0,17736532.0,-0.044411049465588825,positive,691497309
OZK,2026-06-30,2026-03-31,1,1.0,0.0,0.0,0,0.0,0.0,,320400.0,964200.0,-0.6677037958929682,60000.0,60000.0,0.0,neutral,06417N202
PAAS,2026-06-30,2026-03-31,2,2.0,0.0,0.0,0,0.0,0.0,,2551545.0,6167243.0,-0.5862746124970266,288829.0,88694.0,2.256466051818612,neutral,697900959
PACH,2026-06-30,2026-03-31,69,63.0,6.0,0.09523809523809534,5,4.0,1.0,0.25,220312843.0,212269359.0,0.037892817116388366,32211476.0,31225573.0,0.03157357592765386,positive,G7117W107
PACK,2026-06-30,2026-03-31,137,118.0,19.0,0.1610169491525424,12,8.0,4.0,0.5,565473253.0,289743849.0,0.9516316047834374,77536796.0,81604008.0,-0.0498408362491215,positive,75321W103
PACS,2026-06-30,2026-03-31,242,218.0,24.0,0.11009174311926606,33,26.0,7.0,0.26923076923076916,1774010992.0,1316718642.0,0.34729693604505063,52191504.0,50659283.0,0.03024561164831341,positive,69380Q107
PAGS,2026-06-30,2026-03-31,254,264.0,-10.0,-0.037878787878787845,22,21.0,1.0,0.04761904761904767,1003644243.0,1121639814.0,-0.10519916423009568,123695009.0,122710631.0,0.008021945547651788,positive,G68707101
PAHC,2026-06-30,2026-03-31,210,258.0,-48.0,-0.18604651162790697,13,24.0,-11.0,-0.45833333333333337,633529453.0,1111807626.0,-0.43018069116931923,22248945.0,21584484.0,0.03078419664792542,negative,71742Q106
PAL,2026-06-30,2026-03-31,118,103.0,15.0,0.14563106796116498,2,5.0,-3.0,-0.6,135878478.0,148269109.0,-0.08356852673876936,20006662.0,21964086.0,-0.08911930139046076,negative,74317M104
PALI,2026-06-30,2026-03-31,126,96.0,30.0,0.3125,11,8.0,3.0,0.375,362647286.0,313761016.0,0.15580734223527637,173824574.0,179459344.0,-0.0313985879721036,positive,696389402
PAMT,2026-06-30,2026-03-31,64,60.0,4.0,0.06666666666666665,2,1.0,1.0,1.0,56183197.0,36903552.0,0.5224333148202103,4023424.0,4360535.0,-0.07730955031894027,positive,693149106
PANL,2026-06-30,2026-03-31,162,148.0,14.0,0.09459459459459452,2,3.0,-1.0,-0.33333333333333337,177394486.0,192298270.0,-0.07750347416021997,28267701.0,28263044.0,0.00016477347592136482,negative,G6891L105
PANW,2026-06-30,2026-03-31,2908,2476.0,432.0,0.17447495961227788,658,479.0,179.0,0.37369519832985376,227331835851.0,111383636022.0,1.0409805602512243,1098348236.0,714890318.0,0.5363870629452279,positive,697435105
PAR,2026-06-30,2026-03-31,208,201.0,7.0,0.03482587064676612,22,19.0,3.0,0.1578947368421053,793784874.0,641362164.0,0.23765466464279927,49426946.0,51101472.0,-0.0327686450989122,positive,698884103
PASG,2026-06-30,2026-03-31,30,35.0,-5.0,-0.1428571428571429,0,0.0,0.0,,14245329.0,14536850.0,-0.020053931904091993,4958063.0,1894143.0,1.6175758641243032,neutral,702712209
PASW,2026-06-30,2026-03-31,4,4.0,0.0,0.0,0,0.0,0.0,,43433.0,31448.0,0.3811053167133045,298831.0,238407.0,0.253448933965865,neutral,G5880S113
PATH,2026-06-30,2026-03-31,532,539.0,-7.0,-0.012987012987012991,56,48.0,8.0,0.16666666666666674,3911774456.0,3672387453.0,0.06518566084426713,372076281.0,336002710.0,0.10736095253517441,positive,90364P105
PAVM,2026-06-30,2026-03-31,20,21.0,-1.0,-0.04761904761904767,0,0.0,0.0,,5559051.0,5323406.0,0.044265832814555095,935868.0,524473.0,0.7843969088971214,neutral,70387R502
PAX,2026-06-30,2026-03-31,151,162.0,-11.0,-0.0679012345679012,14,13.0,1.0,0.07692307692307687,613795397.0,653398032.0,-0.06061027591218704,51557700.0,51757643.0,-0.003863062311396215,positive,G69451105
PAYC,2026-06-30,2026-03-31,601,602.0,-1.0,-0.0016611295681062677,72,68.0,4.0,0.05882352941176472,5180461381.0,5728395524.0,-0.09565228879611143,48057298.0,47909099.0,0.003093337238506688,positive,70432V102
PAYO,2026-06-30,2026-03-31,302,278.0,24.0,0.08633093525179847,39,28.0,11.0,0.3928571428571428,2173159444.0,1393480918.0,0.5595186241366241,312863785.0,301532867.0,0.037577721170939604,positive,70451X104
PAYS,2026-06-30,2026-03-31,135,112.0,23.0,0.2053571428571428,4,4.0,0.0,0.0,236417755.0,152392253.0,0.55137646662393,30462909.0,27800713.0,0.09575999004054325,neutral,70451A104
PAYX,2026-06-30,2026-03-31,1531,1516.0,15.0,0.009894459102902431,215,189.0,26.0,0.13756613756613767,29830174978.0,29362504259.0,0.015927480669726934,474335493.0,324401817.0,0.46218506846402785,positive,704326107
PB,2026-06-30,2026-03-31,455,436.0,19.0,0.04357798165137616,65,61.0,4.0,0.06557377049180335,6458566383.0,5955023704.0,0.08455762798421262,98577277.0,91576198.0,0.07645085898848958,positive,743606105
PBA,2026-06-30,2026-03-31,435,434.0,1.0,0.0023041474654377225,98,99.0,-1.0,-0.010101010101010055,14616748717.0,13773484216.0,0.06122376065312651,315027162.0,311284910.0,0.01202195120862104,negative,706327103
PBF,2026-06-30,2026-03-31,440,419.0,21.0,0.05011933174224348,60,60.0,0.0,0.0,4649614074.0,4668956491.0,-0.004142770881948699,112180642.0,104328985.0,0.07525863498048979,neutral,69318G106
PBM,2026-06-30,2026-03-31,24,18.0,6.0,0.33333333333333326,0,0.0,0.0,,1355618.0,1241134.0,0.09224145015767848,5333187.0,5413924.0,-0.014912843253802599,neutral,74449F407
PBT,2026-06-30,2026-03-31,17,24.0,-7.0,-0.29166666666666663,1,1.0,0.0,0.0,21036010.0,31071075.0,-0.32297128438587974,866536.0,1468771.0,-0.4100264779192945,neutral,714236106
PBYI,2026-06-30,2026-03-31,163,157.0,6.0,0.03821656050955413,9,6.0,3.0,0.5,290676621.0,233886857.0,0.24280870130295518,39564676.0,39902470.0,-0.008465490983390223,positive,74587V107
PCAP,2026-06-30,2026-03-31,70,65.0,5.0,0.07692307692307687,6,6.0,0.0,0.0,226578688.0,211606299.0,0.07075587575018272,29800117.0,28263856.0,0.05435426079159189,neutral,G7257A105
PCAR,2026-06-30,2026-03-31,1096,1085.0,11.0,0.010138248847926246,216,217.0,-1.0,-0.004608294930875556,46506237501.0,47300013604.0,-0.016781730966201502,494680849.0,419407754.0,0.1794747337933098,negative,693718108
PCB,2026-06-30,2026-03-31,111,102.0,9.0,0.08823529411764697,4,3.0,1.0,0.33333333333333326,147244018.0,128161891.0,0.14889080405344512,5959214.0,6449013.0,-0.07594945148970855,positive,69320M109
PCG,2026-06-30,2026-03-31,937,911.0,26.0,0.028540065861690556,207,203.0,4.0,0.019704433497536922,35446789325.0,39506046454.0,-0.10275027478962018,2249024200.0,2325411353.0,-0.032848877641133645,positive,69331C108
PCOR,2026-06-30,2026-03-31,402,432.0,-30.0,-0.06944444444444442,77,84.0,-7.0,-0.08333333333333337,6032869049.0,8723666919.0,-0.3084480293647488,160108987.0,157829908.0,0.014440095853062163,negative,74275K108
PCRX,2026-06-30,2026-03-31,255,242.0,13.0,0.05371900826446274,21,21.0,0.0,0.0,1108580602.0,1009792422.0,0.09783018553886524,46467326.0,45901155.0,0.012334569794594463,neutral,695127100
PCSA,2026-06-30,2026-03-31,12,10.0,2.0,0.19999999999999996,0,0.0,0.0,,603916.0,480556.0,0.25670265276055226,310549.0,190441.0,0.6306835187800945,neutral,74275C403
PCT,2026-06-30,2026-03-31,318,310.0,8.0,0.02580645161290329,22,13.0,9.0,0.6923076923076923,1443386577.0,736890526.0,0.9587530658522809,184917586.0,145725674.0,0.2689430827405197,positive,74623V103
PCVX,2026-06-30,2026-03-31,334,336.0,-2.0,-0.005952380952380931,78,81.0,-3.0,-0.03703703703703709,8914708671.0,10008699460.0,-0.1093039903308276,177094683.0,187105637.0,-0.05350428859607259,negative,92243G108
PCYO,2026-06-30,2026-03-31,119,117.0,2.0,0.017094017094017033,3,4.0,-1.0,-0.25,147408268.0,146538194.0,0.005937523701158742,13851496.0,14626775.0,-0.05300409693866215,negative,746228303
PD,2026-06-30,2026-03-31,257,249.0,8.0,0.032128514056224855,13,11.0,2.0,0.18181818181818188,666048122.0,465789680.0,0.42993318787140145,74745350.0,78014727.0,-0.04190717734614391,positive,69553P100
PDEX,2026-06-30,2026-03-31,69,58.0,11.0,0.18965517241379315,0,1.0,-1.0,-1.0,42910859.0,42164004.0,0.017713094800009932,747930.0,860158.0,-0.13047370366839584,negative,74265M205
PDFS,2026-06-30,2026-03-31,283,209.0,74.0,0.3540669856459331,49,27.0,22.0,0.8148148148148149,2757786555.0,1130105091.0,1.44029212589398,42023153.0,34811402.0,0.20716634739387985,positive,693282105
PDLB,2026-06-30,2026-03-31,89,91.0,-2.0,-0.02197802197802201,4,3.0,1.0,0.33333333333333326,159365020.0,150304108.0,0.06028386130337826,11664012.0,12955401.0,-0.099679585371383,positive,732344106
PDM,2026-06-30,2026-03-31,254,254.0,0.0,0.0,22,15.0,7.0,0.46666666666666656,977338437.0,704053318.0,0.3881596919056065,121452579.0,120189257.0,0.01051110583036552,positive,720190206
PDS,2026-06-30,2026-03-31,137,138.0,-1.0,-0.007246376811594235,19,21.0,-2.0,-0.09523809523809523,668413982.0,786979561.0,-0.15065903217275545,8617442.0,8036616.0,0.07227245895536138,negative,74022D407
PDSB,2026-06-30,2026-03-31,52,41.0,11.0,0.2682926829268293,0,0.0,0.0,,6766616.0,4099047.0,0.6507778515347591,7692005.0,6788878.0,0.13303037703726606,neutral,70465T107
PDYN,2026-06-30,2026-03-31,133,129.0,4.0,0.03100775193798455,1,2.0,-1.0,-0.5,77224890.0,74346855.0,0.038710917899620556,18504041.0,17921981.0,0.03247743650660051,negative,80359A205
PEBO,2026-06-30,2026-03-31,224,211.0,13.0,0.06161137440758302,21,16.0,5.0,0.3125,903450074.0,793002905.0,0.13927713039084022,25657998.0,24542503.0,0.045451558058279495,positive,709789101
PECO,2026-06-30,2026-03-31,447,443.0,4.0,0.009029345372460584,53,43.0,10.0,0.2325581395348837,4943582405.0,4342102211.0,0.13852280871607525,126497450.0,117956111.0,0.07241116147004889,positive,71844V201
PEG,2026-06-30,2026-03-31,0,1.0,-1.0,-1.0,0,0.0,0.0,,0.0,2230.0,-1.0,0.0,27549.0,-1.0,neutral,
PEGA,2026-06-30,2026-03-31,437,487.0,-50.0,-0.10266940451745377,54,65.0,-11.0,-0.16923076923076918,2727551449.0,3984396917.0,-0.3154418332765716,99265646.0,98114971.0,0.011727822862017678,negative,705573103
PEN,2026-06-30,2026-03-31,454,485.0,-31.0,-0.06391752577319587,99,115.0,-16.0,-0.13913043478260867,10781172770.0,11560094957.0,-0.06738025854435892,48358232.0,36059495.0,0.3410679212229677,negative,70975L107
PENG,2026-06-30,2026-03-31,356,227.0,129.0,0.5682819383259912,51,23.0,28.0,1.2173913043478262,4165930122.0,1035143364.0,3.024495801143927,63074955.0,60677913.0,0.039504358035517884,positive,706915105
PENN,2026-06-30,2026-03-31,382,371.0,11.0,0.029649595687331498,47,46.0,1.0,0.021739130434782705,3041167285.0,2188366175.0,0.3896976290999381,147178599.0,147366358.0,-0.0012740967650161084,positive,707569109
PEP,2026-06-30,2026-03-31,3403,3563.0,-160.0,-0.04490597810833563,554,602.0,-48.0,-0.07973421926910296,147971614188.0,175790708087.0,-0.15825121931491481,1414405120.0,1169399936.0,0.20951359450048757,negative,713448108
PEPG,2026-06-30,2026-03-31,72,94.0,-22.0,-0.23404255319148937,1,1.0,0.0,0.0,92180551.0,110075642.0,-0.16257085286861195,52064159.0,62297395.0,-0.16426426819291562,neutral,713317105
PERF,2026-06-30,2026-03-31,22,32.0,-10.0,-0.3125,0,0.0,0.0,,13483889.0,12842446.0,0.049947105091973976,8243099.0,11489444.0,-0.28255022610319525,neutral,G7006A109
PERI,2026-06-30,2026-03-31,95,96.0,-1.0,-0.01041666666666663,5,5.0,0.0,0.0,169590382.0,192788697.0,-0.12033026500511079,22841623.0,24367099.0,-0.06260392342970333,neutral,M78673114
PETS,2026-06-30,2026-03-31,51,49.0,2.0,0.04081632653061229,0,0.0,0.0,,8781561.0,15678523.0,-0.43989870729532365,4715730.0,6954159.0,-0.32188349446712394,neutral,716382106
PFAI,2026-06-30,2026-03-31,2,3.0,-1.0,-0.33333333333333337,0,0.0,0.0,,11493.0,45988.0,-0.7500869792119683,3026.0,16096.0,-0.8120029821073559,neutral,G7173H101
PFE,2026-06-30,2026-03-31,2828,2962.0,-134.0,-0.04523970290344359,404,411.0,-7.0,-0.01703163017031628,91296387063.0,113288068234.0,-0.19412177746358517,4117395975.0,4192295912.0,-0.017866090221734354,negative,717081103
PFG,2026-06-30,2026-03-31,956,916.0,40.0,0.04366812227074246,117,102.0,15.0,0.1470588235294117,16919012970.0,14661180728.0,0.15400071003067173,215856560.0,183221192.0,0.1781200506544025,positive,74251V102
PFGC,2026-06-30,2026-03-31,532,468.0,64.0,0.1367521367521367,114,94.0,20.0,0.2127659574468086,17517515989.0,14105527010.0,0.2418902162663683,180797973.0,169111734.0,0.06910365545657515,positive,71377A103
PFIS,2026-06-30,2026-03-31,124,114.0,10.0,0.08771929824561409,6,5.0,1.0,0.19999999999999996,236911868.0,191951427.0,0.23422821962141493,3602092.0,3624007.0,-0.006047173749940349,positive,711040105
PFSA,2026-06-30,2026-03-31,9,10.0,-1.0,-0.09999999999999998,0,0.0,0.0,,9450.0,38152.0,-0.752306563220801,217446.0,75376.0,1.8848174485247293,neutral,74319X207
PFX,2026-06-30,2026-03-31,11,16.0,-5.0,-0.3125,0,0.0,0.0,,14089415.0,15574537.0,-0.09535577205280643,330792.0,398359.0,-0.1696133387221075,neutral,71742W103
PG,2026-06-30,2026-03-31,4018,4021.0,-3.0,-0.0007460830639144378,720,699.0,21.0,0.030042918454935563,238165988790.0,249250966318.0,-0.04447315768420146,2208974509.0,1791557678.0,0.2329910089559506,positive,742718109
PGAC,2026-06-30,2026-03-31,14,26.0,-12.0,-0.46153846153846156,1,0.0,1.0,,32738766.0,76589153.0,-0.5725404353277024,3099534.0,7512402.0,-0.5874110570760191,positive,G8089R100
PGEN,2026-06-30,2026-03-31,213,206.0,7.0,0.03398058252427183,18,15.0,3.0,0.19999999999999996,807572131.0,545874277.0,0.47941048887342963,143918030.0,142503395.0,0.009927026650838666,positive,74017N105
PGNY,2026-06-30,2026-03-31,313,296.0,17.0,0.057432432432432456,46,29.0,17.0,0.5862068965517242,2243964772.0,1401882466.0,0.6006796763802309,83312836.0,83795813.0,-0.005763736667845243,positive,74340E103
PGY,2026-06-30,2026-03-31,233,225.0,8.0,0.03555555555555556,18,13.0,5.0,0.3846153846153846,587629474.0,418871056.0,0.40288870663815923,37321453.0,38713283.0,-0.03595225959007409,positive,M7S64L123
PH,2026-06-30,2026-03-31,1980,1939.0,41.0,0.021144920061887618,413,394.0,19.0,0.048223350253807196,105878035047.0,104054767074.0,0.017522195515591976,302821448.0,126270920.0,1.3981883398014365,positive,701094104
PHAT,2026-06-30,2026-03-31,164,174.0,-10.0,-0.05747126436781613,19,18.0,1.0,0.05555555555555558,762141490.0,814909867.0,-0.06475363612206697,73141264.0,75193317.0,-0.027290364115736487,positive,71722W107
PHG,2026-06-30,2026-03-31,2,2.0,0.0,0.0,0,1.0,-1.0,-1.0,6441510.0,20281725.0,-0.6823983167112264,1515362.0,1198496.0,0.26438636424318473,negative,N7637U112
PHI,2026-06-30,2026-03-31,101,103.0,-2.0,-0.01941747572815533,1,3.0,-2.0,-0.6666666666666667,103871495.0,150429461.0,-0.3095003178931819,5993171.0,7213827.0,-0.1692106006977988,negative,69344D408
PHIN,2026-06-30,2026-03-31,393,387.0,6.0,0.015503875968992276,47,41.0,6.0,0.14634146341463405,2917683075.0,2630712934.0,0.1090845516784158,42276103.0,42575444.0,-0.007030836836369847,positive,71880K101
PHIO,2026-06-30,2026-03-31,24,24.0,0.0,0.0,0,0.0,0.0,,649577.0,846437.0,-0.23257489925416774,647127.0,748343.0,-0.13525348670328985,neutral,71880W501
PHOE,2026-06-30,2026-03-31,2,2.0,0.0,0.0,0,0.0,0.0,,238272.0,227713.0,0.046369772476758,13345.0,14717.0,-0.0932255215057417,neutral,G7075R108
PHR,2026-06-30,2026-03-31,227,246.0,-19.0,-0.07723577235772361,11,9.0,2.0,0.22222222222222232,551628715.0,502685071.0,0.09736442720018634,59766488.0,64039370.0,-0.06672273634172232,positive,71944F106
PHUN,2026-06-30,2026-03-31,35,31.0,4.0,0.12903225806451624,0,0.0,0.0,,6269813.0,6649315.0,-0.05707384896038159,3113347.0,3778702.0,-0.1760803048242492,neutral,71948P209
PHVS,2026-06-30,2026-03-31,0,1.0,-1.0,-1.0,0,0.0,0.0,,0.0,8134080.0,-1.0,0.0,287932.0,-1.0,neutral,
PI,2026-06-30,2026-03-31,318,292.0,26.0,0.08904109589041087,56,48.0,8.0,0.16666666666666674,4648593474.0,3420921999.0,0.35887151924506644,38139815.0,34070617.0,0.1194342327290403,positive,453204109
PII,2026-06-30,2026-03-31,480,448.0,32.0,0.0714285714285714,48,45.0,3.0,0.06666666666666665,3468584671.0,3141563195.0,0.10409514490126304,56220597.0,58909588.0,-0.04564606698658291,positive,731068102
PIII,2026-06-30,2026-03-31,21,17.0,4.0,0.23529411764705888,0,0.0,0.0,,3318130.0,921395.0,2.6012025244330608,361958.0,314233.0,0.15187774676752608,neutral,744413204
PINE,2026-06-30,2026-03-31,148,141.0,7.0,0.049645390070921946,5,4.0,1.0,0.25,219059494.0,178555323.0,0.22684381691606026,10758764.0,10077373.0,0.06761593522438836,positive,02083X103
PINS,2026-06-30,2026-03-31,678,713.0,-35.0,-0.04908835904628328,98,89.0,9.0,0.101123595505618,10718118307.0,10315105627.0,0.03907014572348211,532336515.0,579143077.0,-0.08082037731066583,positive,72352L106
PIPR,2026-06-30,2026-03-31,424,392.0,32.0,0.08163265306122458,58,64.0,-6.0,-0.09375,4401636882.0,4716388943.0,-0.06673581521879168,68904605.0,64126249.0,0.07451482153587374,negative,724078209
PJT,2026-06-30,2026-03-31,418,401.0,17.0,0.04239401496259343,51,49.0,2.0,0.04081632653061229,3463918587.0,3070863044.0,0.12799513927134298,27141094.0,22278815.0,0.21824675145424033,positive,69343T107
PK,2026-06-30,2026-03-31,400,378.0,22.0,0.05820105820105814,47,34.0,13.0,0.38235294117647056,3035975221.0,2127798509.0,0.4268151839371366,225502612.0,208082539.0,0.0837171301528572,positive,700517105
PKBK,2026-06-30,2026-03-31,130,122.0,8.0,0.06557377049180335,6,6.0,0.0,0.0,234068653.0,223296102.0,0.04824334551079623,7564552.0,8419039.0,-0.1014946005120062,neutral,700885106
PKE,2026-06-30,2026-03-31,192,170.0,22.0,0.12941176470588234,18,17.0,1.0,0.05882352941176472,748208719.0,515561351.0,0.45125059810777013,19769221.0,18909168.0,0.04548338668311591,positive,70014A104
PKOH,2026-06-30,2026-03-31,105,97.0,8.0,0.08247422680412364,8,7.0,1.0,0.1428571428571428,313149581.0,194768179.0,0.6078066889971796,8601459.0,8519342.0,0.009638889951829599,positive,700666100
PL,2026-06-30,2026-03-31,484,434.0,50.0,0.11520737327188946,89,69.0,20.0,0.28985507246376807,8208687433.0,6749817828.0,0.2161346635087289,268204148.0,259163338.0,0.034884602389246844,positive,72703X106
PLAB,2026-06-30,2026-03-31,316,333.0,-17.0,-0.05105105105105101,31,37.0,-6.0,-0.16216216216216217,1683972155.0,2214163035.0,-0.23945430919905142,58456571.0,59534968.0,-0.018113673967205313,negative,719405102
PLBC,2026-06-30,2026-03-31,107,94.0,13.0,0.13829787234042556,6,6.0,0.0,0.0,202872984.0,172755988.0,0.17433257364138366,3483208.0,3542212.0,-0.016657388095348336,neutral,729273102
PLBL,2026-06-30,2026-03-31,3,4.0,-1.0,-0.25,1,1.0,0.0,0.0,27145289.0,28198622.0,-0.03735405935793601,3231582.0,3204389.0,0.008486173183093637,neutral,G71604105
PLBY,2026-06-30,2026-03-31,87,86.0,1.0,0.011627906976744207,2,1.0,1.0,1.0,52222909.0,58711686.0,-0.11051934362777449,42847502.0,38834360.0,0.10333998036790093,positive,72814P109
PLD,2026-06-30,2026-03-31,1737,1678.0,59.0,0.03516090584028597,348,345.0,3.0,0.008695652173912993,115403391262.0,119292846582.0,-0.03260426279899731,1089736353.0,955845084.0,0.14007632747316623,positive,74340W103
PLMK,2026-06-30,2026-03-31,51,54.0,-3.0,-0.05555555555555558,1,2.0,-1.0,-0.5,113052406.0,176697859.0,-0.36019368519909456,16705644.0,23688933.0,-0.29479120059987507,negative,G7134A104
PLOW,2026-06-30,2026-03-31,252,233.0,19.0,0.0815450643776825,29,24.0,5.0,0.20833333333333326,1138216903.0,929961610.0,0.22393966671376897,23690803.0,23690693.0,4.6431735871710345e-06,positive,25960R105
PLRX,2026-06-30,2026-03-31,86,91.0,-5.0,-0.05494505494505497,0,0.0,0.0,,53612452.0,63807293.0,-0.15977548209105186,50129089.0,54180940.0,-0.07478369699750498,neutral,729139105
PLRZ,2026-06-30,2026-03-31,5,4.0,1.0,0.25,0,0.0,0.0,,2518680.0,130846.0,18.24919370863458,222514.0,35875.0,5.2024808362369335,neutral,M79549206
PLSE,2026-06-30,2026-03-31,109,96.0,13.0,0.13541666666666674,9,5.0,4.0,0.8,280225883.0,185254722.0,0.512651769275819,11435278.0,8593928.0,0.3306229700784089,positive,74587B101
PLTK,2026-06-30,2026-03-31,175,168.0,7.0,0.04166666666666674,5,4.0,1.0,0.25,200387452.0,150529185.0,0.3312199358549639,60365533.0,60859578.0,-0.008117785502883335,positive,72815L107
PLTR,2026-06-30,2026-03-31,2851,3007.0,-156.0,-0.05187894911872293,482,540.0,-58.0,-0.1074074074074074,169148000160.0,216750324097.0,-0.21961823649083467,1859106737.0,1520872022.0,0.222395250952943,negative,69608A108
PLUG,2026-06-30,2026-03-31,1,1.0,0.0,0.0,0,0.0,0.0,,0.0,0.0,,1.0,1.0,0.0,neutral,72919P103
PLUR,2026-06-30,2026-03-31,17,14.0,3.0,0.2142857142857142,0,0.0,0.0,,55311.0,106357.0,-0.4799496036932219,26591.0,27480.0,-0.0323508005822416,neutral,72942G203
PLUS,2026-06-30,2026-03-31,290,283.0,7.0,0.02473498233215543,39,36.0,3.0,0.08333333333333326,2110290253.0,1975698285.0,0.06812374592915127,28167701.0,26795759.0,0.05119996787551351,positive,294268107
PLXS,2026-06-30,2026-03-31,448,383.0,65.0,0.16971279373368153,77,59.0,18.0,0.30508474576271194,7779563964.0,5546971407.0,0.402488564152788,36718473.0,28260676.0,0.2992779436698543,positive,729132100
PMAX,2026-06-30,2026-03-31,0,2.0,-2.0,-1.0,0,0.0,0.0,,0.0,88.0,-1.0,0.0,59832.0,-1.0,neutral,
PMCB,2026-06-30,2026-03-31,32,37.0,-5.0,-0.1351351351351351,0,0.0,0.0,,575248.0,636451.0,-0.09616294105909173,762769.0,1019057.0,-0.25149525492685887,neutral,71715X203
PMEC,2026-06-30,2026-03-31,6,3.0,3.0,1.0,0,0.0,0.0,,78704.0,21118.0,2.726868074628279,154529.0,31533.0,3.9005486315923,neutral,Y708VV108
PMN,2026-06-30,2026-03-31,27,25.0,2.0,0.08000000000000007,2,3.0,-1.0,-0.33333333333333337,84256507.0,99592531.0,-0.1539876921091603,6402460.0,7841884.0,-0.18355589039572628,negative,74346M505
PMTR,2026-06-30,2026-03-31,61,58.0,3.0,0.051724137931034475,7,7.0,0.0,0.0,236661048.0,227380079.0,0.040816983795664896,31844952.0,31719026.0,0.003970046242907976,neutral,G7010A129
PMTS,2026-06-30,2026-03-31,80,74.0,6.0,0.08108108108108114,2,0.0,2.0,,62281555.0,42612764.0,0.4615704111566197,3108971.0,3043769.0,0.02142146792348565,positive,12634H200
PMVP,2026-06-30,2026-03-31,64,69.0,-5.0,-0.07246376811594202,0,0.0,0.0,,44097849.0,46217518.0,-0.04586289120934617,35176927.0,39552761.0,-0.11063283293927317,neutral,69353Y103
PN,2026-06-30,2026-03-31,4,,,,0,,,,19166.0,,,28990.0,,,unavailable,G8221K138
PNR,2026-06-30,2026-03-31,5,5.0,0.0,0.0,0,0.0,0.0,,983488.0,1151651.0,-0.1460190630668492,24033.0,40642.0,-0.40866591211062453,neutral,SBLS09M33
PNRG,2026-06-30,2026-03-31,96,98.0,-2.0,-0.020408163265306145,1,3.0,-2.0,-0.6666666666666667,94109501.0,135321105.0,-0.30454675935435205,585769.0,601487.0,-0.026131903100150122,negative,74158E104
PNTG,2026-06-30,2026-03-31,207,192.0,15.0,0.078125,32,25.0,7.0,0.28,1117853547.0,954705452.0,0.17088840820823137,34165905.0,36731974.0,-0.06985927301375094,positive,70805E109
PODC,2026-06-30,2026-03-31,34,30.0,4.0,0.1333333333333333,0,0.0,0.0,,6241804.0,2362710.0,1.641798612610096,1396926.0,1157987.0,0.20633996754713135,neutral,22275C105
PODD,2026-06-30,2026-03-31,730,790.0,-60.0,-0.07594936708860756,124,129.0,-5.0,-0.03875968992248058,10637926340.0,15022620584.0,-0.2918727940629723,87160589.0,74998315.0,0.1621672966919323,negative,45784P101
POET,2026-06-30,2026-03-31,155,109.0,46.0,0.4220183486238531,12,1.0,11.0,11.0,351686821.0,97682048.0,2.6003219445194268,34929509.0,16877488.0,1.0695916951622184,positive,73044W302
POLE,2026-06-30,2026-03-31,57,58.0,-1.0,-0.017241379310344862,10,10.0,0.0,0.0,253917821.0,245723433.0,0.03334801203107074,33400525.0,32756985.0,0.019645886213276453,neutral,G26745102
POOL,2026-06-30,2026-03-31,615,606.0,9.0,0.014851485148514865,101,96.0,5.0,0.05208333333333326,8299752611.0,7449240372.0,0.1141743582603243,49767498.0,39976195.0,0.24492833797713875,positive,73278L105
POWI,2026-06-30,2026-03-31,374,309.0,65.0,0.21035598705501624,58,51.0,7.0,0.13725490196078427,5119038874.0,3286378394.0,0.5576535201624746,68874153.0,66383549.0,0.03751839179312322,positive,739276103
POWW,2026-06-30,2026-03-31,149,148.0,1.0,0.006756756756756799,3,4.0,-1.0,-0.25,156992103.0,137236571.0,0.14395238715196412,69131725.0,68532191.0,0.008748210020018243,negative,00175J107
PPC,2026-06-30,2026-03-31,343,356.0,-13.0,-0.0365168539325843,26,28.0,-2.0,-0.0714285714285714,1400444905.0,1749978865.0,-0.19973610367002914,51549278.0,47558464.0,0.08391385390411266,negative,72147K108
PPCB,2026-06-30,2026-03-31,5,6.0,-1.0,-0.16666666666666663,0,0.0,0.0,,56479.0,44698.0,0.26356883976911716,47885.0,462396.0,-0.8964415782143444,neutral,74346N800
PPG,2026-06-30,2026-03-31,1,1.0,0.0,0.0,0,0.0,0.0,,1989622.0,1972801.0,0.008526455532007482,2000000.0,2000000.0,0.0,neutral,693506BK2
PPL,2026-06-30,2026-03-31,1037,996.0,41.0,0.04116465863453822,163,155.0,8.0,0.05161290322580636,23810525583.0,26116315632.0,-0.08828925494278927,731340446.0,711857934.0,0.027368539520976842,positive,69351T106
PPTA,2026-06-30,2026-03-31,256,267.0,-11.0,-0.041198501872659166,28,31.0,-3.0,-0.09677419354838712,1737925249.0,2385559797.0,-0.27148116295992386,86723063.0,88436289.0,-0.019372432056709243,negative,714266103
PR,2026-06-30,2026-03-31,618,621.0,-3.0,-0.004830917874396157,112,125.0,-13.0,-0.10399999999999998,12910234209.0,15573745445.0,-0.1710257333668651,788236895.0,786849265.0,0.0017635270968956451,negative,71424F105
PRAA,2026-06-30,2026-03-31,200,199.0,1.0,0.005025125628140614,19,14.0,5.0,0.3571428571428572,631772121.0,630508672.0,0.0020038566575020234,37706518.0,39678305.0,-0.04969433548131652,positive,69354N106
PRCH,2026-06-30,2026-03-31,202,192.0,10.0,0.05208333333333326,31,15.0,16.0,1.0666666666666669,1293948634.0,632737760.0,1.0449998653470596,89588091.0,90317367.0,-0.008074593228564741,positive,733245104
PRCT,2026-06-30,2026-03-31,256,257.0,-1.0,-0.0038910505836575737,31,35.0,-4.0,-0.11428571428571432,1138909105.0,1368045896.0,-0.16749203493096843,57232650.0,59122287.0,-0.03196150040677559,negative,74276L105
PRE,2026-06-30,2026-03-31,36,42.0,-6.0,-0.1428571428571429,0,0.0,0.0,,23919713.0,33530057.0,-0.28661877908528455,4327826.0,5162219.0,-0.16163456064146053,neutral,G72245122
PRFX,2026-06-30,2026-03-31,8,4.0,4.0,1.0,0,0.0,0.0,,280557.0,31939.0,7.784151037916027,203537.0,15740.0,11.931194409148667,neutral,M77798201
PRG,2026-06-30,2026-03-31,296,276.0,20.0,0.07246376811594213,43,27.0,16.0,0.5925925925925926,1934598701.0,1196207547.0,0.6172767893429785,45562953.0,43308451.0,0.05205686068060933,positive,74319R101
PRHI,2026-06-30,2026-03-31,9,,,,0,,,,269470.0,,,54882.0,,,unavailable,20731J409
PRI,2026-06-30,2026-03-31,527,511.0,16.0,0.03131115459882583,77,75.0,2.0,0.026666666666666616,8205848064.0,7728892535.0,0.061710720758520576,39986186.0,31561776.0,0.26691812273174986,positive,74164M108
PRKS,2026-06-30,2026-03-31,235,212.0,23.0,0.10849056603773577,31,26.0,5.0,0.1923076923076923,2857218095.0,2141230714.0,0.33438123987231383,62547811.0,66506376.0,-0.059521586321287456,positive,81282V100
PRLB,2026-06-30,2026-03-31,278,263.0,15.0,0.057034220532319324,33,22.0,11.0,0.5,1844227308.0,1327277740.0,0.38948108027487893,25174858.0,23542362.0,0.06934291469989295,positive,743713109
PRLD,2026-06-30,2026-03-31,77,55.0,22.0,0.3999999999999999,6,2.0,4.0,2.0,261257190.0,107502469.0,1.4302436253812925,49667034.0,32002842.0,0.5519569793207741,positive,74065P101
PRM,2026-06-30,2026-03-31,311,294.0,17.0,0.05782312925170063,56,42.0,14.0,0.33333333333333326,4956982437.0,3408658117.0,0.4542327997865325,149865108.0,142795867.0,0.04950592162446821,positive,71385M107
PRME,2026-06-30,2026-03-31,189,192.0,-3.0,-0.015625,11,11.0,0.0,0.0,373154149.0,346414563.0,0.0771895551053956,108254449.0,106755287.0,0.014042976625597836,neutral,74168J101
PROK,2026-06-30,2026-03-31,72,71.0,1.0,0.014084507042253502,3,2.0,1.0,0.5,100262514.0,80514623.0,0.2452708621637587,49537578.0,45302783.0,0.09347759054890736,positive,74291D104
PRPL,2026-06-30,2026-03-31,62,70.0,-8.0,-0.11428571428571432,1,1.0,0.0,0.0,22216277.0,43560508.0,-0.48999040598883736,62323401.0,66002632.0,-0.05574370125118644,neutral,74640Y106
PRPO,2026-06-30,2026-03-31,18,15.0,3.0,0.19999999999999996,0,0.0,0.0,,3914733.0,4484138.0,-0.12698204203349672,158113.0,177168.0,-0.10755328275986631,neutral,74019L602
PRSO,2026-06-30,2026-03-31,20,19.0,1.0,0.05263157894736836,0,0.0,0.0,,431592.0,517008.0,-0.16521214371924609,548019.0,531948.0,0.030211599630038943,neutral,71360T200
PRTH,2026-06-30,2026-03-31,134,117.0,17.0,0.14529914529914523,2,2.0,0.0,0.0,130106100.0,95320538.0,0.3649324975484296,19728066.0,20282689.0,-0.02734464843394291,neutral,74275G107
PRTS,2026-06-30,2026-03-31,27,45.0,-18.0,-0.4,0,0.0,0.0,,6184212.0,10980505.0,-0.43680076644926624,988890.0,13980643.0,-0.9292672018018056,neutral,14427M206
PRVA,2026-06-30,2026-03-31,302,293.0,9.0,0.030716723549488067,35,35.0,0.0,0.0,3095539281.0,2508928943.0,0.23380906806335178,128187189.0,131255986.0,-0.023380244158921593,neutral,74276R102
PRZO,2026-06-30,2026-03-31,16,14.0,2.0,0.1428571428571428,0,0.0,0.0,,365819.0,509715.0,-0.28230677927861647,1394853.0,1343127.0,0.03851162250479656,neutral,M7S13T102
PSA,2026-06-30,2026-03-31,1127,1096.0,31.0,0.02828467153284664,194,186.0,8.0,0.043010752688172005,45857465295.0,39296940807.0,0.16694746087795642,234822587.0,157719591.0,0.48886124742740433,positive,74460D109
PSFE,2026-06-30,2026-03-31,147,147.0,0.0,0.0,6,6.0,0.0,0.0,223802441.0,206513599.0,0.08371769260580275,30001522.0,30455693.0,-0.014912515699445739,neutral,G6964L206
PSHG,2026-06-30,2026-03-31,11,10.0,1.0,0.10000000000000009,0,0.0,0.0,,486425.0,734204.0,-0.33747977401376184,739351.0,867711.0,-0.14792943733570274,neutral,Y67305154
PSKY,2026-06-30,2026-03-31,546,522.0,24.0,0.04597701149425282,40,39.0,1.0,0.02564102564102555,3429551819.0,3149142245.0,0.08904315911585625,353338202.0,352081412.0,0.0035696005445466916,positive,69932A204
PSMT,2026-06-30,2026-03-31,388,361.0,27.0,0.07479224376731297,65,49.0,16.0,0.3265306122448979,5377181387.0,4185584946.0,0.2846905405990534,34493350.0,28516432.0,0.20959557633297177,positive,741511109
PSN,2026-06-30,2026-03-31,343,343.0,0.0,0.0,46,48.0,-2.0,-0.04166666666666663,5686896736.0,5766498076.0,-0.01380410414620592,113718590.0,108396898.0,0.04909450453093234,negative,70202L102
PSNL,2026-06-30,2026-03-31,161,141.0,20.0,0.14184397163120566,19,12.0,7.0,0.5833333333333333,1126541113.0,563968711.0,0.9975241374693924,86198876.0,95141087.0,-0.09398895137702179,positive,71535D106
PSO,2026-06-30,2026-03-31,213,201.0,12.0,0.05970149253731338,10,11.0,-1.0,-0.09090909090909094,424800031.0,430177573.0,-0.012500749312656545,27619556.0,27607942.0,0.000420676050391533,negative,705015105
PSQH,2026-06-30,2026-03-31,66,67.0,-1.0,-0.014925373134328401,0,0.0,0.0,,7249281.0,4720280.0,0.5357735134356436,9367935.0,8987913.0,0.0422814506548963,neutral,693691107
PSTL,2026-06-30,2026-03-31,223,210.0,13.0,0.06190476190476191,11,8.0,3.0,0.375,583660387.0,417212713.0,0.39895158707687806,24626657.0,23462454.0,0.049619830900893724,positive,73757R102
PSX,2026-06-30,2026-03-31,2106,2133.0,-27.0,-0.012658227848101222,282,274.0,8.0,0.029197080291970767,53080050109.0,62640616583.0,-0.1526256763665803,431339070.0,354285827.0,0.21748892314566115,positive,718546104
PTC,2026-06-30,2026-03-31,685,699.0,-14.0,-0.02002861230329045,106,120.0,-14.0,-0.1166666666666667,11048990651.0,14585952311.0,-0.24249096559383365,132659769.0,126158161.0,0.05153537391845786,negative,69370C100
PTCT,2026-06-30,2026-03-31,384,353.0,31.0,0.0878186968838528,74,69.0,5.0,0.07246376811594213,8204986053.0,7244098552.0,0.1326441784443575,110072752.0,108617764.0,0.013395488421212631,positive,69366J200
PTEN,2026-06-30,2026-03-31,439,415.0,24.0,0.05783132530120483,57,60.0,-3.0,-0.050000000000000044,3875789985.0,4636063371.0,-0.16399115481374638,440516661.0,445501206.0,-0.011188622910259904,negative,703481101
PTGX,2026-06-30,2026-03-31,350,324.0,26.0,0.08024691358024683,74,75.0,-1.0,-0.013333333333333308,9026755341.0,8700687458.0,0.037476105718541985,84002380.0,85021409.0,-0.011985557661129853,negative,74366E102
PTLE,2026-06-30,2026-03-31,1,1.0,0.0,0.0,0,0.0,0.0,,689.0,15373.0,-0.9551811617771417,99.0,2669.0,-0.962907455976021,neutral,G7377S127
PTLO,2026-06-30,2026-03-31,173,186.0,-13.0,-0.06989247311827962,6,6.0,0.0,0.0,219077343.0,285697131.0,-0.23318325867262557,46489787.0,54962082.0,-0.1541479997064158,neutral,73642K106
PTON,2026-06-30,2026-03-31,467,442.0,25.0,0.0565610859728507,44,37.0,7.0,0.18918918918918926,2322675776.0,1571862405.0,0.47765845700724685,413881539.0,386784403.0,0.07005746816528169,positive,70614W100
PTRN,2026-06-30,2026-03-31,147,87.0,60.0,0.6896551724137931,27,9.0,18.0,2.0,1565622438.0,612919782.0,1.5543676089084038,64790147.0,51958268.0,0.24696510283984052,positive,70339W104
PUBM,2026-06-30,2026-03-31,155,154.0,1.0,0.006493506493506551,9,6.0,3.0,0.5,340312746.0,216156036.0,0.5743846542411613,31009364.0,31511622.0,-0.015938817747940703,positive,74467Q103
PUK,2026-06-30,2026-03-31,284,263.0,21.0,0.07984790874524705,14,15.0,-1.0,-0.06666666666666665,991036933.0,1029958058.0,-0.037789038784334705,37304473.0,36743144.0,0.015277108567519404,negative,74435K204
PULM,2026-06-30,2026-03-31,15,15.0,0.0,0.0,0,0.0,0.0,,568719.0,468421.0,0.21411934990105053,334531.0,363110.0,-0.07870617719148465,neutral,74584P301
PUMP,2026-06-30,2026-03-31,270,258.0,12.0,0.04651162790697683,52,42.0,10.0,0.23809523809523814,2057401641.0,1689028112.0,0.2180979264837719,151054150.0,123297160.0,0.2251227035561889,positive,74347M108
PVLA,2026-06-30,2026-03-31,199,182.0,17.0,0.0934065934065933,36,36.0,0.0,0.0,2051746635.0,1701597139.0,0.20577696563698789,15830646.0,14121077.0,0.12106505757315822,neutral,697947109
PWP,2026-06-30,2026-03-31,167,164.0,3.0,0.018292682926829285,30,34.0,-4.0,-0.11764705882352944,1260953282.0,1451661456.0,-0.13137234801665765,81834092.0,81371566.0,0.005684123124777951,negative,71367G102
PXLW,2026-06-30,2026-03-31,38,34.0,4.0,0.11764705882352944,0,0.0,0.0,,7686394.0,10241201.0,-0.249463612714954,1269492.0,1904878.0,-0.33355731968136537,neutral,72581M404
PXS,2026-06-30,2026-03-31,12,13.0,-1.0,-0.07692307692307687,0,0.0,0.0,,936415.0,999204.0,-0.06283901985980844,243349.0,235662.0,0.03261875058346275,neutral,Y71726130
PYPD,2026-06-30,2026-03-31,33,19.0,14.0,0.736842105263158,0,0.0,0.0,,16385339.0,13657371.0,0.19974327416308757,3281888.0,3118709.0,0.052322611696057564,neutral,M8001Q126
PYXS,2026-06-30,2026-03-31,77,78.0,-1.0,-0.012820512820512775,3,0.0,3.0,,105941859.0,43343603.0,1.4442328663816895,35890000.0,29660090.0,0.21004352987465658,positive,747324101
QBTS,2026-06-30,2026-03-31,554,494.0,60.0,0.12145748987854255,51,30.0,21.0,0.7,4722185765.0,2660861876.0,0.7746827851503255,211852921.0,192988464.0,0.09774914318194683,positive,26740W109
QCLS,2026-06-30,2026-03-31,21,18.0,3.0,0.16666666666666674,0,0.0,0.0,,2663450.0,2205198.0,0.20780537620658102,740252.0,665072.0,0.113040392619145,neutral,62856X300
QCRH,2026-06-30,2026-03-31,220,224.0,-4.0,-0.017857142857142905,27,26.0,1.0,0.03846153846153855,1239380118.0,1139818411.0,0.08734874436064888,14716925.0,13538883.0,0.08701175717376386,positive,74727A104
QDEL,2026-06-30,2026-03-31,249,239.0,10.0,0.04184100418410042,27,24.0,3.0,0.125,1435297498.0,1307113175.0,0.09806673626405771,85996418.0,85877417.0,0.0013857077233703219,positive,219798105
QETA,2026-06-30,2026-03-31,12,14.0,-2.0,-0.1428571428571429,0,0.0,0.0,,18790994.0,17705241.0,0.061323819314292205,1629665.0,1548196.0,0.05262189025162178,neutral,74841A105
QGEN,2026-06-30,2026-03-31,1,1.0,0.0,0.0,0,0.0,0.0,,1047664.0,1082137.0,-0.03185641004789597,27031.0,27031.0,0.0,neutral,BV6JKC906
QLYS,2026-06-30,2026-03-31,433,423.0,10.0,0.023640661938534313,60,54.0,6.0,0.11111111111111116,4869766033.0,3272738708.0,0.48797886647539834,43128300.0,39047223.0,0.104516446662545,positive,74758T303
QNCX,2026-06-30,2026-03-31,28,47.0,-19.0,-0.4042553191489362,1,0.0,1.0,,17303602.0,2591791.0,5.676310705608593,330068.0,20132680.0,-0.9836053620283043,positive,22053A305
QNST,2026-06-30,2026-03-31,217,221.0,-4.0,-0.018099547511312264,17,17.0,0.0,0.0,766656572.0,651922608.0,0.17599322771147086,54908157.0,56629382.0,-0.03039455736952945,neutral,74874Q100
QNTM,2026-06-30,2026-03-31,27,25.0,2.0,0.08000000000000007,0,0.0,0.0,,1503331.0,1168800.0,0.28621748802190283,461736.0,301018.0,0.5339149153871197,neutral,74764Y205
QRVO,2026-06-30,2026-03-31,542,537.0,5.0,0.009310986964618184,93,82.0,11.0,0.13414634146341453,7866878440.0,6573144016.0,0.19682125035612485,98075095.0,89353746.0,0.0976047383620604,positive,74736K101
QS,2026-06-30,2026-03-31,450,436.0,14.0,0.032110091743119185,27,28.0,-1.0,-0.0357142857142857,1577824260.0,1618142254.0,-0.024916223465727527,217795828.0,256604860.0,-0.15124044026290073,negative,74767V109
QSEA,2026-06-30,2026-03-31,21,26.0,-5.0,-0.1923076923076923,3,1.0,2.0,2.0,76507883.0,77184552.0,-0.008766896774888289,7417774.0,7598967.0,-0.023844425169894823,positive,G7314B104
QSI,2026-06-30,2026-03-31,142,159.0,-17.0,-0.10691823899371067,0,3.0,-3.0,-1.0,46725956.0,78665876.0,-0.4060200130486057,53114503.0,71307865.0,-0.25513822353256543,negative,74765K105
QSR,2026-06-30,2026-03-31,1,1.0,0.0,0.0,0,0.0,0.0,,191.0,2864609.0,-0.9999333242337785,2632.0,17219.0,-0.847145594982287,neutral,00BTF8CF0
QTRX,2026-06-30,2026-03-31,134,128.0,6.0,0.046875,3,4.0,-1.0,-0.25,138248534.0,151311230.0,-0.08632998357094845,32521894.0,43202888.0,-0.24722870378480255,negative,74766Q101
QTTB,2026-06-30,2026-03-31,72,53.0,19.0,0.35849056603773577,8,2.0,6.0,3.0,279351169.0,61303457.0,3.5568583350854093,22197160.0,9736494.0,1.27978982989154,positive,746964105
QUAD,2026-06-30,2026-03-31,148,150.0,-2.0,-0.013333333333333308,4,3.0,1.0,0.33333333333333326,169076412.0,138630231.0,0.2196215124246601,21628508.0,22495530.0,-0.038541968115443415,positive,747301109
QUBT,2026-06-30,2026-03-31,314,296.0,18.0,0.060810810810810745,23,13.0,10.0,0.7692307692307692,940137523.0,657171908.0,0.4305808138713074,107038771.0,102318982.0,0.04612818567721866,positive,74766W108
QUIK,2026-06-30,2026-03-31,100,83.0,17.0,0.20481927710843384,3,1.0,2.0,2.0,140960850.0,55703191.0,1.5305704658822865,7386336.0,5919076.0,0.24788666339138077,positive,74837P405
QUMS,2026-06-30,2026-03-31,27,30.0,-3.0,-0.09999999999999998,1,0.0,1.0,,83575331.0,73134367.0,0.1427641262007504,8590247.0,7676656.0,0.11900897995168735,positive,G7387B106
QXO,2026-06-30,2026-03-31,647,585.0,62.0,0.10598290598290605,121,113.0,8.0,0.07079646017699126,15430551934.0,13893291196.0,0.11064770156423354,919665888.0,729813129.0,0.26013886494497407,positive,82846H405
RAC,2026-06-30,2026-03-31,49,50.0,-1.0,-0.020000000000000018,8,7.0,1.0,0.1428571428571428,233549382.0,212197898.0,0.10062061971980518,28604541.0,26469107.0,0.08067646558684438,positive,G75751100
RACE,2026-06-30,2026-03-31,713,725.0,-12.0,-0.016551724137931045,148,146.0,2.0,0.013698630136986356,21053865926.0,19396960398.0,0.0854208852316285,61759156.0,62484630.0,-0.011610439239217674,positive,N3167Y103
RAL,2026-06-30,2026-03-31,535,492.0,43.0,0.08739837398373984,85,60.0,25.0,0.41666666666666674,8050784944.0,4569347924.0,0.7619111255928079,124063490.0,117153951.0,0.05897828405292116,positive,750940108
RAPP,2026-06-30,2026-03-31,163,147.0,16.0,0.10884353741496589,31,24.0,7.0,0.29166666666666674,2090281863.0,1664583275.0,0.2557388352949779,52875450.0,54730139.0,-0.03388789127687031,positive,75383L102
RAVE,2026-06-30,2026-03-31,34,32.0,2.0,0.0625,0,0.0,0.0,,7395766.0,4625257.0,0.5989956882395941,2269356.0,1768601.0,0.28313621896629027,neutral,754198109
RBA,2026-06-30,2026-03-31,562,546.0,16.0,0.0293040293040292,124,113.0,11.0,0.09734513274336276,20663327801.0,18204511978.0,0.1350662860927807,184085722.0,196956922.0,-0.06535033076928365,positive,74935Q107
RBB,2026-06-30,2026-03-31,146,120.0,26.0,0.21666666666666656,5,4.0,1.0,0.25,252231456.0,211259265.0,0.19394269406361886,9886127.0,10231687.0,-0.03377351164084674,positive,74930B105
RBBN,2026-06-30,2026-03-31,161,150.0,11.0,0.07333333333333325,5,7.0,-2.0,-0.2857142857142857,286450611.0,273865690.0,0.045952893916722415,129164102.0,133926434.0,-0.03555931310767224,negative,762544104
RBC,2026-06-30,2026-03-31,690,614.0,76.0,0.12377850162866455,144,124.0,20.0,0.16129032258064524,19191817812.0,16901033134.0,0.13554110330637736,52907252.0,33087091.0,0.599030026544189,positive,75524B104
RBKB,2026-06-30,2026-03-31,50,46.0,4.0,0.08695652173913038,0,0.0,0.0,,28421139.0,21592269.0,0.3162645852550281,2235104.0,2494970.0,-0.10415596179513176,neutral,762093102
RBLX,2026-06-30,2026-03-31,791,837.0,-46.0,-0.054958183990442055,154,164.0,-10.0,-0.060975609756097615,30236085313.0,31148746217.0,-0.0293000847495396,625622267.0,574662102.0,0.0886784857095031,negative,771049103
RBNE,2026-06-30,2026-03-31,9,8.0,1.0,0.125,0,0.0,0.0,,31199.0,134771.0,-0.7685036098270399,130822.0,88972.0,0.47037270152407507,neutral,Y73118112
RBRK,2026-06-30,2026-03-31,577,465.0,112.0,0.24086021505376354,100,80.0,20.0,0.25,10249843276.0,5877594377.0,0.7438840822546948,147015342.0,123999481.0,0.18561255913643704,positive,781154109
RC,2026-06-30,2026-03-31,234,244.0,-10.0,-0.040983606557377095,4,4.0,0.0,0.0,167545621.0,163498059.0,0.024756024779474695,96649903.0,155410416.0,-0.37809893643164816,neutral,75574U101
RCEL,2026-06-30,2026-03-31,74,79.0,-5.0,-0.06329113924050633,0,0.0,0.0,,20327473.0,36116783.0,-0.4371737648948413,4957200.0,7256505.0,-0.3168612162466642,neutral,05380C102
RCI,2026-06-30,2026-03-31,310,316.0,-6.0,-0.01898734177215189,73,74.0,-1.0,-0.013513513513513487,8049831727.0,9074392422.0,-0.1129068093326061,255523091.0,246339974.0,0.03727822509228651,negative,775109200
RCKT,2026-06-30,2026-03-31,187,205.0,-18.0,-0.08780487804878045,10,12.0,-2.0,-0.16666666666666663,343606041.0,360770653.0,-0.04757762821689382,102351266.0,103689467.0,-0.012905852819168229,negative,77313F106
RCKY,2026-06-30,2026-03-31,119,120.0,-1.0,-0.008333333333333304,5,6.0,-1.0,-0.16666666666666663,239190632.0,228009782.0,0.04903671194247261,6120918.0,6235524.0,-0.01837952993204739,negative,774515100
RCL,2026-06-30,2026-03-31,2,1.0,1.0,1.0,0,0.0,0.0,,3471615.0,9248.0,374.39089532871975,44087.0,33607.0,0.311839795280745,neutral,LR0008862
RCMT,2026-06-30,2026-03-31,85,79.0,6.0,0.07594936708860756,1,0.0,1.0,,80818005.0,59365276.0,0.3613683022378267,2956009.0,3158690.0,-0.06416615748933896,positive,749360400
RCON,2026-06-30,2026-03-31,8,6.0,2.0,0.33333333333333326,0,0.0,0.0,,10828.0,38443.0,-0.7183362380667482,53592.0,51189.0,0.04694367930610088,neutral,G7415M132
RCUS,2026-06-30,2026-03-31,232,211.0,21.0,0.09952606635071093,44,33.0,11.0,0.33333333333333326,3786951729.0,2740617235.0,0.3817878982286995,127003823.0,127318907.0,-0.0024747620555680694,positive,03969F109
RDAC,2026-06-30,2026-03-31,7,10.0,-3.0,-0.30000000000000004,0,0.0,0.0,,6039520.0,22646564.0,-0.7333140691894806,1106448.0,2720172.0,-0.5932433684340549,neutral,G7576K107
RDAG,2026-06-30,2026-03-31,67,66.0,1.0,0.015151515151515138,10,8.0,2.0,0.25,292517427.0,280406716.0,0.04318980362795588,40550095.0,39246850.0,0.03320635923647375,positive,G7515A103
RDCM,2026-06-30,2026-03-31,54,45.0,9.0,0.19999999999999996,3,3.0,0.0,0.0,107564741.0,92045021.0,0.16861009787808068,8672740.0,8524839.0,0.017349418563799235,neutral,M81865111
RDDT,2026-06-30,2026-03-31,895,798.0,97.0,0.12155388471177941,172,129.0,43.0,0.33333333333333326,21011969115.0,16771608620.0,0.25282968325074107,157460719.0,126662936.0,0.24314755344057404,positive,75734B100
RDGT,2026-06-30,2026-03-31,5,5.0,0.0,0.0,0,0.0,0.0,,12485.0,9229.0,0.35280095351609053,127288.0,282997.0,-0.5502143132259353,neutral,G2124G203
RDN,2026-06-30,2026-03-31,392,381.0,11.0,0.028871391076115582,64,60.0,4.0,0.06666666666666665,4467224311.0,4017553344.0,0.11192657035196785,132546562.0,129560928.0,0.02304424679637984,positive,750236101
RDNT,2026-06-30,2026-03-31,331,342.0,-11.0,-0.032163742690058506,69,66.0,3.0,0.045454545454545414,4621551871.0,4169308070.0,0.10846974927424835,87298835.0,82438409.0,0.0589582702887923,positive,750491102
RDNW,2026-06-30,2026-03-31,60,51.0,9.0,0.17647058823529416,3,5.0,-2.0,-0.4,136018913.0,131488684.0,0.03445337547069838,20435574.0,18986767.0,0.07630614522209078,negative,781386305
RDVT,2026-06-30,2026-03-31,176,162.0,14.0,0.08641975308641969,17,9.0,8.0,0.8888888888888888,632841950.0,355936472.0,0.7779632035011013,10161044.0,10389590.0,-0.021997595670281478,positive,75704L104
RDW,2026-06-30,2026-03-31,325,259.0,66.0,0.25482625482625476,33,21.0,12.0,0.5714285714285714,1714726086.0,1045834921.0,0.6395762386289643,146491421.0,129479992.0,0.13138268497884975,positive,75776W103
RDWR,2026-06-30,2026-03-31,136,124.0,12.0,0.09677419354838701,15,13.0,2.0,0.15384615384615374,771057690.0,692909848.0,0.11278212053929426,31367440.0,31767786.0,-0.012602263185731655,positive,M81873107
RDY,2026-06-30,2026-03-31,1,,,,0,,,,54.0,,,3745.0,,,unavailable,00BQ2KJW4
RDZN,2026-06-30,2026-03-31,52,31.0,21.0,0.6774193548387097,0,0.0,0.0,,10312325.0,3135778.0,2.28860174412857,7100008.0,2635972.0,1.6935066078091876,neutral,G7606H108
REBN,2026-06-30,2026-03-31,8,4.0,4.0,1.0,0,0.0,0.0,,263326.0,183545.0,0.43466724781388755,174388.0,93170.0,0.8717183642803477,neutral,75618M305
REFR,2026-06-30,2026-03-31,34,35.0,-1.0,-0.02857142857142858,0,0.0,0.0,,1919104.0,3989917.0,-0.5190115483605298,3690427.0,4393749.0,-0.16007332234954708,neutral,760911107
REGN,2026-06-30,2026-03-31,1341,1405.0,-64.0,-0.045551601423487575,283,295.0,-12.0,-0.04067796610169494,56270098589.0,72430957067.0,-0.2231208744494554,190370055.0,98239388.0,0.9378180063581014,negative,75886F107
REKR,2026-06-30,2026-03-31,81,85.0,-4.0,-0.04705882352941182,0,0.0,0.0,,18137111.0,27712296.0,-0.3455211722623055,26102989.0,34228730.0,-0.23739534011340768,neutral,759419104
RELY,2026-06-30,2026-03-31,352,292.0,60.0,0.20547945205479445,63,50.0,13.0,0.26,4184555744.0,2857079670.0,0.46462690135623697,192581257.0,183184251.0,0.05129811077481761,positive,75960P104
RENT,2026-06-30,2026-03-31,54,45.0,9.0,0.19999999999999996,0,0.0,0.0,,9783600.0,16675288.0,-0.4132874946447701,3173826.0,3572108.0,-0.11149774866829332,neutral,76010Y202
RENX,2026-06-30,2026-03-31,11,8.0,3.0,0.375,0,0.0,0.0,,164174.0,120417.0,0.36337892490263,100559.0,67650.0,0.4864597191426461,neutral,78637J402
REPL,2026-06-30,2026-03-31,200,180.0,20.0,0.11111111111111116,21,14.0,7.0,0.5,1045784899.0,580597296.0,0.8012224758966153,96198442.0,84739432.0,0.1352264197380979,positive,76029N106
RES,2026-06-30,2026-03-31,218,224.0,-6.0,-0.0267857142857143,13,20.0,-7.0,-0.35,563828336.0,698836563.0,-0.1931899876852894,97570169.0,102555189.0,-0.04860816940233026,negative,749660106
RETO,2026-06-30,2026-03-31,2,3.0,-1.0,-0.33333333333333337,0,0.0,0.0,,5847.0,13584.0,-0.5695671378091873,2325.0,16792.0,-0.8615412101000477,neutral,G75271406
REVB,2026-06-30,2026-03-31,12,11.0,1.0,0.09090909090909083,0,0.0,0.0,,296141.0,599706.0,-0.5061896996194802,304255.0,499670.0,-0.3910881181579843,neutral,76135L804
REX,2026-06-30,2026-03-31,232,234.0,-2.0,-0.008547008547008517,26,22.0,4.0,0.18181818181818188,1209106852.0,1253767177.0,-0.03562090778836846,28933922.0,28001811.0,0.03328752558182746,positive,761624105
REZI,2026-06-30,2026-03-31,438,449.0,-11.0,-0.024498886414253906,52,60.0,-8.0,-0.1333333333333333,4722113238.0,5279427829.0,-0.105563445329939,157830413.0,158291109.0,-0.0029104351022014585,negative,76118Y104
RF,2026-06-30,2026-03-31,1109,1084.0,25.0,0.02306273062730635,156,139.0,17.0,0.1223021582733812,22293259599.0,19530478302.0,0.14145999162330192,793928937.0,769830971.0,0.03130293130282502,positive,7591EP100
RFAI,2026-06-30,2026-03-31,13,15.0,-2.0,-0.1333333333333333,2,1.0,1.0,1.0,55441220.0,47096503.0,0.17718336752093888,5111558.0,4445591.0,0.1498039293313307,positive,G75389109
RFL,2026-06-30,2026-03-31,44,43.0,1.0,0.023255813953488413,0,0.0,0.0,,12776781.0,4487279.0,1.847333762843808,3951135.0,3614125.0,0.0932480199218344,neutral,75062E106
RGCO,2026-06-30,2026-03-31,102,93.0,9.0,0.09677419354838701,2,2.0,0.0,0.0,98044932.0,105918771.0,-0.07433846640837627,4162252.0,4851127.0,-0.14200308505631787,neutral,74955L103
RGEN,2026-06-30,2026-03-31,481,446.0,35.0,0.07847533632286985,99,89.0,10.0,0.1123595505617978,8509566202.0,7346263898.0,0.15835291518954353,74931391.0,69272917.0,0.08168378415478017,positive,759916109
RGLD,2026-06-30,2026-03-31,764,810.0,-46.0,-0.05679012345679013,108,132.0,-24.0,-0.18181818181818177,14325764740.0,17979838472.0,-0.20323173301531539,92298065.0,75172484.0,0.2278171491579286,negative,780287108
RGNX,2026-06-30,2026-03-31,166,179.0,-13.0,-0.07262569832402233,11,10.0,1.0,0.10000000000000009,514076156.0,390170703.0,0.31756729054052024,43218228.0,45051496.0,-0.04069272194645879,positive,75901B107
RGP,2026-06-30,2026-03-31,137,139.0,-2.0,-0.014388489208633115,0,2.0,-2.0,-1.0,86990943.0,90207271.0,-0.03565486422929254,23332118.0,26627523.0,-0.12375935230625845,negative,76122Q105
RGR,2026-06-30,2026-03-31,174,192.0,-18.0,-0.09375,11,11.0,0.0,0.0,369603015.0,404191189.0,-0.08557379512792895,9906366.0,10403445.0,-0.04778023049095759,neutral,864159108
RGS,2026-06-30,2026-03-31,30,33.0,-3.0,-0.09090909090909094,0,0.0,0.0,,19112404.0,17888627.0,0.06841089592845773,780741.0,845810.0,-0.07693098922925956,neutral,758932206
RGT,2026-06-30,2026-03-31,37,35.0,2.0,0.05714285714285716,0,0.0,0.0,,36798142.0,25187593.0,0.4609630225484429,2585961.0,1885009.0,0.3718560494936629,neutral,78081T104
RGTI,2026-06-30,2026-03-31,491,458.0,33.0,0.07205240174672478,41,31.0,10.0,0.32258064516129026,3410112212.0,2563426753.0,0.33029438348847573,189337368.0,192314688.0,-0.015481500820155758,positive,76655K103
RH,2026-06-30,2026-03-31,377,375.0,2.0,0.005333333333333412,50,42.0,8.0,0.19047619047619047,3308620795.0,2744132866.0,0.20570721483425425,23081883.0,19772353.0,0.16738169705952544,positive,74967X103
RHI,2026-06-30,2026-03-31,446,420.0,26.0,0.06190476190476191,55,52.0,3.0,0.05769230769230771,3906669296.0,3250088054.0,0.2020195241147149,135617877.0,129939273.0,0.04370198377206558,positive,770323103
RIBB,2026-06-30,2026-03-31,20,19.0,1.0,0.05263157894736836,0,0.0,0.0,,29434691.0,29471905.0,-0.001262694081023974,2755432.0,2806352.0,-0.01814455207329657,neutral,G7552W109
RICK,2026-06-30,2026-03-31,100,94.0,6.0,0.06382978723404253,1,2.0,-1.0,-0.5,104835960.0,90793046.0,0.15466948867427588,3861453.0,4008823.0,-0.03676141351214557,negative,74934Q108
RIG,2026-06-30,2026-03-31,3,3.0,0.0,0.0,2,1.0,1.0,1.0,31986724.0,21262084.0,0.5044021084668842,17543002.0,10554002.0,0.6622132533232417,positive,893830BW8
RIGL,2026-06-30,2026-03-31,158,159.0,-1.0,-0.0062893081761006275,9,11.0,-2.0,-0.18181818181818177,594842985.0,423455208.0,0.4047364957665134,16642832.0,17090818.0,-0.026212086513354715,negative,766559702
RIO,2026-06-30,2026-03-31,971,948.0,23.0,0.024261603375527407,110,100.0,10.0,0.10000000000000009,11891559542.0,11796520737.0,0.008056511501896457,129105153.0,132444203.0,-0.025210993945880777,positive,767204100
RIOT,2026-06-30,2026-03-31,449,406.0,43.0,0.10591133004926112,81,50.0,31.0,0.6200000000000001,8452859644.0,3752315898.0,1.252704695920034,331329603.0,311473652.0,0.06374841297972766,positive,767292105
RITM,2026-06-30,2026-03-31,516,528.0,-12.0,-0.022727272727272707,49,50.0,-1.0,-0.020000000000000018,3069881278.0,3322062731.0,-0.07591110506335585,344385797.0,364842394.0,-0.05606968196793494,negative,64828T201
RJF,2026-06-30,2026-03-31,0,1.0,-1.0,-1.0,0,0.0,0.0,,0.0,3000.0,-1.0,0.0,24.0,-1.0,neutral,
RKDA,2026-06-30,2026-03-31,18,16.0,2.0,0.125,0,0.0,0.0,,71593.0,495453.0,-0.8554999162382708,212486.0,359025.0,-0.40815820625304644,neutral,039014303
RKLB,2026-06-30,2026-03-31,1120,872.0,248.0,0.2844036697247707,185,131.0,54.0,0.4122137404580153,32168954015.0,19935895289.0,0.6136197320794425,404983715.0,316733987.0,0.2786241187309022,positive,773121108
RL,2026-06-30,2026-03-31,803,793.0,10.0,0.01261034047919285,148,134.0,14.0,0.10447761194029859,15385221190.0,13963794478.0,0.10179372907840079,57329892.0,42103774.0,0.36163309255840104,positive,751212101
RLAY,2026-06-30,2026-03-31,260,244.0,16.0,0.06557377049180335,57,31.0,26.0,0.8387096774193548,4407290403.0,1997311376.0,1.2066115759208493,251635273.0,203787173.0,0.23479446373202295,positive,75943R102
RLI,2026-06-30,2026-03-31,425,423.0,2.0,0.004728132387706863,59,57.0,2.0,0.03508771929824572,5058155534.0,4717255259.0,0.07226665852978797,94843549.0,87883914.0,0.07919122719090543,positive,749607107
RLMD,2026-06-30,2026-03-31,128,103.0,25.0,0.24271844660194164,19,13.0,6.0,0.46153846153846145,699536658.0,693695898.0,0.008419770128149207,101963550.0,100532599.0,0.01423370144842262,positive,75955J402
RLYB,2026-06-30,2026-03-31,38,38.0,0.0,0.0,3,0.0,3.0,,79245142.0,42767247.0,0.8529399846569503,11888452.0,4778484.0,1.4879129029206752,positive,75120L209
RM,2026-06-30,2026-03-31,126,113.0,13.0,0.11504424778761058,6,6.0,0.0,0.0,311249349.0,271018334.0,0.14844388719473134,8324803.0,8636853.0,-0.0361300580199756,neutral,75902K106
RMBS,2026-06-30,2026-03-31,618,558.0,60.0,0.10752688172043001,109,86.0,23.0,0.2674418604651163,12663496841.0,8658480685.0,0.4625541479740565,118493620.0,109358005.0,0.08353860332400909,positive,750917106
RMCO,2026-06-30,2026-03-31,13,14.0,-1.0,-0.0714285714285714,0,0.0,0.0,,959573.0,1387800.0,-0.30856535523850703,366237.0,467261.0,-0.21620464793766225,neutral,02369M102
RMD,2026-06-30,2026-03-31,888,945.0,-57.0,-0.060317460317460325,150,166.0,-16.0,-0.09638554216867468,19356349102.0,23508838939.0,-0.17663525824370785,146183503.0,107798741.0,0.35607801764586466,negative,761152107
RMSG,2026-06-30,2026-03-31,9,5.0,4.0,0.8,0,0.0,0.0,,227248.0,36281.0,5.2635539262975115,463172.0,57044.0,7.119556833321646,neutral,G7410G106
RNAC,2026-06-30,2026-03-31,97,83.0,14.0,0.16867469879518082,1,1.0,0.0,0.0,90248305.0,46506366.0,0.9405580947778203,8726765.0,7584488.0,0.15060700208108968,neutral,816212302
RNAZ,2026-06-30,2026-03-31,9,8.0,1.0,0.125,0,0.0,0.0,,217591.0,322503.0,-0.32530550103409894,35039.0,37465.0,-0.06475377018550643,neutral,89357L501
RNG,2026-06-30,2026-03-31,380,345.0,35.0,0.10144927536231885,47,48.0,-1.0,-0.02083333333333337,3167608887.0,3307204076.0,-0.042209426993945254,91250389.0,94699677.0,-0.036423439965904025,negative,76680R206
RNGR,2026-06-30,2026-03-31,147,149.0,-2.0,-0.01342281879194629,7,7.0,0.0,0.0,309503585.0,323963734.0,-0.04463508560498319,20242157.0,19729191.0,0.02600035652754329,neutral,75282U104
RNR,2026-06-30,2026-03-31,1,,,,0,,,,45.0,,,3000.0,,,unavailable,G7498P127
RNST,2026-06-30,2026-03-31,309,287.0,22.0,0.0766550522648084,42,41.0,1.0,0.024390243902439046,3557743263.0,2962037632.0,0.2011134580345535,88687425.0,82699004.0,0.0724122505755933,positive,75970E107
RNTX,2026-06-30,2026-03-31,60,46.0,14.0,0.30434782608695654,0,0.0,0.0,,42718371.0,16097857.0,1.653668187013961,41109793.0,12395082.0,2.3166213019002213,neutral,00887A204
RNW,2026-06-30,2026-03-31,21,18.0,3.0,0.16666666666666674,0,0.0,0.0,,23611.0,52672.0,-0.5517352673147022,7297247.0,7006077.0,0.04155963458580314,neutral,G7500M120
RNXT,2026-06-30,2026-03-31,29,31.0,-2.0,-0.06451612903225812,0,0.0,0.0,,9002235.0,10000528.0,-0.09982402929125345,9198198.0,10011084.0,-0.08119859947234487,neutral,75989R107
ROAD,2026-06-30,2026-03-31,365,345.0,20.0,0.05797101449275366,74,68.0,6.0,0.08823529411764697,5687542005.0,5564625448.0,0.02208891831959292,56751859.0,51906146.0,0.09335528397735415,positive,21044C107
ROG,2026-06-30,2026-03-31,312,258.0,54.0,0.20930232558139528,46,29.0,17.0,0.5862068965517242,2932268996.0,1896028106.0,0.5465324520880284,21514481.0,17966176.0,0.1974991784562279,positive,775133101
ROK,2026-06-30,2026-03-31,1537,1424.0,113.0,0.0793539325842696,295,248.0,47.0,0.189516129032258,48218721226.0,36063232684.0,0.33706042518459434,184972558.0,104196330.0,0.7752310278106724,positive,773903109
ROKU,2026-06-30,2026-03-31,787,698.0,89.0,0.1275071633237823,147,103.0,44.0,0.4271844660194175,15534893843.0,11050669142.0,0.40578761732689284,136770010.0,121623652.0,0.12453464232434008,positive,77543R102
ROL,2026-06-30,2026-03-31,833,841.0,-8.0,-0.009512485136741966,147,159.0,-12.0,-0.07547169811320753,11677668994.0,15973923844.0,-0.26895425895082914,307881849.0,307017351.0,0.0028157952545164733,negative,775711104
ROOT,2026-06-30,2026-03-31,2,2.0,0.0,0.0,0,0.0,0.0,,1788546.0,1412734.0,0.2660175234686786,31985.0,31985.0,0.0,neutral,77664L108
ROP,2026-06-30,2026-03-31,1077,1149.0,-72.0,-0.06266318537859006,189,211.0,-22.0,-0.10426540284360186,34024820041.0,36535873357.0,-0.0687284327779426,161070958.0,107386209.0,0.49992219205726873,negative,776696106
ROST,2026-06-30,2026-03-31,1417,1361.0,56.0,0.04114621601763413,295,286.0,9.0,0.03146853146853146,61109555720.0,65334865414.0,-0.06467159099855735,405873977.0,318199891.0,0.27553147716194526,positive,778296103
RPD,2026-06-30,2026-03-31,239,245.0,-6.0,-0.024489795918367308,13,7.0,6.0,0.8571428571428572,518379049.0,325600841.0,0.5920691341211861,69958938.0,65020838.0,0.0759464219762902,positive,753422104
RPID,2026-06-30,2026-03-31,34,46.0,-12.0,-0.26086956521739135,1,1.0,0.0,0.0,30275535.0,38225321.0,-0.20797172638524086,17523265.0,16845554.0,0.04023085260360082,neutral,75340L104
RPRX,2026-06-30,2026-03-31,646,594.0,52.0,0.08754208754208759,148,130.0,18.0,0.1384615384615384,19832217480.0,16999293042.0,0.16664954424873546,409298004.0,364776642.0,0.12205102211561014,positive,G7709Q104
RR,2026-06-30,2026-03-31,185,184.0,1.0,0.005434782608695565,5,3.0,2.0,0.6666666666666667,161547663.0,165340529.0,-0.02293972338748229,77415829.0,79738036.0,-0.029122952062676788,positive,765504105
RRBI,2026-06-30,2026-03-31,137,124.0,13.0,0.10483870967741926,10,9.0,1.0,0.11111111111111116,279435898.0,254155116.0,0.09946989223699121,3188295.0,2916082.0,0.09334888387912277,positive,75686R202
RRR,2026-06-30,2026-03-31,245,253.0,-8.0,-0.031620553359683834,37,32.0,5.0,0.15625,3487112969.0,2895480556.0,0.2043296100794123,57817953.0,55103392.0,0.04926304718228591,positive,75700L108
RRX,2026-06-30,2026-03-31,612,549.0,63.0,0.11475409836065564,137,112.0,25.0,0.2232142857142858,16662147579.0,13193436097.0,0.26291190986923696,89722192.0,72434846.0,0.2386606302717893,positive,758750103
RS,2026-06-30,2026-03-31,689,654.0,35.0,0.05351681957186538,120,106.0,14.0,0.13207547169811318,14984590904.0,12620984352.0,0.18727592762013434,124406907.0,45139893.0,1.7560301704747063,positive,759509102
RSI,2026-06-30,2026-03-31,306,269.0,37.0,0.1375464684014871,62,46.0,16.0,0.34782608695652173,3703742560.0,2388791608.0,0.5504670008033619,131595043.0,112627105.0,0.16841361588757886,positive,782011100
RSSS,2026-06-30,2026-03-31,37,39.0,-2.0,-0.05128205128205132,0,0.0,0.0,,25373963.0,28638531.0,-0.1139921597235557,10965946.0,12737628.0,-0.13909041777637088,neutral,761025105
RSVR,2026-06-30,2026-03-31,83,80.0,3.0,0.03750000000000009,4,3.0,1.0,0.33333333333333326,171676861.0,167877256.0,0.022633232699490913,17375635.0,17164528.0,0.012299027389509387,positive,76119X105
RTX,2026-06-30,2026-03-31,3462,3490.0,-28.0,-0.008022922636103158,607,607.0,0.0,0.0,204479245444.0,203320050216.0,0.005701332587555896,1490308940.0,1079811000.0,0.3801572126974073,neutral,75513E101
RUBI,2026-06-30,2026-03-31,3,5.0,-2.0,-0.4,0,0.0,0.0,,207486.0,19820.0,9.468516649848638,38289.0,41427.0,-0.07574770077485693,neutral,Y1250N131
RUM,2026-06-30,2026-03-31,234,210.0,24.0,0.11428571428571432,6,7.0,-1.0,-0.1428571428571429,373438263.0,266598493.0,0.4007515901449601,72496079.0,61754817.0,0.17393399449309355,negative,78137L105
RUN,2026-06-30,2026-03-31,397,399.0,-2.0,-0.005012531328320802,46,47.0,-1.0,-0.021276595744680882,3445780602.0,3413164559.0,0.009555953847580012,274134490.0,266921194.0,0.027024066136913882,negative,86771W105
RVLV,2026-06-30,2026-03-31,208,206.0,2.0,0.009708737864077666,23,23.0,0.0,0.0,1006692587.0,1051542856.0,-0.04265186981594593,46281440.0,50467646.0,-0.08294831108231204,neutral,76156B107
RVMD,2026-06-30,2026-03-31,701,519.0,182.0,0.35067437379576116,183,126.0,57.0,0.45238095238095233,39698163003.0,20873474149.0,0.9018474222175348,270248155.0,231567778.0,0.16703695710203692,positive,76155X100
RVSB,2026-06-30,2026-03-31,88,86.0,2.0,0.023255813953488413,1,2.0,-1.0,-0.5,70281537.0,87399662.0,-0.1958603112217986,13134737.0,16143753.0,-0.18638887748096744,negative,769397100
RVSN,2026-06-30,2026-03-31,13,11.0,2.0,0.18181818181818188,0,0.0,0.0,,103240.0,258093.0,-0.5999891511974366,178632.0,160967.0,0.10974299079935634,neutral,M8186D205
RVT,2026-06-30,2026-03-31,207,201.0,6.0,0.029850746268656803,12,9.0,3.0,0.33333333333333326,674468122.0,588772905.0,0.14554884620582187,38873821.0,37670910.0,0.031932092959793046,positive,780910105
RVTY,2026-06-30,2026-03-31,543,504.0,39.0,0.07738095238095233,74,60.0,14.0,0.2333333333333334,10121309222.0,8626016349.0,0.17334686285093204,129796653.0,131494113.0,-0.012909018976385633,positive,714046109
RWAY,2026-06-30,2026-03-31,98,83.0,15.0,0.1807228915662651,2,2.0,0.0,0.0,115325945.0,240408886.0,-0.5202925028320293,20630957.0,35064395.0,-0.41162660870093437,neutral,78163D100
RWT,2026-06-30,2026-03-31,228,239.0,-11.0,-0.046025104602510414,9,12.0,-3.0,-0.25,422245209.0,517052947.0,-0.18336175927452936,94358294.0,97310158.0,-0.03033459261262328,negative,758075402
RXO,2026-06-30,2026-03-31,306,277.0,29.0,0.10469314079422376,50,32.0,18.0,0.5625,5067400951.0,2790659352.0,0.8158436096359496,187801711.0,191582844.0,-0.01973628181446141,positive,74982T103
RXST,2026-06-30,2026-03-31,152,164.0,-12.0,-0.07317073170731703,2,7.0,-5.0,-0.7142857142857143,200309029.0,240707097.0,-0.16783081389577803,42144569.0,40466003.0,0.04148089446837644,negative,78349D107
RXT,2026-06-30,2026-03-31,186,139.0,47.0,0.3381294964028776,15,1.0,14.0,14.0,1347247024.0,175472623.0,6.677818915375762,208537303.0,180088934.0,0.15796844574581126,positive,750102105
RY,2026-06-30,2026-03-31,2,2.0,0.0,0.0,1,1.0,0.0,0.0,38837962.0,31529374.0,0.23180250898733346,198413.0,206783.0,-0.040477215244966946,neutral,780087953
RYAN,2026-06-30,2026-03-31,368,364.0,4.0,0.01098901098901095,55,52.0,3.0,0.05769230769230771,4104716731.0,3636639620.0,0.1287114369061404,122824880.0,118349114.0,0.03781833128045209,positive,78351F107
RYET,2026-06-30,2026-03-31,7,6.0,1.0,0.16666666666666674,0,0.0,0.0,,71958.0,47982.0,0.4996873827685382,112800.0,53377.0,1.1132697603836856,neutral,G7710T105
RYM,2026-06-30,2026-03-31,16,14.0,2.0,0.1428571428571428,0,0.0,0.0,,4667807.0,2583318.0,0.8069037571061712,183194.0,146376.0,0.25153030551456523,neutral,00853E404
RYN,2026-06-30,2026-03-31,458,451.0,7.0,0.015521064301552201,62,58.0,4.0,0.06896551724137923,5197415182.0,4886316048.0,0.06366741957416666,292995584.0,278053682.0,0.05373747217632596,positive,754907103
RYOJ,2026-06-30,2026-03-31,3,3.0,0.0,0.0,0,0.0,0.0,,247.0,10067.0,-0.975464388596404,97.0,4400.0,-0.9779545454545454,neutral,J65729105
RYTM,2026-06-30,2026-03-31,307,286.0,21.0,0.07342657342657333,75,69.0,6.0,0.08695652173913038,8318666247.0,6889119177.0,0.2075079604911878,85097803.0,81084440.0,0.049496093208512004,positive,76243J105
RYZ,2026-06-30,2026-03-31,202,193.0,9.0,0.04663212435233155,27,21.0,6.0,0.2857142857142858,1221586051.0,1151567194.0,0.06080310151662771,51489119.0,51772670.0,-0.005476847147346309,positive,783754104
RZLT,2026-06-30,2026-03-31,145,126.0,19.0,0.1507936507936507,10,8.0,2.0,0.25,452956240.0,277005871.0,0.6351864253447539,87410464.0,90519819.0,-0.034349991353827214,positive,76200L309
RZLV,2026-06-30,2026-03-31,121,144.0,-23.0,-0.1597222222222222,2,1.0,1.0,1.0,91274849.0,126352638.0,-0.2776181768361654,33701677.0,50357112.0,-0.33074642962050727,positive,G75398100
S,2026-06-30,2026-03-31,488,457.0,31.0,0.06783369803063466,69,56.0,13.0,0.2321428571428572,4793103538.0,3638958063.0,0.3171637196743369,298073749.0,290546017.0,0.02590891480023294,positive,81730H109
SA,2026-06-30,2026-03-31,181,197.0,-16.0,-0.08121827411167515,20,22.0,-2.0,-0.09090909090909094,1139245787.0,1136766468.0,0.0021810275635258947,44547024.0,46950557.0,-0.05119285379298055,negative,811927102
SABR,2026-06-30,2026-03-31,253,244.0,9.0,0.03688524590163933,18,14.0,4.0,0.2857142857142858,822885131.0,514191589.0,0.6003473191779494,403861972.0,364953866.0,0.10661102573441439,positive,78573M104
SABS,2026-06-30,2026-03-31,88,76.0,12.0,0.1578947368421053,10,12.0,-2.0,-0.16666666666666663,267239311.0,369446113.0,-0.2766487409220624,68579349.0,96515881.0,-0.28945010614367184,negative,78397T202
SAFE,2026-06-30,2026-03-31,217,217.0,0.0,0.0,13,12.0,1.0,0.08333333333333326,699583988.0,636723234.0,0.0987253969124049,50607870.0,52501209.0,-0.03606276952593601,positive,78646V107
SAFX,2026-06-30,2026-03-31,56,58.0,-2.0,-0.03448275862068961,0,0.0,0.0,,5403538.0,5285705.0,0.022292768892702153,12252327.0,14515034.0,-0.15588713054340764,neutral,98400U103
SAGT,2026-06-30,2026-03-31,4,3.0,1.0,0.33333333333333326,0,0.0,0.0,,75795.0,56643.0,0.3381176844446798,60636.0,39643.0,0.529551244860379,neutral,G7779D108
SAH,2026-06-30,2026-03-31,238,226.0,12.0,0.053097345132743445,26,23.0,3.0,0.13043478260869557,1187406042.0,1013799788.0,0.17124313503999278,16235688.0,15100733.0,0.07515893433782317,positive,83545G102
SAIA,2026-06-30,2026-03-31,520,457.0,63.0,0.1378555798687089,109,92.0,17.0,0.1847826086956521,10520236716.0,9174915304.0,0.14663039030054903,41396198.0,29794131.0,0.3894077998113119,positive,78709Y105
SAIH,2026-06-30,2026-03-31,2,2.0,0.0,0.0,0,0.0,0.0,,11388.0,2932.0,2.8840381991814463,992.0,335.0,1.9611940298507462,neutral,G7852T202
SAIL,2026-06-30,2026-03-31,240,219.0,21.0,0.09589041095890405,32,25.0,7.0,0.28,8399889263.0,7383101585.0,0.1377182294316217,580030199.0,560978276.0,0.03396196219191916,positive,78781J109
SAM,2026-06-30,2026-03-31,333,371.0,-38.0,-0.10242587601078168,33,39.0,-6.0,-0.15384615384615385,1496555177.0,1852955360.0,-0.19234148360703085,10293258.0,8280245.0,0.24311031859564536,negative,100557107
SANA,2026-06-30,2026-03-31,213,203.0,10.0,0.049261083743842304,11,9.0,2.0,0.22222222222222232,652319263.0,499432516.0,0.3061209314613389,188099046.0,174116391.0,0.08030636816955394,positive,799566104
SANG,2026-06-30,2026-03-31,22,22.0,0.0,0.0,1,1.0,0.0,0.0,28301513.0,26771543.0,0.05714911538718548,7797686.0,7181902.0,0.0857410752750456,neutral,80100R408
SANM,2026-06-30,2026-03-31,575,462.0,113.0,0.2445887445887447,96,61.0,35.0,0.5737704918032787,12506406425.0,7125781028.0,0.7550927225882194,66016042.0,55944480.0,0.18002780613922953,positive,801056102
SAP,2026-06-30,2026-03-31,10,9.0,1.0,0.11111111111111116,2,2.0,0.0,0.0,29122788.0,36988221.0,-0.21264696671948613,222489.0,254815.0,-0.12686066361870374,neutral,D66992104
SARO,2026-06-30,2026-03-31,365,328.0,37.0,0.11280487804878048,78,64.0,14.0,0.21875,9041054957.0,7536878529.0,0.19957551686846342,369161836.0,350507271.0,0.053221620615111265,positive,85423L103
SATL,2026-06-30,2026-03-31,200,153.0,47.0,0.30718954248366015,17,8.0,9.0,1.125,610371023.0,438824808.0,0.39092187103514897,112754738.0,84751487.0,0.3304160433196883,positive,80401C100
SB,2026-06-30,2026-03-31,161,148.0,13.0,0.08783783783783794,6,8.0,-2.0,-0.25,227144096.0,240609399.0,-0.05596332917983804,39369295.0,40956188.0,-0.03874611084410495,negative,Y7388L103
SBAC,2026-06-30,2026-03-31,686,670.0,16.0,0.023880597014925398,127,123.0,4.0,0.03252032520325199,18059935830.0,18322772243.0,-0.014344795073268135,132923015.0,111644222.0,0.19059466418244186,positive,78410G104
SBET,2026-06-30,2026-03-31,164,162.0,2.0,0.012345679012345734,13,16.0,-3.0,-0.1875,536328145.0,604981163.0,-0.11347959605810076,110224612.0,94787522.0,0.16285993846320834,negative,820014405
SBFM,2026-06-30,2026-03-31,12,12.0,0.0,0.0,0,0.0,0.0,,33192.0,128882.0,-0.742462097112087,80477.0,146088.0,-0.4491197086687476,neutral,867781809
SBGI,2026-06-30,2026-03-31,180,169.0,11.0,0.06508875739644981,16,14.0,2.0,0.1428571428571428,472851777.0,424978053.0,0.11264987371006652,34040315.0,33098735.0,0.028447612877048112,positive,829242106
SBLK,2026-06-30,2026-03-31,204,191.0,13.0,0.0680628272251309,28,25.0,3.0,0.1200000000000001,980674983.0,842842332.0,0.16353313753585885,40573959.0,38683861.0,0.048860117659920155,positive,Y8162K204
SBR,2026-06-30,2026-03-31,31,40.0,-9.0,-0.22499999999999998,0,0.0,0.0,,20920510.0,24683044.0,-0.1524339542562092,285810.0,327560.0,-0.12745756502625472,neutral,785688102
SBRA,2026-06-30,2026-03-31,465,462.0,3.0,0.006493506493506551,66,66.0,0.0,0.0,5153466940.0,5222475551.0,-0.013213773875262347,275545184.0,278080528.0,-0.009117301445860315,neutral,78573L106
SBSI,2026-06-30,2026-03-31,196,184.0,12.0,0.0652173913043479,12,11.0,1.0,0.09090909090909083,610694915.0,571918264.0,0.06780103633829748,18481381.0,18538016.0,-0.0030550734231753474,positive,84470P109
SBSW,2026-06-30,2026-03-31,258,272.0,-14.0,-0.05147058823529416,27,32.0,-5.0,-0.15625,1101874617.0,1569813897.0,-0.29808583099834796,131322458.0,139974668.0,-0.06181268456375266,negative,82575P107
SBUX,2026-06-30,2026-03-31,2392,2346.0,46.0,0.019607843137254832,326,301.0,25.0,0.0830564784053156,99481979460.0,91688948729.0,0.0849942205579588,1174607035.0,1050652336.0,0.1179787973174029,positive,855244109
SBXD,2026-06-30,2026-03-31,56,55.0,1.0,0.018181818181818077,9,9.0,0.0,0.0,238301855.0,217010234.0,0.09811344196790284,27957655.0,26316582.0,0.06235889599948807,neutral,G81354105
SCCO,2026-06-30,2026-03-31,864,833.0,31.0,0.037214885954381716,124,121.0,3.0,0.024793388429751984,12610948734.0,12248556966.0,0.029586486718879756,100916983.0,78551566.0,0.2847227386911675,positive,84265V105
SCHL,2026-06-30,2026-03-31,227,210.0,17.0,0.08095238095238089,24,19.0,5.0,0.26315789473684204,801031538.0,760097328.0,0.05385390593032047,18843223.0,20049165.0,-0.06014923813535378,positive,807066105
SCHW,2026-06-30,2026-03-31,2315,2339.0,-24.0,-0.010260795211628926,476,484.0,-8.0,-0.016528925619834656,128945799046.0,138677028217.0,-0.0701718900103101,1763327570.0,1543567143.0,0.142371796391626,negative,808513105
SCKT,2026-06-30,2026-03-31,20,21.0,-1.0,-0.04761904761904767,0,0.0,0.0,,312614.0,382538.0,-0.1827896836392724,553997.0,485921.0,0.14009684701834257,neutral,83368E200
SCL,2026-06-30,2026-03-31,231,224.0,7.0,0.03125,21,21.0,0.0,0.0,1110534099.0,1040320924.0,0.06749184158483779,21771120.0,21383669.0,0.018119014094353902,neutral,858586100
SCLX,2026-06-30,2026-03-31,77,77.0,0.0,0.0,0,0.0,0.0,,5330090.0,7575433.0,-0.29639797487483555,833021.0,1269387.0,-0.34376120127274035,neutral,80880W205
SCOR,2026-06-30,2026-03-31,29,26.0,3.0,0.11538461538461542,1,1.0,0.0,0.0,41865529.0,35938760.0,0.1649130075717693,5778106.0,5272846.0,0.09582301474384036,neutral,20564W204
SCSC,2026-06-30,2026-03-31,214,202.0,12.0,0.05940594059405946,23,15.0,8.0,0.5333333333333334,1087115569.0,776365841.0,0.40026197906870564,23547910.0,23031705.0,0.022412800094478547,positive,806037107
SCWO,2026-06-30,2026-03-31,44,47.0,-3.0,-0.06382978723404253,0,0.0,0.0,,3319865.0,5760609.0,-0.4236954808076715,1783916.0,2064335.0,-0.135839870951178,neutral,88583P203
SCYX,2026-06-30,2026-03-31,39,46.0,-7.0,-0.15217391304347827,0,0.0,0.0,,20476539.0,30060056.0,-0.31881234685657267,5147743.0,33598952.0,-0.8467885843582263,neutral,811292309
SD,2026-06-30,2026-03-31,168,172.0,-4.0,-0.023255813953488413,11,12.0,-1.0,-0.08333333333333337,411565978.0,497259236.0,-0.17233115404617638,30623436.0,31018501.0,-0.012736431073829158,negative,80007P869
SDA,2026-06-30,2026-03-31,22,29.0,-7.0,-0.24137931034482762,0,0.0,0.0,,659144.0,1409322.0,-0.5322970903739528,1800069.0,1969772.0,-0.08615362590188103,neutral,G85727116
SDGR,2026-06-30,2026-03-31,234,228.0,6.0,0.026315789473684292,19,15.0,4.0,0.2666666666666666,1052578704.0,769217071.0,0.36837668284145497,66713733.0,69172397.0,-0.035544004641042015,positive,80810D103
SDHC,2026-06-30,2026-03-31,64,58.0,6.0,0.10344827586206895,4,4.0,0.0,0.0,115526727.0,111209582.0,0.03881990132828661,7477228.0,8748310.0,-0.14529457689542324,neutral,83207R107
SDOT,2026-06-30,2026-03-31,6,8.0,-2.0,-0.25,0,0.0,0.0,,55864.0,63886.0,-0.12556741696146256,1592.0,41484.0,-0.9616237585575161,neutral,627333503
SDRL,2026-06-30,2026-03-31,240,245.0,-5.0,-0.020408163265306145,42,45.0,-3.0,-0.06666666666666665,2289514630.0,2936222003.0,-0.22025152469372056,64407638.0,66581650.0,-0.032651819232476176,negative,G7997W102
SDST,2026-06-30,2026-03-31,21,17.0,4.0,0.23529411764705888,0,0.0,0.0,,1130359.0,1632076.0,-0.30741031667642926,751385.0,715892.0,0.04957870740279269,neutral,854936200
SEAT,2026-06-30,2026-03-31,76,78.0,-2.0,-0.02564102564102566,2,2.0,0.0,0.0,68957907.0,54710947.0,0.2604041929670857,11298068.0,9760924.0,0.1574793533890848,neutral,92854T209
SEDG,2026-06-30,2026-03-31,349,329.0,20.0,0.0607902735562309,54,55.0,-1.0,-0.018181818181818188,3194663573.0,3002014266.0,0.06417334826882537,64139441.0,62702348.0,0.022919285255474042,negative,83417M104
SEED,2026-06-30,2026-03-31,15,13.0,2.0,0.15384615384615374,0,0.0,0.0,,140666.0,137727.0,0.021339316183464296,133793.0,106765.0,0.25315412354235933,neutral,G67828205
SEER,2026-06-30,2026-03-31,59,58.0,1.0,0.01724137931034475,0,0.0,0.0,,30610117.0,35426309.0,-0.13594958481280117,20657681.0,23332992.0,-0.11465786299502434,neutral,81578P106
SEG,2026-06-30,2026-03-31,119,118.0,1.0,0.008474576271186418,7,6.0,1.0,0.16666666666666674,315577885.0,237463180.0,0.32895501946870254,12092150.0,11050704.0,0.09424250255911293,positive,812215200
SELF,2026-06-30,2026-03-31,52,56.0,-4.0,-0.0714285714285714,0,0.0,0.0,,17646897.0,18819286.0,-0.06229720936277816,3388383.0,3723926.0,-0.09010463688053949,neutral,37955N106
SENEA,2026-06-30,2026-03-31,223,200.0,23.0,0.11499999999999999,14,10.0,4.0,0.3999999999999999,695700149.0,569282097.0,0.22206574326892992,5067460.0,3978392.0,0.27374577467479333,positive,817070501
SENEB,2026-06-30,2026-03-31,12,10.0,2.0,0.19999999999999996,1,0.0,1.0,,14348755.0,13986773.0,0.02588030848859857,83096.0,94229.0,-0.11814834074435687,positive,817070105
SENS,2026-06-30,2026-03-31,110,85.0,25.0,0.2941176470588236,3,2.0,1.0,0.5,120620496.0,69013901.0,0.7477710178997128,21302739.0,10382425.0,1.051807646094241,positive,81727U303
SEPN,2026-06-30,2026-03-31,156,124.0,32.0,0.25806451612903225,22,19.0,3.0,0.1578947368421053,1591328860.0,1152601063.0,0.3806414995471854,47989449.0,48049839.0,-0.001256820028054606,positive,81734D104
SERA,2026-06-30,2026-03-31,47,57.0,-10.0,-0.17543859649122806,1,1.0,0.0,0.0,31044903.0,46263456.0,-0.3289540885142692,17056645.0,22899848.0,-0.25516339671774235,neutral,81749D107
SES,2026-06-30,2026-03-31,133,141.0,-8.0,-0.05673758865248224,2,1.0,1.0,1.0,100562942.0,79091714.0,0.2714725337726276,92584012.0,83492262.0,0.10889332474906488,positive,78397Q109
SEVN,2026-06-30,2026-03-31,96,91.0,5.0,0.05494505494505497,1,1.0,0.0,0.0,64275942.0,60921114.0,0.05506839549913689,7932052.0,7611502.0,0.04211389552285483,neutral,81784E101
SEZL,2026-06-30,2026-03-31,325,222.0,103.0,0.4639639639639639,34,14.0,20.0,1.4285714285714284,2382209000.0,842502060.0,1.8275408608496457,18436110.0,14171083.0,0.30096690563452344,positive,78435P105
SFBS,2026-06-30,2026-03-31,357,347.0,10.0,0.028818443804034644,43,40.0,3.0,0.07499999999999996,3487183083.0,3082394834.0,0.131322647097325,46382995.0,42634135.0,0.08793095016469787,positive,81768T108
SFD,2026-06-30,2026-03-31,286,246.0,40.0,0.16260162601626016,30,36.0,-6.0,-0.16666666666666663,1128967393.0,1208330074.0,-0.06567963730082582,54760239.0,48326669.0,0.1331267007043253,negative,832248207
SFIX,2026-06-30,2026-03-31,188,192.0,-4.0,-0.02083333333333337,12,9.0,3.0,0.33333333333333326,434555015.0,374974369.0,0.15889258286877728,106277789.0,114668732.0,-0.0731755104783055,positive,860897107
SFL,2026-06-30,2026-03-31,227,218.0,9.0,0.041284403669724856,15,12.0,3.0,0.25,580002094.0,541518707.0,0.07106566495772038,58657280.0,51037863.0,0.14928949905288946,positive,G7738W106
SFST,2026-06-30,2026-03-31,166,150.0,16.0,0.10666666666666669,10,7.0,3.0,0.4285714285714286,469203637.0,356135806.0,0.31748515340240746,8607108.0,7537084.0,0.14196790164472106,positive,842873101
SG,2026-06-30,2026-03-31,235,231.0,4.0,0.017316017316017396,20,15.0,5.0,0.33333333333333326,852160630.0,509460777.0,0.6726717118794014,98687103.0,99940888.0,-0.012545265757494595,positive,87043Q108
SGA,2026-06-30,2026-03-31,29,29.0,0.0,0.0,1,2.0,-1.0,-0.5,30825366.0,42328812.0,-0.2717639701298491,3410791.0,3616763.0,-0.05694926651262466,negative,786598300
SGHC,2026-06-30,2026-03-31,196,200.0,-4.0,-0.020000000000000018,27,26.0,1.0,0.03846153846153855,1620550058.0,1075064000.0,0.5073986832411839,121147642.0,102448973.0,0.18251690038903567,positive,G8588X103
SGHT,2026-06-30,2026-03-31,115,114.0,1.0,0.00877192982456143,2,3.0,-1.0,-0.33333333333333337,114834638.0,87318478.0,0.3151241367262494,22451740.0,24029240.0,-0.06564918407739906,negative,82657M105
SGI,2026-06-30,2026-03-31,542,531.0,11.0,0.020715630885122405,114,103.0,11.0,0.10679611650485432,17482866044.0,16151208915.0,0.08244937800063123,243966392.0,221586943.0,0.10099624416949515,positive,88023U101
SGML,2026-06-30,2026-03-31,120,94.0,26.0,0.27659574468085113,11,10.0,1.0,0.10000000000000009,424762722.0,347201009.0,0.2233913813309223,36968707.0,35539816.0,0.040205357281534626,positive,826599102
SGRP,2026-06-30,2026-03-31,18,17.0,1.0,0.05882352941176472,0,0.0,0.0,,1903558.0,1474085.0,0.29134887065535575,2303911.0,2357548.0,-0.022751180463770004,neutral,784933103
SGRY,2026-06-30,2026-03-31,189,182.0,7.0,0.03846153846153855,33,25.0,8.0,0.32000000000000006,2567855786.0,2073027987.0,0.23869807938101895,160770981.0,176270372.0,-0.08792964367261902,positive,86881A100
SHAK,2026-06-30,2026-03-31,340,372.0,-32.0,-0.08602150537634412,37,54.0,-17.0,-0.31481481481481477,2013951583.0,3862708274.0,-0.4786167009929365,39997137.0,45985385.0,-0.13022067772184576,negative,819047101
SHBI,2026-06-30,2026-03-31,178,163.0,15.0,0.09202453987730053,14,11.0,3.0,0.2727272727272727,512663446.0,447473866.0,0.14568354702529152,22934631.0,24573715.0,-0.06670070032146136,positive,825107105
SHC,2026-06-30,2026-03-31,322,300.0,22.0,0.07333333333333325,52,41.0,11.0,0.2682926829268293,5050247103.0,4162703891.0,0.21321315069249058,305778980.0,303442322.0,0.00770050131635891,positive,83601L102
SHFS,2026-06-30,2026-03-31,15,12.0,3.0,0.25,0,0.0,0.0,,85546.0,256739.0,-0.6667977985424887,1008921.0,617099.0,0.6349418812864711,neutral,824430300
SHIM,2026-06-30,2026-03-31,54,23.0,31.0,1.347826086956522,0,0.0,0.0,,26405078.0,8321383.0,2.173159798076834,5809505.0,2284058.0,1.54350152229059,neutral,82455M109
SHLS,2026-06-30,2026-03-31,273,268.0,5.0,0.018656716417910557,34,27.0,7.0,0.2592592592592593,1439825213.0,1061851198.0,0.3559576103618993,179511939.0,189985464.0,-0.05512803337417438,positive,82489W107
SHMD,2026-06-30,2026-03-31,50,38.0,12.0,0.3157894736842106,0,0.0,0.0,,48183499.0,23349307.0,1.0635943927586373,10012606.0,6872754.0,0.45685499582845535,neutral,N68722102
SHOP,2026-06-30,2026-03-31,1712,1739.0,-27.0,-0.01552616446233468,313,313.0,0.0,0.0,91604371591.0,100468801615.0,-0.08823067341809065,843709111.0,879224253.0,-0.040393724216340465,neutral,82509L107
SHW,2026-06-30,2026-03-31,1745,1704.0,41.0,0.02406103286384975,347,340.0,7.0,0.020588235294117574,68028057155.0,66604987113.0,0.02136581814190075,338303028.0,214783480.0,0.575088680004626,positive,824348106
SI,2026-06-30,2026-03-31,74,58.0,16.0,0.27586206896551735,2,2.0,0.0,0.0,168570072.0,118313071.0,0.4247797861658076,8309490.0,8130426.0,0.02202393822906701,neutral,82537J108
SIBN,2026-06-30,2026-03-31,169,180.0,-11.0,-0.061111111111111116,20,17.0,3.0,0.17647058823529416,788608281.0,575799888.0,0.3695874164532662,49582489.0,46270938.0,0.07156870258389825,positive,825704109
SIDU,2026-06-30,2026-03-31,115,61.0,54.0,0.8852459016393444,2,1.0,1.0,1.0,80266305.0,27292758.0,1.9409378487875797,29233876.0,12161392.0,1.4038264698646339,positive,826165201
SIGA,2026-06-30,2026-03-31,162,183.0,-21.0,-0.11475409836065575,1,4.0,-3.0,-0.75,128452925.0,189408843.0,-0.3218219225382206,35822112.0,36529659.0,-0.01936911045350853,negative,826917106
SII,2026-06-30,2026-03-31,266,282.0,-16.0,-0.05673758865248224,37,38.0,-1.0,-0.02631578947368418,1961163610.0,2564629535.0,-0.23530335152285453,17689318.0,18315674.0,-0.034197813304604585,negative,852066208
SILC,2026-06-30,2026-03-31,51,31.0,20.0,0.6451612903225807,2,1.0,1.0,1.0,111492455.0,34603576.0,2.221992287733499,2461259.0,1729503.0,0.42310189690333,positive,M84116108
SILO,2026-06-30,2026-03-31,9,15.0,-6.0,-0.4,0,0.0,0.0,,654877.0,383823.0,0.7061953035644033,143090.0,1067037.0,-0.8658996829538245,neutral,82711P300
SIMA,2026-06-30,2026-03-31,37,52.0,-15.0,-0.28846153846153844,0,8.0,-8.0,-1.0,6066854.0,227810146.0,-0.9733688156277289,8768713.0,29653644.0,-0.7042956002304472,negative,G8431T119
SINT,2026-06-30,2026-03-31,20,21.0,-1.0,-0.04761904761904767,0,0.0,0.0,,2285936.0,606214.0,2.7708400003959,1595653.0,243928.0,5.5414917516644255,neutral,829392703
SION,2026-06-30,2026-03-31,149,122.0,27.0,0.22131147540983598,28,24.0,4.0,0.16666666666666674,2102963034.0,1876470525.0,0.12070134115216113,49064760.0,47689835.0,0.02883056735256062,positive,829401108
SITC,2026-06-30,2026-03-31,182,186.0,-4.0,-0.021505376344086002,5,10.0,-5.0,-0.5,214239647.0,297234966.0,-0.279224615182051,57114215.0,58647538.0,-0.0261447121616597,negative,82981J851
SITE,2026-06-30,2026-03-31,396,426.0,-30.0,-0.07042253521126762,76,81.0,-5.0,-0.06172839506172845,4652328871.0,6001264938.0,-0.22477529003236285,53927834.0,52671855.0,0.023845353462489616,negative,82982L103
SITM,2026-06-30,2026-03-31,569,426.0,143.0,0.335680751173709,134,75.0,59.0,0.7866666666666666,15844094016.0,8050632004.0,0.968055925066228,41691737.0,24526235.0,0.699883288242162,positive,82982T106
SJ,2026-06-30,2026-03-31,10,8.0,2.0,0.25,0,0.0,0.0,,193846.0,297132.0,-0.3476098165125264,273986.0,235819.0,0.1618487059990925,neutral,G7864D112
SKE,2026-06-30,2026-03-31,1,1.0,0.0,0.0,0,0.0,0.0,,772972.0,861286.0,-0.10253736853960238,29012.0,29012.0,0.0,neutral,83056P913
SKIL,2026-06-30,2026-03-31,65,70.0,-5.0,-0.0714285714285714,1,1.0,0.0,0.0,28461552.0,27530248.0,0.033828391229893784,5509411.0,6367273.0,-0.13472989143075853,neutral,83066P200
SKIN,2026-06-30,2026-03-31,97,116.0,-19.0,-0.1637931034482759,1,3.0,-2.0,-0.6666666666666667,46759797.0,77746222.0,-0.39855859491153156,67513611.0,87440959.0,-0.2278948930557818,negative,88331L108
SKK,2026-06-30,2026-03-31,4,6.0,-2.0,-0.33333333333333337,0,0.0,0.0,,58091.0,26650.0,1.1797748592870545,16407.0,116953.0,-0.8597128761126265,neutral,G8292E110
SKM,2026-06-30,2026-03-31,300,248.0,52.0,0.20967741935483875,26,20.0,6.0,0.30000000000000004,1346279135.0,991191334.0,0.35824344787905504,43737487.0,34818776.0,0.2561465974564987,positive,78440P306
SKT,2026-06-30,2026-03-31,359,346.0,13.0,0.037572254335260125,46,41.0,5.0,0.12195121951219523,4297066617.0,3717830656.0,0.15579944720322403,116092582.0,112029516.0,0.03626781713490579,positive,875465106
SKY,2026-06-30,2026-03-31,373,341.0,32.0,0.09384164222873892,68,62.0,6.0,0.09677419354838701,5283037301.0,4517124149.0,0.16955769350938854,67260476.0,62404146.0,0.07782063069976153,positive,830830105
SKYH,2026-06-30,2026-03-31,90,82.0,8.0,0.09756097560975618,3,3.0,0.0,0.0,109025262.0,99236588.0,0.09863976782434314,11850164.0,11119819.0,0.06567957625928988,neutral,83085C107
SKYQ,2026-06-30,2026-03-31,17,15.0,2.0,0.1333333333333333,0,0.0,0.0,,636731.0,968526.0,-0.342577277223327,175061.0,395395.0,-0.5572503445921168,neutral,83087C303
SKYW,2026-06-30,2026-03-31,353,357.0,-4.0,-0.011204481792717047,49,50.0,-1.0,-0.020000000000000018,3646448105.0,3511273315.0,0.03849737057566527,38381839.0,38810990.0,-0.01105746078623604,negative,830879102
SKYX,2026-06-30,2026-03-31,86,103.0,-17.0,-0.16504854368932043,0,0.0,0.0,,25563863.0,35878553.0,-0.2874890188575888,22988936.0,31926649.0,-0.2799452269481836,neutral,78471E105
SLAB,2026-06-30,2026-03-31,355,379.0,-24.0,-0.0633245382585752,66,76.0,-10.0,-0.13157894736842102,6868069366.0,6447961351.0,0.06515361866039204,40064044.0,31829206.0,0.2587195546128296,negative,826919102
SLB,2026-06-30,2026-03-31,1697,1703.0,-6.0,-0.0035231943628890594,315,308.0,7.0,0.022727272727272707,62363586728.0,70427912874.0,-0.11450468737342234,1567621179.0,1465755206.0,0.06949726160481395,positive,806857108
SLDB,2026-06-30,2026-03-31,159,151.0,8.0,0.052980132450331174,22,19.0,3.0,0.1578947368421053,1146420711.0,853343539.0,0.34344570340738234,114886331.0,118861995.0,-0.033447730706522294,positive,83422E204
SLDP,2026-06-30,2026-03-31,193,194.0,-1.0,-0.005154639175257714,5,9.0,-4.0,-0.4444444444444444,211977621.0,305486347.0,-0.3060978892127051,82483731.0,102000386.0,-0.19133903081504022,negative,83422N105
SLE,2026-06-30,2026-03-31,17,14.0,3.0,0.2142857142857142,0,0.0,0.0,,245473.0,631078.0,-0.6110258953726797,82651.0,170394.0,-0.5149418406751411,neutral,86804F509
SLF,2026-06-30,2026-03-31,497,453.0,44.0,0.09713024282560712,99,94.0,5.0,0.05319148936170204,19839776940.0,16418367503.0,0.20838913712796558,254824964.0,268129422.0,-0.04961953783647066,positive,866796105
SLG,2026-06-30,2026-03-31,1,1.0,0.0,0.0,0,0.0,0.0,,74.0,74.0,0.0,1.0,1.0,0.0,neutral,78440X804
SLGL,2026-06-30,2026-03-31,24,21.0,3.0,0.1428571428571428,4,3.0,1.0,0.33333333333333326,98759889.0,99701110.0,-0.009440426490738174,1338323.0,1261745.0,0.060692136683719866,positive,M8694L137
SLM,2026-06-30,2026-03-31,392,374.0,18.0,0.048128342245989275,55,53.0,2.0,0.037735849056603765,5067267017.0,4324674328.0,0.17171066135364255,217541374.0,214442687.0,0.014449954173536339,positive,78442P106
SLMT,2026-06-30,2026-03-31,20,29.0,-9.0,-0.31034482758620685,0,0.0,0.0,,11677966.0,24205166.0,-0.5175424122272081,2318821.0,31261211.0,-0.9258243386668545,neutral,G13311132
SLN,2026-06-30,2026-03-31,72,56.0,16.0,0.2857142857142858,6,4.0,2.0,0.5,252577990.0,101329386.0,1.4926430522336336,23584105.0,20070004.0,0.17509219230848183,positive,82686Q101
SLNG,2026-06-30,2026-03-31,20,20.0,0.0,0.0,0,0.0,0.0,,2846217.0,4076696.0,-0.30183241526962035,937024.0,1138226.0,-0.1767680583645076,neutral,85236P101
SLNH,2026-06-30,2026-03-31,103,44.0,59.0,1.3409090909090908,2,0.0,2.0,,68041784.0,7717747.0,7.816275527041764,44579405.0,10924540.0,3.080666554381237,positive,583543301
SLP,2026-06-30,2026-03-31,171,161.0,10.0,0.06211180124223592,4,5.0,-1.0,-0.19999999999999996,307480985.0,209498635.0,0.4676992286847119,17165065.0,17701741.0,-0.030317695869575778,negative,829214105
SLQT,2026-06-30,2026-03-31,157,152.0,5.0,0.03289473684210531,0,0.0,0.0,,53320523.0,48221208.0,0.10574838772185058,65417137.0,77394194.0,-0.15475394704672552,neutral,816307300
SLSN,2026-06-30,2026-03-31,46,49.0,-3.0,-0.061224489795918324,0,0.0,0.0,,2316490.0,4329512.0,-0.4649535559665847,3164074.0,4542097.0,-0.3033891614379878,neutral,630079101
SLVM,2026-06-30,2026-03-31,334,325.0,9.0,0.027692307692307683,26,30.0,-4.0,-0.1333333333333333,1449565481.0,1670753892.0,-0.1323883859011833,41912370.0,41592773.0,0.007683955094794914,negative,871332102
SLXN,2026-06-30,2026-03-31,21,22.0,-1.0,-0.045454545454545414,0,0.0,0.0,,94194.0,101125.0,-0.06853893695920887,2362699.0,2152581.0,0.09761212237774086,neutral,G1281K114
SM,2026-06-30,2026-03-31,500,515.0,-15.0,-0.029126213592232997,72,75.0,-3.0,-0.040000000000000036,6047952383.0,7395988743.0,-0.1822658750360946,241654436.0,239722490.0,0.008059093662843297,negative,78454L100
SMBC,2026-06-30,2026-03-31,152,148.0,4.0,0.027027027027026973,10,10.0,0.0,0.0,493005859.0,424277517.0,0.16198912090833217,7225842.0,6831985.0,0.05764898488506631,neutral,843380106
SMBK,2026-06-30,2026-03-31,186,175.0,11.0,0.06285714285714294,10,9.0,1.0,0.11111111111111116,512687825.0,441306493.0,0.16175001531192068,11599633.0,11848045.0,-0.020966497004358153,positive,83190L208
SMC,2026-06-30,2026-03-31,75,73.0,2.0,0.027397260273972712,4,4.0,0.0,0.0,164360800.0,182921579.0,-0.10146850416155662,5774677.0,6108323.0,-0.05462153851392604,neutral,86614G101
SMCI,2026-06-30,2026-03-31,802,711.0,91.0,0.12798874824191286,131,78.0,53.0,0.6794871794871795,17060864708.0,8465624061.0,1.015310931015367,554913710.0,377449474.0,0.470166865300758,positive,86800U302
SMG,2026-06-30,2026-03-31,464,442.0,22.0,0.04977375565610864,50,51.0,-1.0,-0.019607843137254943,3443203259.0,3003123306.0,0.14654075379480935,54670746.0,49885684.0,0.0959205450605829,negative,810186106
SMID,2026-06-30,2026-03-31,58,57.0,1.0,0.01754385964912286,1,2.0,-1.0,-0.5,86855830.0,106507316.0,-0.18450832053640331,3034269.0,3312382.0,-0.08396163244456711,negative,832156103
SMMT,2026-06-30,2026-03-31,248,224.0,24.0,0.1071428571428572,32,27.0,5.0,0.18518518518518512,1933382628.0,2213213129.0,-0.12643630987605625,136997792.0,125080608.0,0.09527603191695388,positive,86627T108
SMPL,2026-06-30,2026-03-31,301,278.0,23.0,0.08273381294964022,24,27.0,-3.0,-0.11111111111111116,1072160312.0,1302936401.0,-0.17711999513013832,89015381.0,97763671.0,-0.08948405793804526,negative,82900L102
SMRT,2026-06-30,2026-03-31,132,124.0,8.0,0.06451612903225801,2,4.0,-2.0,-0.5,150853728.0,217601203.0,-0.30674221502350796,127485308.0,146308568.0,-0.1286545296513325,negative,83193G107
SMSI,2026-06-30,2026-03-31,18,22.0,-4.0,-0.18181818181818177,0,0.0,0.0,,1048973.0,1354620.0,-0.225633018853996,436400.0,1894366.0,-0.7696326897758934,neutral,832154504
SMTC,2026-06-30,2026-03-31,577,438.0,139.0,0.317351598173516,141,85.0,56.0,0.6588235294117648,14457380905.0,8418187653.0,0.7173982691925149,138411240.0,111919334.0,0.23670535780707924,positive,816850101
SMTI,2026-06-30,2026-03-31,77,66.0,11.0,0.16666666666666674,0,0.0,0.0,,41532603.0,28116847.0,0.4771429741037465,1798102.0,1664743.0,0.08010786049258045,neutral,79957L100
SMTK,2026-06-30,2026-03-31,12,10.0,2.0,0.19999999999999996,0,0.0,0.0,,344894.0,295572.0,0.16686966289093697,1494508.0,1358847.0,0.09983537513789265,neutral,83193D203
SMWB,2026-06-30,2026-03-31,71,82.0,-11.0,-0.13414634146341464,7,3.0,4.0,1.3333333333333335,315228390.0,149489761.0,1.1086955246386405,51523575.0,55638690.0,-0.07396139269274671,positive,M84137104
SMXT,2026-06-30,2026-03-31,19,20.0,-1.0,-0.050000000000000044,0,0.0,0.0,,603923.0,1856932.0,-0.6747737666215026,1793885.0,2648684.0,-0.3227259272906847,neutral,83419H103
SNA,2026-06-30,2026-03-31,1066,1052.0,14.0,0.013307984790874583,166,150.0,16.0,0.10666666666666669,20261755857.0,18665005029.0,0.08554783808089583,86265551.0,53337935.0,0.6173395351732309,positive,833034101
SNAL,2026-06-30,2026-03-31,15,10.0,5.0,0.5,0,0.0,0.0,,689178.0,299747.0,1.2991989911492023,1108622.0,586592.0,0.8899371283617914,neutral,83301J100
SNAP,2026-06-30,2026-03-31,536,550.0,-14.0,-0.025454545454545507,45,42.0,3.0,0.0714285714285714,2743837698.0,3033996134.0,-0.09563573029918704,649068095.0,697794713.0,-0.06982944566964644,positive,83304A106
SND,2026-06-30,2026-03-31,92,84.0,8.0,0.09523809523809534,2,2.0,0.0,0.0,92205156.0,90689326.0,0.016714535953216814,19944471.0,18885008.0,0.056100744039928374,neutral,83191H107
SNDA,2026-06-30,2026-03-31,231,231.0,0.0,0.0,24,9.0,15.0,1.6666666666666665,1535498728.0,853140358.0,0.7998195884199397,37831307.0,26474910.0,0.4289494090820327,positive,140475203
SNDK,2026-06-30,2026-03-31,1824,1186.0,638.0,0.5379426644182124,454,274.0,180.0,0.6569343065693432,245955339760.0,75664974632.0,2.2505837867020353,493636288.0,123858083.0,2.9854991781198486,positive,80004C200
SNDL,2026-06-30,2026-03-31,108,111.0,-3.0,-0.027027027027026973,2,2.0,0.0,0.0,65644917.0,70283308.0,-0.06599562729745168,48926230.0,54410641.0,-0.10079666218231098,neutral,83307B101
SNDR,2026-06-30,2026-03-31,341,297.0,44.0,0.14814814814814814,43,30.0,13.0,0.43333333333333335,2537383371.0,1879994156.0,0.3496762013338939,73693203.0,73277567.0,0.005672076967293327,positive,80689H102
SNDX,2026-06-30,2026-03-31,243,247.0,-4.0,-0.01619433198380571,48,47.0,1.0,0.02127659574468077,2413232896.0,2503475523.0,-0.036046938015139474,113049444.0,108433010.0,0.04257406485349802,positive,87164F105
SNES,2026-06-30,2026-03-31,17,15.0,2.0,0.1333333333333333,0,0.0,0.0,,726306.0,1085259.0,-0.3307533040500009,491562.0,664367.0,-0.2601047312705177,neutral,81720R604
SNEX,2026-06-30,2026-03-31,473,390.0,83.0,0.21282051282051273,78,63.0,15.0,0.23809523809523814,7162480441.0,4968627781.0,0.44154095591327613,78110419.0,71964217.0,0.08540636244260114,positive,861896108
SNGX,2026-06-30,2026-03-31,18,15.0,3.0,0.19999999999999996,0,0.0,0.0,,346792.0,376360.0,-0.0785630779041343,936546.0,318971.0,1.936147800270244,neutral,834223604
SNN,2026-06-30,2026-03-31,2,2.0,0.0,0.0,0,0.0,0.0,,1419867.0,4729001.0,-0.6997532882737814,98231.0,515331.0,-0.8093827074249366,neutral,000922320
SNOA,2026-06-30,2026-03-31,14,17.0,-3.0,-0.17647058823529416,0,0.0,0.0,,136262.0,183717.0,-0.25830489285150526,110782.0,86256.0,0.2843396401409757,neutral,83558L303
SNOW,2026-06-30,2026-03-31,0,1.0,-1.0,-1.0,0,0.0,0.0,,0.0,1000.0,-1.0,0.0,3.0,-1.0,neutral,
SNPS,2026-06-30,2026-03-31,1449,1402.0,47.0,0.03352353780313844,329,312.0,17.0,0.054487179487179516,76956447253.0,69812482690.0,0.10233076217504733,303781413.0,186104919.0,0.6323126472546381,positive,871607107
SNT,2026-06-30,2026-03-31,22,19.0,3.0,0.1578947368421053,0,0.0,0.0,,2812309.0,3984779.0,-0.29423714589943384,1641991.0,1495588.0,0.09788992690500331,neutral,81728N100
SNTG,2026-06-30,2026-03-31,3,4.0,-1.0,-0.25,0,0.0,0.0,,54438.0,51711.0,0.05273539479027667,27006.0,29215.0,-0.07561184323121684,neutral,G8062B114
SNTI,2026-06-30,2026-03-31,19,16.0,3.0,0.1875,0,0.0,0.0,,6337346.0,5004262.0,0.266389729394664,5784370.0,6177711.0,-0.063670993997615,neutral,81726A209
SNWV,2026-06-30,2026-03-31,51,63.0,-12.0,-0.19047619047619047,0,2.0,-2.0,-1.0,32295450.0,80633388.0,-0.5994779482662939,3205641.0,4562838.0,-0.2974458001796251,negative,80303D305
SNX,2026-06-30,2026-03-31,739,607.0,132.0,0.21746293245469528,145,104.0,41.0,0.39423076923076916,17558577903.0,12085221156.0,0.45289669724269954,97121528.0,77907059.0,0.24663322228605744,positive,87162W100
SNYR,2026-06-30,2026-03-31,15,13.0,2.0,0.15384615384615374,0,0.0,0.0,,123087.0,2287308.0,-0.9461869586430861,672455.0,1775608.0,-0.6212818369820365,neutral,87165D208
SO,2026-06-30,2026-03-31,2360,2367.0,-7.0,-0.0029573299535277098,305,309.0,-4.0,-0.012944983818770184,75624094910.0,80809624673.0,-0.06416970483384243,978750351.0,886400044.0,0.10418581048716646,negative,842587107
SOBO,2026-06-30,2026-03-31,306,303.0,3.0,0.00990099009900991,53,51.0,2.0,0.03921568627450989,4418043968.0,4417392493.0,0.00014747953708726946,129965138.0,138236985.0,-0.059838161256193456,positive,83671M105
SOBR,2026-06-30,2026-03-31,13,10.0,3.0,0.30000000000000004,0,0.0,0.0,,94351.0,48396.0,0.9495619472683692,149884.0,131583.0,0.13908331623386005,neutral,833592405
SOC,2026-06-30,2026-03-31,247,222.0,25.0,0.11261261261261257,14,33.0,-19.0,-0.5757575757575757,530319584.0,2355924074.0,-0.7748995437278255,174327715.0,142751470.0,0.221197336882065,negative,78574H104
SOFI,2026-06-30,2026-03-31,925,928.0,-3.0,-0.003232758620689613,105,101.0,4.0,0.03960396039603964,11766445430.0,12031406356.0,-0.02202244011714105,693642335.0,772610037.0,-0.10220900353123419,positive,83406F102
SOLV,2026-06-30,2026-03-31,1,1.0,0.0,0.0,0,0.0,0.0,,5632.0,4767.0,0.18145584224879374,73.0,73.0,0.0,neutral,08344M101
SONM,2026-06-30,2026-03-31,9,9.0,0.0,0.0,0,0.0,0.0,,453763.0,403749.0,0.12387399101917285,88387.0,100186.0,-0.11777094604036498,neutral,83548F408
SONO,2026-06-30,2026-03-31,307,292.0,15.0,0.051369863013698724,30,29.0,1.0,0.034482758620689724,1628236448.0,1644568543.0,-0.009930929950908052,125600391.0,126860673.0,-0.009934378954461365,positive,83570H108
SOPH,2026-06-30,2026-03-31,72,49.0,23.0,0.4693877551020409,7,3.0,4.0,1.3333333333333335,212288302.0,123327528.0,0.7213375265253026,36842695.0,24914649.0,0.47875633327204414,positive,H82027105
SORA,2026-06-30,2026-03-31,6,6.0,0.0,0.0,0,0.0,0.0,,43575.0,40478.0,0.07651069716883252,35621.0,33565.0,0.06125428273499178,neutral,G8946B108
SOS,2026-06-30,2026-03-31,14,14.0,0.0,0.0,0,0.0,0.0,,81017.0,86522.0,-0.06362543630521722,81017.0,87377.0,-0.07278803346418394,neutral,G8274W104
SOTK,2026-06-30,2026-03-31,31,28.0,3.0,0.1071428571428572,0,0.0,0.0,,7592348.0,6906913.0,0.09923897984526509,1260909.0,1703695.0,-0.2598974581717972,neutral,835483108
SOUL,2026-06-30,2026-03-31,53,55.0,-2.0,-0.036363636363636376,9,8.0,1.0,0.125,268079289.0,258235944.0,0.038117640974100864,26437492.0,25782685.0,0.025397160924085282,positive,G82745103
SOUN,2026-06-30,2026-03-31,448,456.0,-8.0,-0.01754385964912286,14,16.0,-2.0,-0.125,1121129037.0,1321444972.0,-0.1515885558948572,177855544.0,193759681.0,-0.08208176705245507,negative,836100107
SOWG,2026-06-30,2026-03-31,13,17.0,-4.0,-0.23529411764705888,0,0.0,0.0,,2778695.0,135558.0,19.49820003245843,672684.0,367622.0,0.8298252008856923,neutral,84612H304
SPAI,2026-06-30,2026-03-31,25,30.0,-5.0,-0.16666666666666663,0,0.0,0.0,,8082001.0,11249869.0,-0.281591545643776,2090735.0,3171278.0,-0.340727933659553,neutral,78642D101
SPCB,2026-06-30,2026-03-31,20,15.0,5.0,0.33333333333333326,0,0.0,0.0,,8352910.0,3716558.0,1.2474854421752601,744585.0,474656.0,0.5686834254702353,neutral,M87095309
SPCE,2026-06-30,2026-03-31,196,160.0,36.0,0.2250000000000001,5,1.0,4.0,4.0,165070547.0,52026868.0,2.172794237777296,57922303.0,19781681.0,1.9280779019740537,positive,92766K403
SPFI,2026-06-30,2026-03-31,158,143.0,15.0,0.10489510489510478,9,7.0,2.0,0.2857142857142858,366870738.0,311896785.0,0.17625687613291685,9575778.0,7960613.0,0.2028945509598319,positive,83946P107
SPGI,2026-06-30,2026-03-31,2070,2126.0,-56.0,-0.026340545625587963,463,472.0,-9.0,-0.01906779661016944,104435067832.0,117000697746.0,-0.10739790579094721,455186477.0,281637041.0,0.6162166573820806,negative,78409V104
SPHR,2026-06-30,2026-03-31,419,379.0,40.0,0.10554089709762526,78,64.0,14.0,0.21875,6350050956.0,4239535616.0,0.49781757512188807,42839116.0,37015474.0,0.15732993180095445,positive,55826T102
SPIR,2026-06-30,2026-03-31,133,119.0,14.0,0.11764705882352944,12,3.0,9.0,3.0,410289338.0,183949781.0,1.2304421118065916,22513977.0,14894190.0,0.5115945882253417,positive,848560306
SPKL,2026-06-30,2026-03-31,30,31.0,-1.0,-0.032258064516129004,0,0.0,0.0,,20708569.0,18898331.0,0.0957882471208702,3365919.0,3938213.0,-0.14531819381023825,neutral,G8316B100
SPNT,2026-06-30,2026-03-31,255,247.0,8.0,0.03238866396761142,35,30.0,5.0,0.16666666666666674,2280999278.0,2193979783.0,0.039662851806688604,102012639.0,103660054.0,-0.015892476768341268,positive,G8192H106
SPOK,2026-06-30,2026-03-31,135,139.0,-4.0,-0.02877697841726623,2,3.0,-1.0,-0.33333333333333337,110963636.0,120970061.0,-0.08271819421501325,11134660.0,11400976.0,-0.023359052768815558,negative,84863T106
SPOT,2026-06-30,2026-03-31,1251,1286.0,-35.0,-0.02721617418351474,313,324.0,-11.0,-0.03395061728395066,59883718835.0,62755363691.0,-0.04575935325846636,210540672.0,136148595.0,0.546403560022048,negative,L8681T102
SPPL,2026-06-30,2026-03-31,9,2.0,7.0,3.5,0,0.0,0.0,,895646.0,641.0,1396.2636505460218,345360.0,356.0,969.1123595505618,neutral,G8192U115
SPRB,2026-06-30,2026-03-31,65,32.0,33.0,1.03125,3,0.0,3.0,,117972198.0,48760110.0,1.4194407682837467,2184628.0,746125.0,1.9279651532920088,positive,85209E208
SPRC,2026-06-30,2026-03-31,9,4.0,5.0,1.25,0,0.0,0.0,,179547.0,12005.0,13.956018325697626,53769.0,3280.0,15.39298780487805,neutral,M82618139
SPRO,2026-06-30,2026-03-31,62,50.0,12.0,0.24,1,1.0,0.0,0.0,46932158.0,52835009.0,-0.11172234303963113,21500971.0,22865277.0,-0.059667153824552344,neutral,84833T103
SPRU,2026-06-30,2026-03-31,47,47.0,0.0,0.0,0,1.0,-1.0,-1.0,16630882.0,28894199.0,-0.4244214210610233,6523793.0,7122743.0,-0.084089795181435,negative,9837FR209
SPRY,2026-06-30,2026-03-31,209,204.0,5.0,0.02450980392156854,15,17.0,-2.0,-0.11764705882352944,713161742.0,783987579.0,-0.09034050908094804,91826627.0,99676944.0,-0.07875760115599051,negative,82835W108
SPT,2026-06-30,2026-03-31,194,210.0,-16.0,-0.07619047619047614,10,7.0,3.0,0.4285714285714286,381287444.0,280733536.0,0.35818274308346254,53137645.0,51949184.0,0.02287737570622861,positive,85209W109
SPWR,2026-06-30,2026-03-31,101,123.0,-22.0,-0.17886178861788615,0,0.0,0.0,,18442858.0,41869320.0,-0.5595137919603184,28983403.0,35472859.0,-0.18294144263928658,neutral,20460L104
SPXC,2026-06-30,2026-03-31,518,483.0,35.0,0.07246376811594213,109,96.0,13.0,0.13541666666666674,11087148156.0,9305401784.0,0.19147441597455694,61977087.0,49543053.0,0.2509743192451219,positive,78473E103
SR,2026-06-30,2026-03-31,399,406.0,-7.0,-0.017241379310344862,56,56.0,0.0,0.0,4173441025.0,4879308946.0,-0.14466555178447194,60924854.0,56145100.0,0.08513216647579225,neutral,84857L101
SRAD,2026-06-30,2026-03-31,151,165.0,-14.0,-0.08484848484848484,23,28.0,-5.0,-0.1785714285714286,2638617822.0,3037134422.0,-0.13121467298690415,187070502.0,194757695.0,-0.03947054826254748,negative,H8088L103
SRBK,2026-06-30,2026-03-31,78,70.0,8.0,0.11428571428571432,0,1.0,-1.0,-1.0,52553776.0,49440053.0,0.06297976662767746,2819376.0,3030629.0,-0.06970599172646996,negative,85227J106
SRCE,2026-06-30,2026-03-31,205,205.0,0.0,0.0,24,19.0,5.0,0.26315789473684204,1566825345.0,1313272661.0,0.1930693385537552,20947972.0,19186015.0,0.09183548537828212,positive,336901103
SRE,2026-06-30,2026-03-31,1286,1276.0,10.0,0.00783699059561127,223,233.0,-10.0,-0.0429184549356223,55136649967.0,59875096869.0,-0.07913885988973335,703620455.0,639682924.0,0.09995191148794835,negative,816851109
SRFM,2026-06-30,2026-03-31,64,62.0,2.0,0.032258064516129004,0,0.0,0.0,,21681798.0,17482972.0,0.240166603252582,19213075.0,15173305.0,0.2662419294939369,neutral,868927203
SRI,2026-06-30,2026-03-31,115,114.0,1.0,0.00877192982456143,2,2.0,0.0,0.0,163559537.0,114574962.0,0.4275329805477046,23388897.0,24811212.0,-0.05732549461912617,neutral,86183P102
SRL,2026-06-30,2026-03-31,15,17.0,-2.0,-0.11764705882352944,1,2.0,-1.0,-0.5,19688120.0,47436761.0,-0.5849607016802855,6375008.0,6071384.0,0.050009025948614116,negative,G7T96K107
SRPT,2026-06-30,2026-03-31,326,347.0,-21.0,-0.060518731988472574,38,39.0,-1.0,-0.02564102564102566,1920160231.0,2290669306.0,-0.1617470815318115,111643876.0,108665176.0,0.02741172572158712,negative,803607100
SRTA,2026-06-30,2026-03-31,141,133.0,8.0,0.06015037593984962,10,9.0,1.0,0.11111111111111116,300558622.0,254809129.0,0.17954416774447668,57436443.0,63299919.0,-0.0926300711380057,positive,092667104
SRTS,2026-06-30,2026-03-31,38,41.0,-3.0,-0.07317073170731703,0,0.0,0.0,,10735741.0,17859573.0,-0.39888030917648476,3647794.0,4598086.0,-0.20667121058631788,neutral,81728J109
SSM,2026-06-30,2026-03-31,12,13.0,-1.0,-0.07692307692307687,0,0.0,0.0,,1390750.0,2482013.0,-0.43966852711891513,322429.0,436277.0,-0.260953476804874,neutral,N81409125
SSRM,2026-06-30,2026-03-31,1,2.0,-1.0,-0.5,0,0.0,0.0,,2323242.0,2199359.0,0.05632686614599991,82197.0,75008.0,0.0958431100682593,neutral,784730954
SST,2026-06-30,2026-03-31,22,25.0,-3.0,-0.12,0,0.0,0.0,,1354226.0,2610382.0,-0.4812153929961209,597938.0,864054.0,-0.3079853805433457,neutral,87200P208
SSTI,2026-06-30,2026-03-31,77,89.0,-12.0,-0.1348314606741573,2,1.0,1.0,1.0,62714298.0,54566654.0,0.1493154408917945,7100382.0,8408008.0,-0.15552149807659554,positive,82536T107
SSTK,2026-06-30,2026-03-31,168,171.0,-3.0,-0.01754385964912286,9,11.0,-2.0,-0.18181818181818177,258484606.0,361645384.0,-0.2852539602717562,20823758.0,23738385.0,-0.12278118330290788,negative,825690100
SSYS,2026-06-30,2026-03-31,148,150.0,-2.0,-0.013333333333333308,7,8.0,-1.0,-0.125,362953000.0,314607765.0,0.15366828279015943,42894054.0,40327852.0,0.06363349081919867,negative,M85548101
ST,2026-06-30,2026-03-31,2,1.0,1.0,1.0,0,0.0,0.0,,205141.0,50.0,4101.82,4297.0,1.0,4296.0,neutral,G8060M102
STAG,2026-06-30,2026-03-31,552,537.0,15.0,0.027932960893854775,72,71.0,1.0,0.014084507042253502,6859803533.0,6480894480.0,0.05846554887898736,193492323.0,183988868.0,0.051652336922905606,positive,85254J102
STAK,2026-06-30,2026-03-31,8,5.0,3.0,0.6000000000000001,0,0.0,0.0,,740856.0,120392.0,5.153697920127583,325905.0,120392.0,1.7070320287062262,neutral,G84092116
STBA,2026-06-30,2026-03-31,243,226.0,17.0,0.0752212389380531,20,18.0,2.0,0.11111111111111116,1348094001.0,1163342592.0,0.15881083549290365,30032425.0,28257182.0,0.06282448830177056,positive,783859101
STE,2026-06-30,2026-03-31,5,4.0,1.0,0.25,1,1.0,0.0,0.0,63245434.0,88283414.0,-0.28360910465016675,316100.0,410512.0,-0.22998596874147403,neutral,G84720104
STEM,2026-06-30,2026-03-31,74,75.0,-1.0,-0.013333333333333308,0,0.0,0.0,,15368436.0,18815207.0,-0.1831907031370954,2203405.0,2312348.0,-0.04711358324958004,neutral,85859N300
STEP,2026-06-30,2026-03-31,275,263.0,12.0,0.04562737642585546,50,51.0,-1.0,-0.019607843137254943,3129845164.0,3941508942.0,-0.20592716899638586,84606778.0,86461366.0,-0.021449903995271136,negative,85914M107
STEW,2026-06-30,2026-03-31,129,127.0,2.0,0.015748031496062964,7,6.0,1.0,0.16666666666666674,340358643.0,266314790.0,0.2780313215049002,19693071.0,16145228.0,0.2197456115206302,positive,101507101
STEX,2026-06-30,2026-03-31,55,66.0,-11.0,-0.16666666666666663,0,0.0,0.0,,18497965.0,30647048.0,-0.3964193549734383,23211159.0,27550822.0,-0.15751482841419395,neutral,09073N300
STGW,2026-06-30,2026-03-31,185,185.0,0.0,0.0,20,17.0,3.0,0.17647058823529416,783984704.0,678170714.0,0.1560285453435255,107370797.0,108696753.0,-0.01219867165673294,positive,85256A109
STHO,2026-06-30,2026-03-31,21,20.0,1.0,0.050000000000000044,0,0.0,0.0,,10710276.0,10910846.0,-0.018382625875207115,827506.0,877183.0,-0.05663242447699057,neutral,85512C105
STI,2026-06-30,2026-03-31,24,18.0,6.0,0.33333333333333326,0,0.0,0.0,,10482459.0,723153.0,13.49549265508129,1139041.0,114579.0,8.941097408774732,neutral,834212201
STIM,2026-06-30,2026-03-31,88,99.0,-11.0,-0.11111111111111116,1,1.0,0.0,0.0,48202623.0,63163520.0,-0.23685977285623094,37218616.0,43708237.0,-0.1484759268601934,neutral,64131A105
STKE,2026-06-30,2026-03-31,27,25.0,2.0,0.08000000000000007,0,0.0,0.0,,1663742.0,1585979.0,0.04903154455386871,1412586.0,1574247.0,-0.10269100084040184,neutral,83411A205
STLD,2026-06-30,2026-03-31,1025,942.0,83.0,0.08811040339702769,160,148.0,12.0,0.08108108108108114,26338203123.0,21733404602.0,0.2118765377687879,164032517.0,128209999.0,0.27940502518840193,positive,858119100
STN,2026-06-30,2026-03-31,293,311.0,-18.0,-0.05787781350482313,68,73.0,-5.0,-0.06849315068493156,4882344450.0,6215824196.0,-0.21452983610091791,71047604.0,73222976.0,-0.02970887170715375,negative,85472N109
STNE,2026-06-30,2026-03-31,276,278.0,-2.0,-0.007194244604316502,26,24.0,2.0,0.08333333333333326,1710499968.0,2347750618.0,-0.2714302980539136,161786224.0,172322797.0,-0.06114439402930538,positive,G85158106
STNG,2026-06-30,2026-03-31,308,319.0,-11.0,-0.03448275862068961,47,46.0,1.0,0.021739130434782705,2328898393.0,2392148331.0,-0.026440642154309635,38171498.0,35978443.0,0.06095469445412083,positive,Y7542C130
STOK,2026-06-30,2026-03-31,200,199.0,1.0,0.005025125628140614,38,36.0,2.0,0.05555555555555558,2518770474.0,2321018328.0,0.08520059648576805,83754883.0,73585057.0,0.1382050434506017,positive,86150R107
STRL,2026-06-30,2026-03-31,884,708.0,176.0,0.24858757062146886,165,116.0,49.0,0.4224137931034482,21508903908.0,11889770931.0,0.809025929332263,55869126.0,30466080.0,0.8338140646909613,positive,859241101
STRO,2026-06-30,2026-03-31,99,71.0,28.0,0.3943661971830985,16,14.0,2.0,0.1428571428571428,533776620.0,390211158.0,0.3679173674474987,16536779.0,16027117.0,0.03179997999640238,positive,869367201
STRR,2026-06-30,2026-03-31,27,25.0,2.0,0.08000000000000007,0,0.0,0.0,,10183652.0,11243321.0,-0.09424875443830161,955347.0,1093741.0,-0.1265326983262034,neutral,443787205
STRT,2026-06-30,2026-03-31,124,132.0,-8.0,-0.06060606060606055,7,8.0,-1.0,-0.125,297928311.0,290999124.0,0.02381171085587175,3737873.0,3828165.0,-0.02358623518056302,negative,863111100
STT,2026-06-30,2026-03-31,1,1.0,0.0,0.0,0,0.0,0.0,,29.0,29.0,0.0,2.0,2.0,0.0,neutral,78463X798
STTK,2026-06-30,2026-03-31,101,84.0,17.0,0.20238095238095233,12,7.0,5.0,0.7142857142857142,468682777.0,303840055.0,0.5425312406555483,83996991.0,59539202.0,0.4107846289239818,positive,82024L103
STUB,2026-06-30,2026-03-31,201,143.0,58.0,0.4055944055944056,43,21.0,22.0,1.0476190476190474,3669500900.0,1566576923.0,1.342368795381521,285586218.0,254109188.0,0.12387206557836072,positive,86384P109
STVN,2026-06-30,2026-03-31,126,135.0,-9.0,-0.06666666666666665,19,13.0,6.0,0.46153846153846145,761475259.0,570447806.0,0.33487279816095916,45371546.0,45299880.0,0.001582035095898604,positive,T9224W109
STX,2026-06-30,2026-03-31,5,3.0,2.0,0.6666666666666667,1,1.0,0.0,0.0,68505916.0,24818328.0,1.7602953752565442,141494.0,119112.0,0.18790717979716565,neutral,00BKVD2N4
STZ,2026-06-30,2026-03-31,1033,1051.0,-18.0,-0.01712654614652709,139,139.0,0.0,0.0,20020860091.0,22733142346.0,-0.11930960593651663,181942895.0,157300642.0,0.15665704021729288,neutral,21036P108
SU,2026-06-30,2026-03-31,756,755.0,1.0,0.0013245033112583293,159,165.0,-6.0,-0.036363636363636376,42433048767.0,56751188337.0,-0.252296735796544,803107094.0,882807742.0,-0.09028086661251777,negative,867224107
SUIG,2026-06-30,2026-03-31,41,38.0,3.0,0.07894736842105265,0,0.0,0.0,,22764064.0,25938692.0,-0.12238967176910853,19639744.0,21460898.0,-0.08485917038513491,neutral,59982U200
SUPN,2026-06-30,2026-03-31,335,328.0,7.0,0.021341463414634054,42,47.0,-5.0,-0.1063829787234043,2763796535.0,3060522496.0,-0.09695271359312363,64260679.0,61457379.0,0.04561372524526308,negative,868459108
SURG,2026-06-30,2026-03-31,37,33.0,4.0,0.1212121212121211,0,0.0,0.0,,823086.0,2125764.0,-0.6128046198919541,2307472.0,2804077.0,-0.1771010567826775,neutral,86882L204
SVA,2026-06-30,2026-03-31,29,29.0,0.0,0.0,2,2.0,0.0,0.0,222872608.0,261096386.0,-0.14639719295080555,10466533.0,16402182.0,-0.36188166915840836,neutral,P8696W104
SVCO,2026-06-30,2026-03-31,105,84.0,21.0,0.25,3,0.0,3.0,,130322509.0,62022498.0,1.1012134822431694,9677752.0,8757289.0,0.10510821328381414,positive,82728C102
SVRA,2026-06-30,2026-03-31,184,187.0,-3.0,-0.016042780748663055,27,25.0,2.0,0.08000000000000007,1386380107.0,1233561744.0,0.1238838377919087,225887826.0,225841988.0,0.0002029649154522417,positive,805111101
SVRN,2026-06-30,2026-03-31,4,4.0,0.0,0.0,0,0.0,0.0,,404107.0,476502.0,-0.15193010732378875,51610.0,67113.0,-0.23099846527498402,neutral,Y6430L178
SW,2026-06-30,2026-03-31,1,1.0,0.0,0.0,1,1.0,0.0,0.0,30762900.0,17534000.0,0.7544713128778373,665000.0,440000.0,0.5113636363636365,neutral,00BRK49M5
SWAG,2026-06-30,2026-03-31,28,22.0,6.0,0.2727272727272727,0,0.0,0.0,,3951918.0,3151187.0,0.2541045644069997,2395465.0,2507667.0,-0.044743580387667126,neutral,86260J102
SWBI,2026-06-30,2026-03-31,201,193.0,8.0,0.041450777202072464,13,8.0,5.0,0.625,441102424.0,383381073.0,0.15055868707425724,30256547.0,27503210.0,0.10010965992696863,positive,831754106
SWIM,2026-06-30,2026-03-31,137,142.0,-5.0,-0.035211267605633756,9,9.0,0.0,0.0,707314773.0,584769782.0,0.2095610867252371,109917426.0,108944573.0,0.00892979772383895,neutral,51819L107
SWK,2026-06-30,2026-03-31,772,722.0,50.0,0.06925207756232687,101,90.0,11.0,0.12222222222222223,13091235266.0,10534116421.0,0.242746400628564,167831358.0,159749150.0,0.05059312052677578,positive,854502101
SWKS,2026-06-30,2026-03-31,716,681.0,35.0,0.05139500734214386,95,76.0,19.0,0.25,11849776989.0,9206204896.0,0.2871511250144567,201358921.0,178372767.0,0.12886582625025933,positive,83088M102
SWVL,2026-06-30,2026-03-31,21,23.0,-2.0,-0.08695652173913049,0,0.0,0.0,,152248.0,73589.0,1.0688961665466308,1459804.0,1432712.0,0.018909592437279743,neutral,G86302125
SWZ,2026-06-30,2026-03-31,42,42.0,0.0,0.0,0,0.0,0.0,,32094590.0,29722667.0,0.0798018226291739,5392770.0,4971280.0,0.08478500506911701,neutral,870875101
SXC,2026-06-30,2026-03-31,236,216.0,20.0,0.09259259259259256,17,12.0,5.0,0.41666666666666674,638005473.0,462736443.0,0.3787664288200443,81719442.0,75598705.0,0.08096351650468092,positive,86722A103
SXT,2026-06-30,2026-03-31,384,328.0,56.0,0.1707317073170731,76,51.0,25.0,0.4901960784313726,5202166313.0,3853802460.0,0.3498788189055233,48165850.0,45244676.0,0.06456392791938659,positive,81725T100
SY,2026-06-30,2026-03-31,25,30.0,-5.0,-0.16666666666666663,0,0.0,0.0,,12034608.0,25790191.0,-0.533364913815489,8234200.0,9487040.0,-0.13205804971835267,neutral,83356Q108
SYF,2026-06-30,2026-03-31,1004,973.0,31.0,0.031860226104830414,167,151.0,16.0,0.10596026490066235,25810429089.0,24892299024.0,0.03688410074596882,382781620.0,375578473.0,0.019178806874802,positive,87165B103
SYK,2026-06-30,2026-03-31,2264,2312.0,-48.0,-0.02076124567474047,455,449.0,6.0,0.013363028953229383,93251744488.0,102298705289.0,-0.08843670870947773,476622248.0,328907638.0,0.4491066577176903,positive,863667101
SYM,2026-06-30,2026-03-31,420,413.0,7.0,0.016949152542372836,45,47.0,-2.0,-0.04255319148936165,5227296873.0,6173391075.0,-0.1532535668817968,120660972.0,116881040.0,0.032339992867962186,negative,87151X101
SYNA,2026-06-30,2026-03-31,376,302.0,74.0,0.24503311258278138,57,41.0,16.0,0.3902439024390243,5101086838.0,3546476214.0,0.4383536023343537,47750616.0,51424063.0,-0.07143439832826903,positive,87157D109
SYPR,2026-06-30,2026-03-31,26,26.0,0.0,0.0,0,0.0,0.0,,10524449.0,14640694.0,-0.2811509481722656,4370735.0,5090051.0,-0.14131803394504294,neutral,871655106
SYRE,2026-06-30,2026-03-31,268,199.0,69.0,0.3467336683417086,73,49.0,24.0,0.48979591836734704,8312369911.0,4646336855.0,0.7890157710056949,102284436.0,93882347.0,0.08949594112724935,positive,00773J202
SYY,2026-06-30,2026-03-31,1640,1577.0,63.0,0.03994927076727972,249,225.0,24.0,0.10666666666666669,34696477333.0,31015648923.0,0.11867649195856234,491536730.0,448499308.0,0.09595872553720852,positive,871829107
SZZL,2026-06-30,2026-03-31,58,56.0,2.0,0.03571428571428581,6,7.0,-1.0,-0.1428571428571429,233207538.0,225217810.0,0.03547556030315713,23724366.0,22177362.0,0.0697559971289643,negative,G8193F109
T,2026-06-30,2026-03-31,2685,2988.0,-303.0,-0.10140562248995988,368,405.0,-37.0,-0.09135802469135801,94117439062.0,145624733652.0,-0.35369880718949287,4876491712.0,5162606020.0,-0.055420519577048855,negative,00206R102
TAC,2026-06-30,2026-03-31,180,180.0,0.0,0.0,42,38.0,4.0,0.10526315789473695,3315767235.0,3122954923.0,0.06174034424255437,237947052.0,238237530.0,-0.0012192789272118532,positive,89346D107
TACH,2026-06-30,2026-03-31,60,57.0,3.0,0.05263157894736836,10,10.0,0.0,0.0,288218870.0,270345465.0,0.06611320445120095,38200154.0,37591113.0,0.01620172831807354,neutral,G8901A103
TACO,2026-06-30,2026-03-31,70,75.0,-5.0,-0.06666666666666665,10,8.0,2.0,0.25,290571824.0,267814017.0,0.08497616090049531,39928636.0,39074630.0,0.02185576677245571,positive,G1051H101
TACT,2026-06-30,2026-03-31,37,39.0,-2.0,-0.05128205128205132,0,0.0,0.0,,22476457.0,16253388.0,0.3828782651346292,3920544.0,5063171.0,-0.22567418718427645,neutral,892918103
TALO,2026-06-30,2026-03-31,296,289.0,7.0,0.02422145328719716,33,35.0,-2.0,-0.05714285714285716,1625336063.0,2044133565.0,-0.2048777580735044,130885922.0,131891402.0,-0.007623544709912222,negative,87484T108
TAOP,2026-06-30,2026-03-31,4,5.0,-1.0,-0.19999999999999996,0,0.0,0.0,,49.0,386.0,-0.8730569948186528,33.0,277.0,-0.8808664259927798,neutral,G8675V135
TAOX,2026-06-30,2026-03-31,29,25.0,4.0,0.15999999999999992,0,0.0,0.0,,2507457.0,3127760.0,-0.19832180218431084,712230.0,549674.0,0.29573165185182493,neutral,87167T300
TAP-A,2026-06-30,2026-03-31,3,5.0,-2.0,-0.4,0,0.0,0.0,,743050.0,3733950.0,-0.8010016202680807,12904.0,80919.0,-0.8405318899146059,neutral,60871R100
TARA,2026-06-30,2026-03-31,122,114.0,8.0,0.07017543859649122,4,7.0,-3.0,-0.4285714285714286,176730502.0,277842106.0,-0.3639174978035906,46302439.0,53363280.0,-0.1323164730503822,negative,74365U107
TARS,2026-06-30,2026-03-31,259,253.0,6.0,0.02371541501976293,43,50.0,-7.0,-0.14,3008773411.0,3402978526.0,-0.1158411996984785,50925769.0,49744991.0,0.023736621039895267,negative,87650L103
TASK,2026-06-30,2026-03-31,107,108.0,-1.0,-0.0092592592592593,3,6.0,-3.0,-0.5,131282225.0,200960376.0,-0.34672581922318857,28112653.0,29547857.0,-0.04857218579337241,negative,87652V109
TATT,2026-06-30,2026-03-31,95,77.0,18.0,0.23376623376623384,10,6.0,4.0,0.6666666666666667,330326293.0,249479360.0,0.32406261183289864,7654135.0,6806406.0,0.12454869721259643,positive,M8740S227
TAVI,2026-06-30,2026-03-31,19,37.0,-18.0,-0.4864864864864865,2,3.0,-1.0,-0.33333333333333337,50102680.0,111019541.0,-0.5487039529374382,4713978.0,10912300.0,-0.5680124263445836,negative,G86880104
TAYD,2026-06-30,2026-03-31,69,72.0,-3.0,-0.04166666666666663,1,2.0,-1.0,-0.5,78943388.0,90082729.0,-0.12365678886126996,1520787.0,1721004.0,-0.1163373240271377,negative,877163105
TBBB,2026-06-30,2026-03-31,167,129.0,38.0,0.2945736434108528,40,28.0,12.0,0.4285714285714286,2801440680.0,2016124791.0,0.38951750035794297,71259556.0,60657003.0,0.17479520048163266,positive,G0896C103
TBBK,2026-06-30,2026-03-31,292,280.0,12.0,0.04285714285714293,40,38.0,2.0,0.05263157894736836,2596247573.0,2386323034.0,0.08796987499555775,45108508.0,44995742.0,0.002506148248427653,positive,05969A105
TBCH,2026-06-30,2026-03-31,113,112.0,1.0,0.008928571428571397,4,5.0,-1.0,-0.19999999999999996,160431733.0,131208138.0,0.22272700036334636,13287655.0,13359206.0,-0.005355932081592241,negative,900450206
TBI,2026-06-30,2026-03-31,116,105.0,11.0,0.10476190476190483,4,2.0,2.0,1.0,186929349.0,108652917.0,0.7204264198447612,27112034.0,27918770.0,-0.028895828863520823,positive,89785X101
TBLA,2026-06-30,2026-03-31,213,187.0,26.0,0.1390374331550801,9,2.0,7.0,3.5,428543502.0,209030705.0,1.0501461830691334,101405936.0,83613410.0,0.21279512460979655,positive,M8744T106
TBN,2026-06-30,2026-03-31,96,58.0,38.0,0.6551724137931034,10,8.0,2.0,0.25,398554558.0,406857540.0,-0.02040759033247852,13927677.0,8626234.0,0.6145721296222662,positive,87507T101
TBPH,2026-06-30,2026-03-31,182,174.0,8.0,0.04597701149425282,13,13.0,0.0,0.0,791588373.0,816647481.0,-0.030685342920931613,49106455.0,52429846.0,-0.0633873881681819,neutral,G8807B106
TCBK,2026-06-30,2026-03-31,215,195.0,20.0,0.10256410256410264,26,23.0,3.0,0.13043478260869557,1252334767.0,1121309558.0,0.11685016690101202,25351354.0,23794955.0,0.06540878097899316,positive,896095106
TCBX,2026-06-30,2026-03-31,146,152.0,-6.0,-0.03947368421052633,11,8.0,3.0,0.375,396398327.0,369366890.0,0.07318316213995257,10144382.0,10104740.0,0.003923109352640397,positive,88422P109
TCRT,2026-06-30,2026-03-31,30,29.0,1.0,0.034482758620689724,0,0.0,0.0,,204507.0,363339.0,-0.4371454757127641,90421.0,140190.0,-0.35501105642342534,neutral,98973P309
TCRX,2026-06-30,2026-03-31,60,60.0,0.0,0.0,1,0.0,1.0,,41451745.0,34445619.0,0.2033967222362878,44310517.0,34710839.0,0.2765613934022164,positive,89854M101
TD,2026-06-30,2026-03-31,2,2.0,0.0,0.0,1,1.0,0.0,0.0,27021573.0,24562655.0,0.10010798914042485,235281.0,317506.0,-0.25897148400345193,neutral,891160954
TDAY,2026-06-30,2026-03-31,223,222.0,1.0,0.0045045045045044585,28,20.0,8.0,0.3999999999999999,1159942485.0,946729701.0,0.22520977611116488,143313191.0,145161831.0,-0.012735028121820813,positive,36472T109
TDG,2026-06-30,2026-03-31,1146,1114.0,32.0,0.02872531418312385,255,235.0,20.0,0.0851063829787233,69284872992.0,64535775983.0,0.07358859387157612,166539695.0,57034572.0,1.9199779915942914,positive,893641100
TDIC,2026-06-30,2026-03-31,5,7.0,-2.0,-0.2857142857142857,0,0.0,0.0,,10522.0,52744.0,-0.8005081146670712,1854.0,428027.0,-0.9956684975480519,neutral,G28385121
TDOC,2026-06-30,2026-03-31,349,327.0,22.0,0.06727828746177367,28,19.0,9.0,0.4736842105263157,1295640123.0,836180933.0,0.5494734116354216,157425336.0,155192942.0,0.01438463612604246,positive,87918A105
TDTH,2026-06-30,2026-03-31,6,9.0,-3.0,-0.33333333333333337,0,0.0,0.0,,4221.0,191065.0,-0.9779080417658912,23447.0,887842.0,-0.9735910218259555,neutral,89616X205
TDUP,2026-06-30,2026-03-31,183,176.0,7.0,0.03977272727272729,21,7.0,14.0,2.0,733066486.0,327696288.0,1.2370301796033774,109886666.0,103077976.0,0.06605378048944233,positive,88556E102
TDW,2026-06-30,2026-03-31,365,365.0,0.0,0.0,55,57.0,-2.0,-0.03508771929824561,3585739757.0,4204890827.0,-0.1472454566535646,59106128.0,55170203.0,0.07134149932346623,negative,88642R109
TDY,2026-06-30,2026-03-31,887,850.0,37.0,0.043529411764705817,175,161.0,14.0,0.08695652173913038,27705531124.0,27114323728.0,0.0218042464171615,95943751.0,49085864.0,0.9546106186498011,positive,879360105
TE,2026-06-30,2026-03-31,325,262.0,63.0,0.24045801526717558,29,17.0,12.0,0.7058823529411764,1951973078.0,872156093.0,1.2381006033973785,225929126.0,210164594.0,0.07501040827076699,positive,35834F104
TEAD,2026-06-30,2026-03-31,1,1.0,0.0,0.0,0,0.0,0.0,,4867220.0,4181875.0,0.16388462113286506,6345789.0,6345789.0,0.0,neutral,96002R103
TEAM,2026-06-30,2026-03-31,699,658.0,41.0,0.06231003039513672,120,111.0,9.0,0.08108108108108114,11948278690.0,10758072346.0,0.11063379253463901,178005955.0,164546828.0,0.08179511670683803,positive,049468101
TECH,2026-06-30,2026-03-31,598,586.0,12.0,0.020477815699658786,121,103.0,18.0,0.17475728155339798,12283589720.0,9586075680.0,0.28139920130486606,190388531.0,190344883.0,0.0002293100781700641,positive,09073M104
TECK,2026-06-30,2026-03-31,521,497.0,24.0,0.048289738430583595,137,132.0,5.0,0.037878787878787845,20723415505.0,17945138321.0,0.15482060568732248,345046904.0,350098904.0,-0.014430207984884147,positive,878742204
TECX,2026-06-30,2026-03-31,125,111.0,14.0,0.12612612612612617,10,10.0,0.0,0.0,467169509.0,437537843.0,0.06772366430484955,14001321.0,14642758.0,-0.043805750255518805,neutral,878972108
TEL,2026-06-30,2026-03-31,1288,1284.0,4.0,0.0031152647975076775,257,260.0,-3.0,-0.011538461538461497,53203489268.0,59899279965.0,-0.11178416002516967,372834111.0,300917597.0,0.23899072276587408,negative,G87052109
TELA,2026-06-30,2026-03-31,45,36.0,9.0,0.25,0,0.0,0.0,,25753692.0,17655423.0,0.45868450730407306,34318615.0,28420075.0,0.20754836150150902,neutral,872381108
TELO,2026-06-30,2026-03-31,33,27.0,6.0,0.22222222222222232,0,0.0,0.0,,3773578.0,4207039.0,-0.1030323227333999,2977150.0,3235651.0,-0.0798914963325773,neutral,87975F104
TEM,2026-06-30,2026-03-31,489,430.0,59.0,0.13720930232558137,60,54.0,6.0,0.11111111111111116,6424586990.0,4965671322.0,0.2938002887014277,118792594.0,111005149.0,0.07015390790565945,positive,88023B103
TENX,2026-06-30,2026-03-31,112,80.0,32.0,0.3999999999999999,11,6.0,5.0,0.8333333333333333,443651604.0,367448958.0,0.2073829421500224,31104919.0,26019025.0,0.1954682775392238,positive,88032L605
TEO,2026-06-30,2026-03-31,69,63.0,6.0,0.09523809523809534,5,6.0,-1.0,-0.16666666666666663,221993946.0,207566650.0,0.06950681142659487,17201238.0,17869545.0,-0.03739921749546504,negative,879273209
TER,2026-06-30,2026-03-31,1425,1233.0,192.0,0.15571776155717765,309,247.0,62.0,0.2510121457489878,70438951601.0,44281644926.0,0.5907031393868054,288642468.0,159338824.0,0.8115011819090618,positive,880770102
TEX,2026-06-30,2026-03-31,485,474.0,11.0,0.02320675105485237,79,67.0,12.0,0.17910447761194037,8403147539.0,6804287561.0,0.23497830796631147,129303028.0,117875721.0,0.09694368698707678,positive,880779103
TFC,2026-06-30,2026-03-31,4,2.0,2.0,1.0,0,0.0,0.0,,942165.0,68481.0,12.75804967801288,55103.0,3654.0,14.080186097427477,neutral,89832Q810
TFII,2026-06-30,2026-03-31,298,253.0,45.0,0.17786561264822143,77,60.0,17.0,0.28333333333333344,8254129767.0,6877819295.0,0.20010855373890712,58239393.0,64222922.0,-0.09316812150029552,positive,87241L109
TFIN,2026-06-30,2026-03-31,233,216.0,17.0,0.07870370370370372,31,26.0,5.0,0.1923076923076923,1669564570.0,1361575397.0,0.2262006009205233,25565479.0,24476681.0,0.0444830735016728,positive,89679E300
TFX,2026-06-30,2026-03-31,384,368.0,16.0,0.04347826086956519,66,68.0,-2.0,-0.02941176470588236,5553848379.0,5803466758.0,-0.043011942586886454,55306172.0,54480993.0,0.0151461813480529,negative,879369106
TG,2026-06-30,2026-03-31,149,142.0,7.0,0.04929577464788726,4,5.0,-1.0,-0.19999999999999996,183935578.0,198620960.0,-0.07393671846113326,23750360.0,25383241.0,-0.06432909808483478,negative,894650100
TGE,2026-06-30,2026-03-31,7,3.0,4.0,1.3333333333333335,0,0.0,0.0,,95169.0,39110.0,1.4333674252109434,93304.0,32058.0,1.9104747644893632,neutral,G38268101
TGHL,2026-06-30,2026-03-31,1,5.0,-4.0,-0.8,0,0.0,0.0,,44792.0,31760.0,0.41032745591939546,75028.0,122203.0,-0.3860379859741577,neutral,G4149Y102
TGL,2026-06-30,2026-03-31,8,6.0,2.0,0.33333333333333326,0,0.0,0.0,,172365.0,115034.0,0.49838308673957266,44140.0,32313.0,0.3660136787051651,neutral,89458T403
TGLS,2026-06-30,2026-03-31,160,179.0,-19.0,-0.1061452513966481,17,18.0,-1.0,-0.05555555555555558,955676816.0,1028104439.0,-0.07044772909496211,20728896.0,23409858.0,-0.11452277924966481,negative,G87264100
TGT,2026-06-30,2026-03-31,1898,1864.0,34.0,0.018240343347639465,271,257.0,14.0,0.054474708171206254,52532555598.0,45969891462.0,0.1427600528799351,506226835.0,390269490.0,0.29712121488154253,positive,87612E106
TGTX,2026-06-30,2026-03-31,431,366.0,65.0,0.17759562841530063,70,52.0,18.0,0.34615384615384626,5982438436.0,3723391443.0,0.6067175658490118,122743829.0,113898470.0,0.077660033536886,positive,88322Q108
TH,2026-06-30,2026-03-31,174,134.0,40.0,0.29850746268656714,28,9.0,19.0,2.111111111111111,1000696198.0,297951659.0,2.3585857563558656,51921970.0,32864033.0,0.579902563997547,positive,87615L107
THC,2026-06-30,2026-03-31,682,697.0,-15.0,-0.021520803443328518,112,111.0,1.0,0.009009009009008917,13640468317.0,14863675489.0,-0.08229506711884593,100206958.0,88874236.0,0.12751414256883176,positive,88033G407
THCH,2026-06-30,2026-03-31,15,14.0,1.0,0.0714285714285714,0,0.0,0.0,,6456773.0,9073193.0,-0.2883681632254489,3380767.0,3599568.0,-0.06078534979753125,neutral,G8656L130
THRM,2026-06-30,2026-03-31,258,240.0,18.0,0.07499999999999996,23,20.0,3.0,0.1499999999999999,1120166286.0,926257111.0,0.20934702977951014,34386287.0,33570583.0,0.024298177961342038,positive,37253A103
TIC,2026-06-30,2026-03-31,215,216.0,-1.0,-0.00462962962962965,23,18.0,5.0,0.2777777777777777,1523385124.0,1297672928.0,0.17393612144461712,190374566.0,197361080.0,-0.03539965427834102,positive,00510N102
TIL,2026-06-30,2026-03-31,26,32.0,-6.0,-0.1875,1,1.0,0.0,0.0,30011762.0,39501174.0,-0.24023113844667,3902626.0,4803784.0,-0.18759336389812697,neutral,45783C200
TILE,2026-06-30,2026-03-31,325,315.0,10.0,0.031746031746031855,38,27.0,11.0,0.40740740740740744,2036804864.0,1434759331.0,0.4196143004558024,62676463.0,60808556.0,0.03071783187879018,positive,458665304
TIPT,2026-06-30,2026-03-31,142,142.0,0.0,0.0,5,6.0,-1.0,-0.16666666666666663,303089733.0,298075965.0,0.016820437031882074,17682325.0,17890529.0,-0.01163766594045379,negative,88822Q103
TISI,2026-06-30,2026-03-31,27,29.0,-2.0,-0.06896551724137934,1,1.0,0.0,0.0,44811340.0,44634491.0,0.0039621601151449415,2603505.0,2811725.0,-0.07405418381954143,neutral,878155308
TITN,2026-06-30,2026-03-31,125,122.0,3.0,0.024590163934426146,13,13.0,0.0,0.0,480727229.0,389179525.0,0.23523258064514052,22921850.0,23422366.0,-0.021369147762442142,neutral,88830R101
TJGC,2026-06-30,2026-03-31,6,5.0,1.0,0.19999999999999996,0,0.0,0.0,,396207.0,42423.0,8.339438512127856,87463.0,59752.0,0.463766903199893,neutral,G2588N116
TK,2026-06-30,2026-03-31,179,187.0,-8.0,-0.04278074866310155,12,16.0,-4.0,-0.25,467271160.0,537445586.0,-0.13057028995675857,47547629.0,45813185.0,0.03785905738708184,negative,G8726T105
TKNO,2026-06-30,2026-03-31,82,78.0,4.0,0.05128205128205132,0,0.0,0.0,,51607900.0,23362519.0,1.2090040889854388,9144936.0,8082877.0,0.13139616005538612,neutral,02080L102
TKO,2026-06-30,2026-03-31,659,644.0,15.0,0.02329192546583858,108,111.0,-3.0,-0.027027027027026973,14248414460.0,15706939050.0,-0.09285861397673156,89659818.0,81337850.0,0.10231359692935094,negative,87256C101
TKR,2026-06-30,2026-03-31,607,537.0,70.0,0.13035381750465547,116,91.0,25.0,0.27472527472527464,9342385339.0,6413191004.0,0.456745219840329,77552851.0,65905730.0,0.1767239510130607,positive,887389104
TLF,2026-06-30,2026-03-31,24,23.0,1.0,0.04347826086956519,0,0.0,0.0,,11233153.0,11774534.0,-0.04597897462438849,4822949.0,5104334.0,-0.055126682540758476,neutral,87538X105
TLN,2026-06-30,2026-03-31,646,580.0,66.0,0.11379310344827576,145,135.0,10.0,0.07407407407407418,18673594337.0,15402703366.0,0.2123582395425585,67364613.0,48627166.0,0.38532878926154157,positive,87422Q109
TLPH,2026-06-30,2026-03-31,50,45.0,5.0,0.11111111111111116,0,0.0,0.0,,28873095.0,16579460.0,0.7414979136835578,28246041.0,22310260.0,0.2660561105070045,neutral,00444T209
TLRY,2026-06-30,2026-03-31,236,213.0,23.0,0.107981220657277,1,1.0,0.0,0.0,62267071.0,67468605.0,-0.07709562099290479,14593603.0,10498767.0,0.39003018163942493,neutral,88688T209
TLS,2026-06-30,2026-03-31,161,160.0,1.0,0.006250000000000089,5,3.0,2.0,0.6666666666666667,222520832.0,203910997.0,0.09126449908927659,51087466.0,51309031.0,-0.004318245651530606,positive,87969B101
TLSA,2026-06-30,2026-03-31,32,32.0,0.0,0.0,0,0.0,0.0,,3073478.0,3669353.0,-0.1623923890669554,2448325.0,3134003.0,-0.2187866444288662,neutral,G88912103
TLSI,2026-06-30,2026-03-31,81,85.0,-4.0,-0.04705882352941182,2,2.0,0.0,0.0,102721522.0,87044148.0,0.18010830550033075,23169792.0,22378059.0,0.03537987812079679,neutral,89680M101
TLYS,2026-06-30,2026-03-31,61,65.0,-4.0,-0.06153846153846154,1,1.0,0.0,0.0,89489492.0,87344054.0,0.02456306871215297,21824538.0,22041072.0,-0.009824113818057478,neutral,886885102
TM,2026-06-30,2026-03-31,644,701.0,-57.0,-0.08131241084165475,46,45.0,1.0,0.022222222222222143,4308307780.0,5159725222.0,-0.1650121673863043,26466565.0,26154840.0,0.011918444157945629,positive,892331307
TMC,2026-06-30,2026-03-31,218,218.0,0.0,0.0,7,7.0,0.0,0.0,262696490.0,288571517.0,-0.0896659076716847,64273639.0,66491482.0,-0.03335529504365686,neutral,87261Y106
TMDX,2026-06-30,2026-03-31,378,418.0,-40.0,-0.09569377990430628,44,56.0,-12.0,-0.2142857142857143,2317795963.0,3744694259.0,-0.38104533970179055,37981775.0,38590902.0,-0.015784212558700994,negative,89377M109
TMO,2026-06-30,2026-03-31,2618,2608.0,10.0,0.0038343558282207812,605,592.0,13.0,0.02195945945945943,165954388214.0,172736096028.0,-0.039260513407115005,639651127.0,363618456.0,0.7591272292295306,positive,883556102
TMUS,2026-06-30,2026-03-31,1662,1732.0,-70.0,-0.0404157043879908,331,359.0,-28.0,-0.07799442896935938,73543623051.0,98763108820.0,-0.25535330013723645,601165313.0,507059169.0,0.18559203689303572,negative,872590104
TNC,2026-06-30,2026-03-31,242,218.0,24.0,0.11009174311926606,34,28.0,6.0,0.2142857142857142,1598801074.0,1206293560.0,0.32538308005225525,20355476.0,18394400.0,0.1066126647240464,positive,880345103
TNDM,2026-06-30,2026-03-31,275,275.0,0.0,0.0,27,32.0,-5.0,-0.15625,1165724639.0,1519960274.0,-0.23305585090574543,81651259.0,82789936.0,-0.013753809400214978,negative,875372203
TNET,2026-06-30,2026-03-31,280,247.0,33.0,0.1336032388663968,33,26.0,7.0,0.26923076923076916,2179193037.0,1643874892.0,0.32564409104680214,46200660.0,45580673.0,0.013601971168788918,positive,896288107
TNGX,2026-06-30,2026-03-31,250,194.0,56.0,0.2886597938144331,75,43.0,32.0,0.7441860465116279,6418055450.0,4154576006.0,0.5448159910255834,219161418.0,200784809.0,0.09152390109353337,positive,87583X109
TNK,2026-06-30,2026-03-31,244,241.0,3.0,0.012448132780082943,31,37.0,-6.0,-0.16216216216216217,1219879621.0,1488340438.0,-0.18037594769698784,19994219.0,21404014.0,-0.0658659165519141,negative,G8726X106
TNMG,2026-06-30,2026-03-31,4,1.0,3.0,3.0,0,0.0,0.0,,11956.0,2087.0,4.728797316722568,18414.0,1134.0,15.238095238095237,neutral,G8924F121
TNON,2026-06-30,2026-03-31,22,21.0,1.0,0.04761904761904767,0,0.0,0.0,,361294.0,374582.0,-0.03547420858450223,7706357.0,2542586.0,2.0309130153316346,neutral,88066N303
TNYA,2026-06-30,2026-03-31,103,103.0,0.0,0.0,0,1.0,-1.0,-1.0,37695656.0,43897419.0,-0.1412785339384076,54111498.0,64801784.0,-0.16496900764336986,negative,87990A106
TOL,2026-06-30,2026-03-31,807,785.0,22.0,0.028025477707006363,124,115.0,9.0,0.07826086956521738,13687687282.0,11867400126.0,0.15338550454804145,106411917.0,90150618.0,0.18037922934704675,positive,889478103
TOMZ,2026-06-30,2026-03-31,20,16.0,4.0,0.25,0,0.0,0.0,,898136.0,913493.0,-0.016811294667829935,1111813.0,1651800.0,-0.326908221334302,neutral,890023203
TONX,2026-06-30,2026-03-31,41,40.0,1.0,0.02499999999999991,3,2.0,1.0,0.5,86915951.0,43845952.0,0.9823027448463202,34084319.0,17762252.0,0.9189187834965971,positive,92337U302
TOP,2026-06-30,2026-03-31,7,6.0,1.0,0.16666666666666674,0,0.0,0.0,,492879.0,103239.0,3.774155115799262,269333.0,163142.0,0.6509114758921675,neutral,G989A6102
TOST,2026-06-30,2026-03-31,770,762.0,8.0,0.01049868766404205,125,126.0,-1.0,-0.007936507936507908,13133289670.0,12306810721.0,0.0671562249340294,500930724.0,467464963.0,0.07158988084418216,negative,888787108
TOYO,2026-06-30,2026-03-31,49,14.0,35.0,2.5,0,0.0,0.0,,33838594.0,3132147.0,9.803641719242425,4868754.0,438984.0,10.090960034989886,neutral,G8976D107
TPC,2026-06-30,2026-03-31,339,335.0,4.0,0.011940298507462588,61,61.0,0.0,0.0,3415915991.0,3286413276.0,0.039405486810113466,47140385.0,44274542.0,0.06472891351422683,neutral,901109108
TPCS,2026-06-30,2026-03-31,27,27.0,0.0,0.0,0,0.0,0.0,,9455145.0,6376621.0,0.4827829660881524,1830738.0,2105832.0,-0.130634352597928,neutral,878739200
TPG,2026-06-30,2026-03-31,373,360.0,13.0,0.036111111111111205,71,61.0,10.0,0.16393442622950816,5641642750.0,5262935465.0,0.07195742518951831,153516924.0,137862020.0,0.11355487174785339,positive,872657101
TPL,2026-06-30,2026-03-31,874,863.0,11.0,0.012746234067207318,145,160.0,-15.0,-0.09375,22010482451.0,25541599225.0,-0.13824963514985233,145932340.0,54456643.0,1.6797894978579566,negative,88262P102
TPR,2026-06-30,2026-03-31,1099,1090.0,9.0,0.008256880733944927,203,197.0,6.0,0.030456852791878264,28661140736.0,28942521238.0,-0.009722045280235014,246345528.0,209779517.0,0.17430687000771394,positive,876030107
TPST,2026-06-30,2026-03-31,21,22.0,-1.0,-0.045454545454545414,0,0.0,0.0,,1436685.0,1674141.0,-0.14183751547808698,1294357.0,1020836.0,0.26793823885521273,neutral,87978U207
TRAK,2026-06-30,2026-03-31,117,112.0,5.0,0.044642857142857206,0,0.0,0.0,,57467387.0,56433881.0,0.018313573011220052,6747624.0,7725151.0,-0.12653823854058,neutral,700215304
TRAW,2026-06-30,2026-03-31,35,28.0,7.0,0.25,0,0.0,0.0,,5563634.0,6725242.0,-0.17272359864522346,6715806.0,3675000.0,0.8274302040816326,neutral,68232V884
TRC,2026-06-30,2026-03-31,127,128.0,-1.0,-0.0078125,11,11.0,0.0,0.0,399370701.0,401802196.0,-0.006051472650487999,21429309.0,21939223.0,-0.02324211755357064,neutral,879080109
TRDA,2026-06-30,2026-03-31,130,120.0,10.0,0.08333333333333326,4,7.0,-3.0,-0.4285714285714286,212156168.0,352063909.0,-0.39739302275371824,29844878.0,28776696.0,0.03711968879262573,negative,29384C108
TREE,2026-06-30,2026-03-31,190,179.0,11.0,0.06145251396648055,14,15.0,-1.0,-0.06666666666666665,508338400.0,515591923.0,-0.014068341020152086,12136366.0,12145163.0,-0.0007243212791792075,negative,52603B107
TREX,2026-06-30,2026-03-31,473,427.0,46.0,0.10772833723653386,73,63.0,10.0,0.15873015873015883,5480458814.0,4068901525.0,0.3469136031745079,119683878.0,113039643.0,0.0587779191765494,positive,89531P105
TRIP,2026-06-30,2026-03-31,293,289.0,4.0,0.01384083044982698,32,30.0,2.0,0.06666666666666665,1803081110.0,1540774569.0,0.17024329598731835,135115342.0,147401207.0,-0.08334982630094745,positive,896945201
TRMB,2026-06-30,2026-03-31,707,780.0,-73.0,-0.09358974358974359,117,123.0,-6.0,-0.04878048780487809,11989007556.0,15391213946.0,-0.22104860616820898,250817651.0,239435671.0,0.047536693060241664,negative,896239100
TRMK,2026-06-30,2026-03-31,291,273.0,18.0,0.06593406593406592,34,32.0,2.0,0.0625,2181367039.0,2056767843.0,0.06058009727449831,51141040.0,49433441.0,0.034543397454366964,positive,898402102
TRNR,2026-06-30,2026-03-31,2,6.0,-4.0,-0.6666666666666667,0,0.0,0.0,,3583.0,82575.0,-0.9566091432031486,11674.0,60275.0,-0.8063210286188304,neutral,45840Y609
TRNS,2026-06-30,2026-03-31,173,160.0,13.0,0.08125000000000004,23,18.0,5.0,0.2777777777777777,869076876.0,709932067.0,0.22416906686932347,10678058.0,9892504.0,0.07940901514924836,positive,893529107
TRON,2026-06-30,2026-03-31,58,39.0,19.0,0.4871794871794872,0,0.0,0.0,,17640660.0,20765156.0,-0.1504682170459013,11024217.0,8926726.0,0.23496755697441585,neutral,85237B101
TROW,2026-06-30,2026-03-31,1165,1095.0,70.0,0.06392694063926951,168,144.0,24.0,0.16666666666666674,22181024661.0,18095287850.0,0.2257900976689906,243620247.0,203241792.0,0.19867200836331933,positive,74144T108
TRP,2026-06-30,2026-03-31,703,688.0,15.0,0.021802325581395277,154,150.0,4.0,0.026666666666666616,45521019057.0,46686963465.0,-0.024973661199321318,691105505.0,757711289.0,-0.08790390874062848,positive,87807B107
TRS,2026-06-30,2026-03-31,210,195.0,15.0,0.07692307692307687,30,28.0,2.0,0.0714285714285714,1328545114.0,1286957943.0,0.032314320158013166,31970512.0,37038781.0,-0.13683681976466777,positive,896215209
TRSG,2026-06-30,2026-03-31,1,2.0,-1.0,-0.5,0,0.0,0.0,,782573.0,659225.0,0.18711062232166564,499122.0,499413.0,-0.0005826840710995151,neutral,G9124M106
TRU,2026-06-30,2026-03-31,522,566.0,-44.0,-0.07773851590106007,95,94.0,1.0,0.010638297872340496,15389023822.0,15254646981.0,0.00880891187894206,237776307.0,227444571.0,0.04542529177361643,positive,89400J107
TRUP,2026-06-30,2026-03-31,202,204.0,-2.0,-0.009803921568627416,16,16.0,0.0,0.0,838428739.0,892322677.0,-0.060397364528706254,35492375.0,35177318.0,0.008956254140807474,neutral,898202106
TRV,2026-06-30,2026-03-31,1862,1807.0,55.0,0.030437188710570107,292,274.0,18.0,0.06569343065693434,60451012897.0,51301908504.0,0.17833848018123244,301367010.0,180503684.0,0.6695892478294239,positive,89417E109
TRVI,2026-06-30,2026-03-31,221,199.0,22.0,0.11055276381909551,52,40.0,12.0,0.30000000000000004,2806897101.0,1758833715.0,0.5958854308180008,153554779.0,147091308.0,0.043941896281186166,positive,89532M101
TSAT,2026-06-30,2026-03-31,104,75.0,29.0,0.3866666666666667,9,9.0,0.0,0.0,3077155537.0,1567237517.0,0.9634264134323935,61125091.0,43722059.0,0.39803779597845557,neutral,879512309
TSBK,2026-06-30,2026-03-31,114,109.0,5.0,0.04587155963302747,7,6.0,1.0,0.16666666666666674,230104199.0,219516920.0,0.048229899544873334,5179313.0,5605869.0,-0.07609096823347106,positive,887098101
TSEM,2026-06-30,2026-03-31,3,4.0,-1.0,-0.25,0,0.0,0.0,,3947910.0,13296147.0,-0.7030786437604819,16249.0,81911.0,-0.801626155217248,neutral,632060901
TSHA,2026-06-30,2026-03-31,211,191.0,20.0,0.10471204188481686,40,24.0,16.0,0.6666666666666667,2089113770.0,1267215338.0,0.6485862405178684,305731306.0,277773190.0,0.10065087994993327,positive,877619106
TSLA,2026-06-30,2026-03-31,4292,4211.0,81.0,0.01923533602469729,804,754.0,50.0,0.06631299734748008,693428007439.0,651714463898.0,0.06400585816602122,3514550957.0,1804431091.0,0.9477335402441256,positive,88160R101
TSM,2026-06-30,2026-03-31,1,1.0,0.0,0.0,0,1.0,-1.0,-1.0,18843.0,46183918.0,-0.9995920008345762,249077.0,502466.0,-0.5042908375890109,negative,006889106
TSN,2026-06-30,2026-03-31,874,898.0,-24.0,-0.026726057906458767,128,118.0,10.0,0.0847457627118644,14656036001.0,16794649352.0,-0.12733897005984962,281192146.0,270921170.0,0.03791130829680078,positive,902494103
TSQ,2026-06-30,2026-03-31,63,65.0,-2.0,-0.03076923076923077,1,1.0,0.0,0.0,67115029.0,56200999.0,0.19419637006808377,9659154.0,10559300.0,-0.08524674931103382,neutral,892231101
TSSI,2026-06-30,2026-03-31,126,109.0,17.0,0.15596330275229353,3,2.0,1.0,0.5,159660860.0,142303107.0,0.1219773297008897,13155668.0,11023413.0,0.1934296574028389,positive,87288V101
TT,2026-06-30,2026-03-31,2,4.0,-2.0,-0.5,1,1.0,0.0,0.0,20833363.0,17726197.0,0.17528666752377853,70042.0,71942.0,-0.02641016374301519,neutral,00BK9ZQ96
TTAM,2026-06-30,2026-03-31,112,114.0,-2.0,-0.01754385964912286,11,10.0,1.0,0.10000000000000009,521522895.0,435120231.0,0.19857192988114591,28128675.0,29774529.0,-0.05527724720683236,positive,B9151N105
TTD,2026-06-30,2026-03-31,686,780.0,-94.0,-0.12051282051282053,74,82.0,-8.0,-0.09756097560975607,6807216636.0,8959825173.0,-0.24025117627147252,392524895.0,401761354.0,-0.022989914057288896,negative,88339J105
TTE,2026-06-30,2026-03-31,17,27.0,-10.0,-0.37037037037037035,3,5.0,-2.0,-0.4,149409878.0,419456611.0,-0.643801351363133,2670393.0,5965678.0,-0.5523739296690167,negative,00B15C557
TTEK,2026-06-30,2026-03-31,568,604.0,-36.0,-0.05960264900662249,93,93.0,0.0,0.0,7248240889.0,7558801496.0,-0.04108595882089827,314134979.0,306790916.0,0.02393833264606826,neutral,88162G103
TTGT,2026-06-30,2026-03-31,116,106.0,10.0,0.09433962264150941,2,2.0,0.0,0.0,116138006.0,118111908.0,-0.016712133716441202,32268989.0,30434331.0,0.06028251450639743,neutral,87874R308
TTI,2026-06-30,2026-03-31,245,240.0,5.0,0.02083333333333326,43,26.0,17.0,0.6538461538461537,1541132398.0,1078607970.0,0.42881606743551126,138926952.0,127596159.0,0.08880199128878163,positive,88162F105
TTMI,2026-06-30,2026-03-31,638,525.0,113.0,0.21523809523809523,129,96.0,33.0,0.34375,17696079465.0,9598519823.0,0.8436258705844004,120546481.0,102378525.0,0.17745866137454125,positive,87305R109
TTWO,2026-06-30,2026-03-31,1118,1053.0,65.0,0.06172839506172845,250,201.0,49.0,0.24378109452736307,42685259085.0,35003468754.0,0.21945797386500931,242137992.0,182359667.0,0.32780453037348445,positive,874054109
TU,2026-06-30,2026-03-31,292,291.0,1.0,0.0034364261168384758,59,60.0,-1.0,-0.01666666666666672,7401212961.0,9500227892.0,-0.22094363996968425,688854887.0,741272583.0,-0.07071311849665429,negative,87971M103
TULP,2026-06-30,2026-03-31,10,7.0,3.0,0.4285714285714286,0,0.0,0.0,,1440361.0,903296.0,0.5945614726512682,401215.0,229263.0,0.7500207185633967,neutral,45765Y204
TUSK,2026-06-30,2026-03-31,96,90.0,6.0,0.06666666666666665,2,2.0,0.0,0.0,83598478.0,88032260.0,-0.05036542285748424,26095597.0,36134007.0,-0.277810595431611,neutral,56155L108
TV,2026-06-30,2026-03-31,108,110.0,-2.0,-0.018181818181818188,7,7.0,0.0,0.0,307262449.0,342970299.0,-0.10411353433260417,125076594.0,131760153.0,-0.050725191553170124,neutral,40049J206
TVRD,2026-06-30,2026-03-31,59,67.0,-8.0,-0.11940298507462688,0,0.0,0.0,,4211694.0,9701584.0,-0.5658756343294044,2227893.0,3050286.0,-0.26961176755228855,neutral,140755307
TVTX,2026-06-30,2026-03-31,320,262.0,58.0,0.22137404580152675,72,45.0,27.0,0.6000000000000001,5921972249.0,3589405895.0,0.6498474739926285,112384315.0,122452081.0,-0.08221800656862666,positive,89422G107
TWAV,2026-06-30,2026-03-31,17,14.0,3.0,0.2142857142857142,0,0.0,0.0,,251017.0,376517.0,-0.3333182831054109,197808.0,263917.0,-0.25049163183879786,neutral,674434303
TWFG,2026-06-30,2026-03-31,83,85.0,-2.0,-0.02352941176470591,5,5.0,0.0,0.0,212357981.0,170927054.0,0.24238952249185775,9765710.0,11606023.0,-0.15856534146106727,neutral,87318A101
TWI,2026-06-30,2026-03-31,172,183.0,-11.0,-0.060109289617486295,12,11.0,1.0,0.09090909090909083,440691637.0,427131213.0,0.03174767749881102,57618488.0,62575290.0,-0.07921340835975355,positive,88830M102
TWIN,2026-06-30,2026-03-31,95,79.0,16.0,0.20253164556962022,6,4.0,2.0,0.5,216245743.0,146758866.0,0.47347651895865694,9516798.0,9924269.0,-0.04105803661710494,positive,901476101
TWLO,2026-06-30,2026-03-31,967,821.0,146.0,0.17783191230207063,184,130.0,54.0,0.41538461538461546,28212360681.0,17793868745.0,0.5855102162045311,185951556.0,144767596.0,0.2844832762160394,positive,90138F102
TWST,2026-06-30,2026-03-31,338,283.0,55.0,0.19434628975265023,77,52.0,25.0,0.48076923076923084,7284144229.0,3715188772.0,0.9606390619765794,84825224.0,80026289.0,0.05996698160025882,positive,90184D100
TXG,2026-06-30,2026-03-31,393,332.0,61.0,0.1837349397590362,53,41.0,12.0,0.29268292682926833,4708397697.0,2741126005.0,0.717687435167724,134920548.0,131480855.0,0.026161170004560752,positive,88025U109
TXMD,2026-06-30,2026-03-31,46,49.0,-3.0,-0.061224489795918324,0,0.0,0.0,,8070722.0,8637175.0,-0.06558313337404875,3666519.0,4284602.0,-0.14425680611641412,neutral,88338N206
TXN,2026-06-30,2026-03-31,0,1.0,-1.0,-1.0,0,0.0,0.0,,0.0,7000.0,-1.0,0.0,39.0,-1.0,neutral,
TXNM,2026-06-30,2026-03-31,387,381.0,6.0,0.015748031496062964,81,76.0,5.0,0.06578947368421062,6424498370.0,6686225156.0,-0.03914417775254475,121764750.0,116251999.0,0.0474206985464396,positive,69349H107
TXRH,2026-06-30,2026-03-31,647,624.0,23.0,0.03685897435897445,112,106.0,6.0,0.05660377358490565,11971595897.0,10787932812.0,0.1097210286370478,81206831.0,69569104.0,0.16728297952493398,positive,882681109
TXT,2026-06-30,2026-03-31,791,793.0,-2.0,-0.0025220680958385477,113,116.0,-3.0,-0.025862068965517238,13493195095.0,13526255017.0,-0.0024441297283283037,185504467.0,168732852.0,0.09939744869600142,negative,883203101
TYGO,2026-06-30,2026-03-31,76,50.0,26.0,0.52,0,2.0,-2.0,-1.0,52048015.0,79217048.0,-0.3429695209041367,23583082.0,21730069.0,0.08527414247971321,negative,88675P103
TYL,2026-06-30,2026-03-31,764,787.0,-23.0,-0.029224904701397714,120,123.0,-3.0,-0.024390243902439046,12039496904.0,13383301129.0,-0.10040902554961861,62861680.0,43452968.0,0.4466602143264413,negative,902252105
TYRA,2026-06-30,2026-03-31,172,164.0,8.0,0.04878048780487809,30,30.0,0.0,0.0,2132748656.0,2717811509.0,-0.21526984158488238,70473206.0,72167611.0,-0.023478745887819397,neutral,90240B106
TZOO,2026-06-30,2026-03-31,72,87.0,-15.0,-0.1724137931034483,0,0.0,0.0,,36731786.0,21436282.0,0.7135334383080052,3682049.0,4145770.0,-0.11185401023211616,neutral,89421Q205
U,2026-06-30,2026-03-31,565,532.0,33.0,0.06203007518796988,92,78.0,14.0,0.17948717948717952,10566146094.0,7842741030.0,0.34725168835518727,388056229.0,366865993.0,0.057760153310257856,positive,91332U101
UAMY,2026-06-30,2026-03-31,241,237.0,4.0,0.016877637130801704,14,12.0,2.0,0.16666666666666674,580011205.0,606834765.0,-0.044202411508180495,91733980.0,80440660.0,0.14039317927028439,positive,911549103
UBER,2026-06-30,2026-03-31,2430,2452.0,-22.0,-0.00897226753670477,525,517.0,8.0,0.015473887814313247,122312907291.0,134575278577.0,-0.0911190481317401,1907713383.0,1908501751.0,-0.0004130821465513357,positive,90353T100
UBS,2026-06-30,2026-03-31,36,36.0,0.0,0.0,0,1.0,-1.0,-1.0,12928838.0,117398715.0,-0.8898724061843437,257414.0,2832453.0,-0.9091197629757669,negative,22542D225
UCAR,2026-06-30,2026-03-31,7,9.0,-2.0,-0.2222222222222222,0,0.0,0.0,,125251.0,97978.0,0.2783584069893241,101425.0,2812266.0,-0.9639347771512368,neutral,G9520U124
UDR,2026-06-30,2026-03-31,524,529.0,-5.0,-0.009451795841209809,99,87.0,12.0,0.13793103448275867,12958498752.0,10855761571.0,0.19369780436383532,357632099.0,348705303.0,0.025599828632373756,positive,902653104
UFCS,2026-06-30,2026-03-31,232,221.0,11.0,0.04977375565610864,17,11.0,6.0,0.5454545454545454,910001433.0,666445378.0,0.36545538920370446,20157604.0,18392368.0,0.09597654853360926,positive,910340108
UFI,2026-06-30,2026-03-31,51,50.0,1.0,0.020000000000000018,0,0.0,0.0,,34557450.0,30692609.0,0.1259209016737548,7412875.0,8619103.0,-0.13994820574716416,neutral,904677200
UFPI,2026-06-30,2026-03-31,389,400.0,-11.0,-0.02749999999999997,52,47.0,5.0,0.1063829787234043,4398657015.0,4612769505.0,-0.0464173399013138,55743209.0,51732887.0,0.07751977963263479,positive,90278Q108
UFPT,2026-06-30,2026-03-31,281,273.0,8.0,0.0293040293040292,46,38.0,8.0,0.21052631578947367,2358651843.0,1658426680.0,0.4222225627725671,11992635.0,9151349.0,0.3104772859170817,positive,902673102
UG,2026-06-30,2026-03-31,28,26.0,2.0,0.07692307692307687,0,0.0,0.0,,6312886.0,6893161.0,-0.0841812631389286,884148.0,1033235.0,-0.1442914728982274,neutral,910571108
UI,2026-06-30,2026-03-31,360,387.0,-27.0,-0.06976744186046513,39,37.0,2.0,0.054054054054053946,1542099631.0,2177707958.0,-0.2918703238719579,3026463.0,2845191.0,0.0637117156633773,positive,90353W103
UIS,2026-06-30,2026-03-31,155,156.0,-1.0,-0.0064102564102563875,7,3.0,4.0,1.3333333333333335,209747833.0,123667324.0,0.6960651060905951,59552078.0,61562246.0,-0.032652609847925285,positive,909214306
UK,2026-06-30,2026-03-31,2,,,,0,,,,828.0,,,408.0,,,unavailable,G9449A142
ULBI,2026-06-30,2026-03-31,54,50.0,4.0,0.08000000000000007,0,0.0,0.0,,29410117.0,35243852.0,-0.1655248977892655,5355372.0,6071800.0,-0.11799268750617609,neutral,903899102
ULCC,2026-06-30,2026-03-31,1,1.0,0.0,0.0,0,0.0,0.0,,54.0,54.0,0.0,1.0,1.0,0.0,neutral,35906P105
ULH,2026-06-30,2026-03-31,76,70.0,6.0,0.08571428571428563,2,4.0,-2.0,-0.5,110078144.0,162336490.0,-0.3219137360922366,7435980.0,7685105.0,-0.03241660328648732,negative,91388P105
ULS,2026-06-30,2026-03-31,392,370.0,22.0,0.05945945945945952,82,79.0,3.0,0.03797468354430378,7720102702.0,6900358333.0,0.11879736231663318,96801927.0,94360207.0,0.02587658587904529,positive,903731107
ULTA,2026-06-30,2026-03-31,1026,1103.0,-77.0,-0.06980961015412512,161,183.0,-22.0,-0.1202185792349727,17793996527.0,21930401332.0,-0.18861509839148805,72279654.0,46522649.0,0.55364441951704,negative,90384S303
UMC,2026-06-30,2026-03-31,0,1.0,-1.0,-1.0,0,1.0,-1.0,-1.0,0.0,86187629.0,-1.0,0.0,3501815.0,-1.0,negative,
UNB,2026-06-30,2026-03-31,52,53.0,-1.0,-0.018867924528301883,0,0.0,0.0,,19112745.0,26638233.0,-0.2825070266485018,788389.0,1085542.0,-0.2737369903697876,neutral,905400107
UNCY,2026-06-30,2026-03-31,81,51.0,30.0,0.588235294117647,1,2.0,-1.0,-0.5,61477509.0,82244092.0,-0.2524993892570423,13119655.0,12563144.0,0.04429711225151922,negative,90466Y202
UNH,2026-06-30,2026-03-31,3379,3058.0,321.0,0.10497056899934587,702,553.0,149.0,0.26943942133815546,318233685853.0,211933539576.0,0.5015730237397391,1384840901.0,821336345.0,0.6860825768035383,positive,91324P102
UNIT,2026-06-30,2026-03-31,283,270.0,13.0,0.04814814814814805,31,25.0,6.0,0.24,2535688513.0,2046807713.0,0.23885037998193237,237731980.0,240043348.0,-0.009628960849187962,positive,912932100
UNM,2026-06-30,2026-03-31,763,703.0,60.0,0.08534850640113789,114,96.0,18.0,0.1875,12430644666.0,9570753965.0,0.29881561175415716,158819727.0,136805056.0,0.16092001014933244,positive,91529Y106
UNP,2026-06-30,2026-03-31,1,2.0,-1.0,-0.5,0,0.0,0.0,,3086922.0,1129708.0,1.7324954767072551,11359.0,51892.0,-0.781103060201958,neutral,09234E102
UP,2026-06-30,2026-03-31,63,97.0,-34.0,-0.35051546391752575,2,2.0,0.0,0.0,264618169.0,295518524.0,-0.104563174523706,29623533.0,581378710.0,-0.949046064999525,neutral,96328L304
UPB,2026-06-30,2026-03-31,151,141.0,10.0,0.07092198581560294,7,7.0,0.0,0.0,349099198.0,428413555.0,-0.18513503150011212,51153292.0,47612985.0,0.07435591362314287,neutral,91678A107
UPBD,2026-06-30,2026-03-31,261,242.0,19.0,0.07851239669421495,23,19.0,4.0,0.21052631578947367,1190097834.0,1008469553.0,0.18010289002745927,60670583.0,59275337.0,0.023538390005273246,positive,76009N100
UPC,2026-06-30,2026-03-31,4,,,,0,,,,125464.0,,,37453.0,,,unavailable,G9442G138
UPLD,2026-06-30,2026-03-31,28,46.0,-18.0,-0.3913043478260869,0,0.0,0.0,,3685425.0,7856371.0,-0.530899826395673,901420.0,13075648.0,-0.9310611604105586,neutral,91544A208
UPS,2026-06-30,2026-03-31,2,2.0,0.0,0.0,0,0.0,0.0,,85000.0,131903.0,-0.35558706018816855,4490.0,5090.0,-0.11787819253438114,neutral,91131210R
UPWK,2026-06-30,2026-03-31,298,293.0,5.0,0.017064846416382284,21,27.0,-6.0,-0.2222222222222222,994434227.0,1276324494.0,-0.22086097095618384,129461741.0,142555724.0,-0.09185168180268932,negative,91688F104
UPXI,2026-06-30,2026-03-31,48,55.0,-7.0,-0.12727272727272732,0,0.0,0.0,,10049019.0,17666341.0,-0.43117711811404524,13046242.0,18291570.0,-0.2867620439360864,neutral,39959A205
URBN,2026-06-30,2026-03-31,420,415.0,5.0,0.012048192771084265,56,62.0,-6.0,-0.09677419354838712,4337345352.0,4110054284.0,0.05530123261019204,68837332.0,67618969.0,0.018018065315370313,negative,917047102
URGN,2026-06-30,2026-03-31,192,174.0,18.0,0.10344827586206895,28,22.0,6.0,0.2727272727272727,1487497446.0,813764939.0,0.8279202933317824,44265523.0,47071427.0,-0.059609495161470294,positive,M96088105
URI,2026-06-30,2026-03-31,1591,1466.0,125.0,0.08526603001364252,335,267.0,68.0,0.25468164794007486,64078136510.0,44284800966.0,0.4469555041964959,172006728.0,62018174.0,1.7734890743477871,positive,911363109
UROY,2026-06-30,2026-03-31,4,,,,0,,,,3368999.0,,,1211870.0,,,unavailable,91703D100
USAR,2026-06-30,2026-03-31,393,320.0,73.0,0.2281249999999999,40,34.0,6.0,0.17647058823529416,2795484873.0,2030459787.0,0.3767743103793859,144479577.0,136676464.0,0.05709185599065547,positive,91733P107
USCB,2026-06-30,2026-03-31,98,93.0,5.0,0.053763440860215006,8,6.0,2.0,0.33333333333333326,220559360.0,198843917.0,0.10920848536694239,12507907.0,12114127.0,0.032505850400941005,positive,90355N101
USEA,2026-06-30,2026-03-31,15,19.0,-4.0,-0.21052631578947367,0,0.0,0.0,,1460235.0,1179128.0,0.23840244655372445,607211.0,637886.0,-0.048088529925409906,neutral,Y92335101
USIO,2026-06-30,2026-03-31,33,28.0,5.0,0.1785714285714286,0,0.0,0.0,,15040179.0,8016979.0,0.8760407130915524,6228389.0,6982412.0,-0.10798890125647131,neutral,917313108
USNA,2026-06-30,2026-03-31,139,139.0,0.0,0.0,6,6.0,0.0,0.0,263763206.0,189053659.0,0.3951764139090268,12535774.0,10992368.0,0.1404070533300923,neutral,90328M107
USPH,2026-06-30,2026-03-31,221,229.0,-8.0,-0.03493449781659386,20,27.0,-7.0,-0.2592592592592593,1095048497.0,1240712441.0,-0.1174034685124915,17506131.0,17023912.0,0.02832598053843327,negative,90337L108
UTHR,2026-06-30,2026-03-31,882,855.0,27.0,0.03157894736842115,160,164.0,-4.0,-0.024390243902439046,21762604591.0,25109622091.0,-0.13329621162238303,75580162.0,44849702.0,0.685187607266599,negative,91307C102
UTL,2026-06-30,2026-03-31,245,238.0,7.0,0.02941176470588225,22,19.0,3.0,0.1578947368421053,809506837.0,790950516.0,0.023460786262386124,16859672.0,15586621.0,0.08167588087244826,positive,913259107
UTMD,2026-06-30,2026-03-31,117,120.0,-3.0,-0.025000000000000022,4,5.0,-1.0,-0.19999999999999996,159563328.0,147463368.0,0.08205400543950692,2357659.0,2419007.0,-0.02536081954289504,negative,917488108
UTSI,2026-06-30,2026-03-31,11,13.0,-2.0,-0.15384615384615385,0,0.0,0.0,,209608.0,210413.0,-0.003825809241824407,84181.0,85736.0,-0.01813707194177472,neutral,G9310A122
UTZ,2026-06-30,2026-03-31,236,226.0,10.0,0.04424778761061954,20,22.0,-2.0,-0.09090909090909094,577680991.0,618719905.0,-0.06632874369865316,79327144.0,82291808.0,-0.036026234834942494,negative,918090101
UWMC,2026-06-30,2026-03-31,294,289.0,5.0,0.01730103806228378,19,22.0,-3.0,-0.13636363636363635,577094178.0,782766961.0,-0.2627509760213296,276553360.0,219648079.0,0.2590747948221299,negative,91823B109
UYSC,2026-06-30,2026-03-31,17,19.0,-2.0,-0.10526315789473684,1,0.0,1.0,,34456069.0,38888782.0,-0.11398436186558891,3253080.0,3852075.0,-0.1554993088140807,positive,G93Y0A104
V,2026-06-30,2026-03-31,4566,4480.0,86.0,0.01919642857142856,1186,1118.0,68.0,0.06082289803220031,495523330748.0,462072374909.0,0.0723933254949245,2579803168.0,1607622119.0,0.6047323170725794,positive,92826C839
VABK,2026-06-30,2026-03-31,94,91.0,3.0,0.03296703296703307,3,3.0,0.0,0.0,122655222.0,111913171.0,0.09598558332334273,2802957.0,2938015.0,-0.045969132220223474,neutral,928031103
VAL,2026-06-30,2026-03-31,338,360.0,-22.0,-0.061111111111111116,55,64.0,-9.0,-0.140625,4630121343.0,6169767421.0,-0.24954685856706948,68610400.0,64747007.0,0.059669059297212,negative,G9460G101
VALU,2026-06-30,2026-03-31,54,53.0,1.0,0.018867924528301883,0,0.0,0.0,,21177265.0,19176730.0,0.1043209660875446,524115.0,543006.0,-0.034789670832366504,neutral,920437100
VATE,2026-06-30,2026-03-31,50,31.0,19.0,0.6129032258064515,2,0.0,2.0,,58767146.0,14906718.0,2.9423262719533567,3147751.0,2624291.0,0.199467208476499,positive,45784J303
VBNK,2026-06-30,2026-03-31,53,44.0,9.0,0.20454545454545459,9,5.0,4.0,0.8,254820391.0,162488714.0,0.5682344005750455,12480120.0,11564216.0,0.07920156455050642,positive,92512J106
VC,2026-06-30,2026-03-31,323,318.0,5.0,0.01572327044025168,50,49.0,1.0,0.020408163265306145,2985769632.0,2807187831.0,0.06361590736035083,35616303.0,33125396.0,0.0751962935024233,positive,92839U206
VCEL,2026-06-30,2026-03-31,321,280.0,41.0,0.14642857142857135,50,38.0,12.0,0.3157894736842106,2410476412.0,1803286696.0,0.33671280187828767,58938183.0,58388766.0,0.00940963540829065,positive,92346J108
VCIG,2026-06-30,2026-03-31,4,5.0,-1.0,-0.19999999999999996,0,0.0,0.0,,90158.0,535.0,167.5196261682243,33392.0,21884.0,0.5258636446719065,neutral,G98218400
VCYT,2026-06-30,2026-03-31,372,334.0,38.0,0.11377245508982026,64,44.0,20.0,0.4545454545454546,5212250765.0,2914286126.0,0.788517166690859,96386211.0,92680088.0,0.03998834140079799,positive,92337F107
VEEA,2026-06-30,2026-03-31,15,15.0,0.0,0.0,0,0.0,0.0,,490116.0,924709.0,-0.4699781228472958,2087211.0,2191150.0,-0.047435821372338705,neutral,693489122
VEEE,2026-06-30,2026-03-31,7,12.0,-5.0,-0.41666666666666663,0,0.0,0.0,,67061.0,270805.0,-0.7523642473366444,12921.0,1054517.0,-0.9877469969663837,neutral,90177C309
VEL,2026-06-30,2026-03-31,102,100.0,2.0,0.020000000000000018,5,6.0,-1.0,-0.16666666666666663,720653466.0,707453415.0,0.01865854446401949,39045116.0,39122824.0,-0.001986257433768124,negative,92262D101
VELO,2026-06-30,2026-03-31,136,67.0,69.0,1.0298507462686568,7,2.0,5.0,2.5,213847967.0,71398065.0,1.9951507369282346,12261718.0,7637156.0,0.6055345733411757,positive,92259N302
VERA,2026-06-30,2026-03-31,222,230.0,-8.0,-0.034782608695652195,51,49.0,2.0,0.04081632653061229,3185771012.0,2889290339.0,0.10261366571509511,80586953.0,76249002.0,0.05689190528683907,positive,92337R101
VERI,2026-06-30,2026-03-31,92,96.0,-4.0,-0.04166666666666663,0,1.0,-1.0,-1.0,37705765.0,51628016.0,-0.26966465261806694,27790021.0,27205881.0,0.021471092959643556,negative,92347M100
VERU,2026-06-30,2026-03-31,62,59.0,3.0,0.05084745762711873,0,0.0,0.0,,8592137.0,8514827.0,0.00907945634127394,3031979.0,4056274.0,-0.25252115611519343,neutral,92536C202
VERX,2026-06-30,2026-03-31,229,222.0,7.0,0.03153153153153143,27,27.0,0.0,0.0,862453993.0,990882534.0,-0.1296102581216756,76481810.0,83696482.0,-0.08620042118377214,neutral,92538J106
VET,2026-06-30,2026-03-31,162,160.0,2.0,0.012499999999999956,24,29.0,-5.0,-0.1724137931034483,828459411.0,1257008484.0,-0.3409277490604431,86654016.0,91688487.0,-0.05490843141516777,negative,923725105
VFC,2026-06-30,2026-03-31,555,557.0,-2.0,-0.0035906642728904536,73,67.0,6.0,0.08955223880597019,6668843406.0,6863971682.0,-0.028427896419168208,408355656.0,407450406.0,0.002221742785550207,positive,918204108
VFS,2026-06-30,2026-03-31,38,34.0,4.0,0.11764705882352944,0,0.0,0.0,,12196196.0,16230923.0,-0.2485827207731809,4214185.0,4476037.0,-0.05850085689640183,neutral,Y9390M103
VG,2026-06-30,2026-03-31,375,334.0,41.0,0.1227544910179641,64,64.0,0.0,0.0,5048925753.0,7197611037.0,-0.29852756323653507,465242568.0,464286432.0,0.002059366662689799,neutral,92333F101
VGAS,2026-06-30,2026-03-31,46,58.0,-12.0,-0.2068965517241379,0,0.0,0.0,,1314827.0,2719648.0,-0.5165451558436974,4211062.0,5488550.0,-0.23275509925207938,neutral,923372106
VIA,2026-06-30,2026-03-31,130,129.0,1.0,0.007751937984496138,16,12.0,4.0,0.33333333333333326,837542616.0,595393246.0,0.4067049326253189,46955841.0,39736764.0,0.18167249351255688,positive,92556W104
VIAV,2026-06-30,2026-03-31,566,468.0,98.0,0.20940170940170932,117,80.0,37.0,0.4624999999999999,10580991728.0,7411724987.0,0.4276017724023522,256209660.0,246843647.0,0.03794309926072348,positive,925550105
VICI,2026-06-30,2026-03-31,5,293.0,-288.0,-0.9829351535836177,0,48.0,-48.0,-1.0,1811577.0,2500474037.0,-0.9992755065746759,28325.0,32642713.0,-0.9991322718794851,negative,126349109
VICR,2026-06-30,2026-03-31,515,371.0,144.0,0.3881401617250675,74,47.0,27.0,0.574468085106383,7180644304.0,3174691673.0,1.2618399024603484,70925155.0,22332119.0,2.1759258940004753,positive,925815102
VIK,2026-06-30,2026-03-31,613,511.0,102.0,0.19960861056751478,126,103.0,23.0,0.2233009708737863,21132261550.0,14065552632.0,0.5024124613435239,214936175.0,209197231.0,0.027433173816722167,positive,G93A5A101
VINP,2026-06-30,2026-03-31,43,45.0,-2.0,-0.0444444444444444,2,2.0,0.0,0.0,155478457.0,110146834.0,0.41155629584414566,15980657.0,10465551.0,0.526977127147916,neutral,G9451V109
VIR,2026-06-30,2026-03-31,239,253.0,-14.0,-0.055335968379446654,29,31.0,-2.0,-0.06451612903225812,1508861569.0,1319392072.0,0.14360363459876835,150438344.0,148426823.0,0.013552274173516565,negative,92764N102
VIRC,2026-06-30,2026-03-31,68,73.0,-5.0,-0.06849315068493156,0,0.0,0.0,,30385619.0,39857443.0,-0.23764254019004682,5341754.0,7103476.0,-0.24800843981172038,neutral,927651109
VISN,2026-06-30,2026-03-31,353,335.0,18.0,0.0537313432835822,54,59.0,-5.0,-0.0847457627118644,2975713377.0,3861628344.0,-0.2294148706403839,239969262.0,213849912.0,0.12213869884594586,negative,20337X109
VITL,2026-06-30,2026-03-31,229,267.0,-38.0,-0.14232209737827717,10,17.0,-7.0,-0.4117647058823529,416489038.0,651767313.0,-0.3609850790415444,37714675.0,51462970.0,-0.26714927257404697,negative,92847W103
VIVO,2026-06-30,2026-03-31,31,31.0,0.0,0.0,0,0.0,0.0,,7344405.0,1933665.0,2.7981785883283816,1420342.0,899837.0,0.5784436514613203,neutral,G9376R209
VIVS,2026-06-30,2026-03-31,26,24.0,2.0,0.08333333333333326,0,0.0,0.0,,90726.0,162133.0,-0.4404223692894106,103294.0,113385.0,-0.0889976628301804,neutral,68620A302
VKQ,2026-06-30,2026-03-31,92,92.0,0.0,0.0,3,3.0,0.0,0.0,143781129.0,145522007.0,-0.011962987838671002,15093376.0,16532822.0,-0.08706595885445323,neutral,46131J103
VKTX,2026-06-30,2026-03-31,437,417.0,20.0,0.04796163069544357,52,44.0,8.0,0.18181818181818188,2979004665.0,2652205022.0,0.12321809222484759,82016429.0,80579076.0,0.017837794516283534,positive,92686J106
VLN,2026-06-30,2026-03-31,63,57.0,6.0,0.10526315789473695,2,1.0,1.0,1.0,135559515.0,38771227.0,2.4963947620228786,42899038.0,39278029.0,0.09218917273063787,positive,M9607U115
VMD,2026-06-30,2026-03-31,168,150.0,18.0,0.1200000000000001,8,5.0,3.0,0.6000000000000001,302608450.0,253123349.0,0.19549797043812034,27297493.0,27978722.0,-0.02434810996728154,positive,92663R105
VNDA,2026-06-30,2026-03-31,173,171.0,2.0,0.011695906432748648,7,8.0,-1.0,-0.125,289450214.0,315752323.0,-0.08329981154247912,50671024.0,49145098.0,0.03104940395072564,negative,921659108
VNME,2026-06-30,2026-03-31,45,45.0,0.0,0.0,6,4.0,2.0,0.5,184754498.0,160453336.0,0.15145314273802324,25985659.0,23682119.0,0.09726916750988379,positive,G9580A109
VNOM,2026-06-30,2026-03-31,495,489.0,6.0,0.012269938650306678,82,89.0,-7.0,-0.0786516853932584,7865154621.0,8986831403.0,-0.12481337767453382,209408565.0,205540439.0,0.018819294241168683,negative,64361Q101
VNT,2026-06-30,2026-03-31,460,493.0,-33.0,-0.06693711967545635,64,68.0,-4.0,-0.05882352941176472,4236609859.0,5201223248.0,-0.18545894744489533,159062706.0,155450715.0,0.023235602357956298,negative,928881101
VOR,2026-06-30,2026-03-31,104,80.0,24.0,0.30000000000000004,21,16.0,5.0,0.3125,910011557.0,742281973.0,0.2259647817151016,49484194.0,41898169.0,0.1810586281228661,positive,929033207
VOXR,2026-06-30,2026-03-31,130,117.0,13.0,0.11111111111111116,3,3.0,0.0,0.0,289604310.0,198624512.0,0.4580491958615862,61399546.0,39512904.0,0.5539112488416442,neutral,92919F103
VOYA,2026-06-30,2026-03-31,515,464.0,51.0,0.10991379310344818,84,65.0,19.0,0.2923076923076924,7540371608.0,6351277321.0,0.18722128272817717,107488906.0,106671703.0,0.007660916410043628,positive,929089100
VPG,2026-06-30,2026-03-31,216,155.0,61.0,0.3935483870967742,31,15.0,16.0,1.0666666666666669,1522290824.0,498990135.0,2.050743325817453,18050261.0,12824886.0,0.40744026886476803,positive,92835K103
VRA,2026-06-30,2026-03-31,67,74.0,-7.0,-0.09459459459459463,0,0.0,0.0,,40277475.0,37362467.0,0.07801968751153399,10740004.0,12051441.0,-0.10881993281965208,neutral,92335C106
VRAX,2026-06-30,2026-03-31,2,3.0,-1.0,-0.33333333333333337,0,0.0,0.0,,77584.0,202209.0,-0.6163177702278335,26389.0,919547.0,-0.9713021737877455,neutral,G9495L133
VRCA,2026-06-30,2026-03-31,44,39.0,5.0,0.1282051282051282,0,0.0,0.0,,28688496.0,26265780.0,0.09223849434511378,4751054.0,4966669.0,-0.04341239571229727,neutral,92511W207
VREX,2026-06-30,2026-03-31,189,178.0,11.0,0.061797752808988804,10,12.0,-2.0,-0.16666666666666663,397593395.0,429179970.0,-0.07359750502801887,41222754.0,43767960.0,-0.058152264807407095,negative,92214X106
VRM,2026-06-30,2026-03-31,38,47.0,-9.0,-0.19148936170212771,1,2.0,-1.0,-0.5,37482385.0,71389154.0,-0.4749568680979186,4867889.0,5363595.0,-0.09242047544603949,negative,92918V307
VRME,2026-06-30,2026-03-31,23,22.0,1.0,0.045454545454545414,0,0.0,0.0,,593071.0,844571.0,-0.2977843189027328,1018618.0,1159597.0,-0.12157585781957003,neutral,92346X206
VRRM,2026-06-30,2026-03-31,316,289.0,27.0,0.09342560553633228,15,38.0,-23.0,-0.6052631578947368,661715929.0,2121515764.0,-0.6880928531248001,157097806.0,160433370.0,-0.020790961381662698,negative,92511U102
VRSK,2026-06-30,2026-03-31,962,966.0,-4.0,-0.0041407867494823725,192,186.0,6.0,0.032258064516129004,22789362915.0,26768430114.0,-0.14864776089050258,343500828.0,142469518.0,1.4110478706048544,positive,92345Y106
VRT,2026-06-30,2026-03-31,2054,1839.0,215.0,0.1169113648722131,451,385.0,66.0,0.17142857142857149,101231464939.0,83845225478.0,0.20736111522011402,504527955.0,349515997.0,0.4435046158988827,positive,92537N108
VS,2026-06-30,2026-03-31,6,5.0,1.0,0.19999999999999996,0,0.0,0.0,,75492.0,46678.0,0.6172929431423797,58606.0,38645.0,0.5165221891577176,neutral,92540Q106
VSAT,2026-06-30,2026-03-31,486,399.0,87.0,0.21804511278195493,87,53.0,34.0,0.6415094339622642,12399308889.0,5938411646.0,1.0879840651248784,156950834.0,136295211.0,0.15155061464338604,positive,92552V100
VSEC,2026-06-30,2026-03-31,384,357.0,27.0,0.07563025210084029,89,78.0,11.0,0.14102564102564097,7076434556.0,6019786788.0,0.17552910181243453,41593210.0,37451842.0,0.11057848636657175,positive,918284100
VSEE,2026-06-30,2026-03-31,20,14.0,6.0,0.4285714285714286,0,0.0,0.0,,702956.0,1125154.0,-0.37523574550683725,6498621.0,4649696.0,0.3976442760989105,neutral,92919Y102
VSH,2026-06-30,2026-03-31,472,306.0,166.0,0.542483660130719,94,45.0,49.0,1.088888888888889,7916440186.0,2547674783.0,2.1073197563615405,170816462.0,146891929.0,0.16287166465081948,positive,928298108
VSME,2026-06-30,2026-03-31,3,2.0,1.0,0.5,0,0.0,0.0,,23070.0,4911.0,3.697617593158216,27068.0,4911.0,4.511708409692527,neutral,G9517U111
VST,2026-06-30,2026-03-31,1411,1324.0,87.0,0.06570996978851973,264,259.0,5.0,0.019305019305019266,44315831103.0,44923918080.0,-0.013535929255260593,351886937.0,305091695.0,0.15338091061443015,positive,92840M102
VSTD,2026-06-30,2026-03-31,11,7.0,4.0,0.5714285714285714,0,0.0,0.0,,64338.0,90045.0,-0.2854905880393137,347214.0,360542.0,-0.036966567001902706,neutral,98740Y302
VSTM,2026-06-30,2026-03-31,159,155.0,4.0,0.02580645161290329,12,15.0,-3.0,-0.19999999999999996,392381234.0,449015797.0,-0.12613044658649286,103127406.0,85169915.0,0.21084312459393661,negative,92337C203
VSTS,2026-06-30,2026-03-31,284,269.0,15.0,0.055762081784386686,33,22.0,11.0,0.5,1899038537.0,1068755997.0,0.776868192862173,134450284.0,138451101.0,-0.028896967746034785,positive,29430C102
VTGN,2026-06-30,2026-03-31,49,56.0,-7.0,-0.125,0,0.0,0.0,,2337445.0,8704936.0,-0.7314805071513449,11777858.0,16923001.0,-0.30403254127326473,neutral,92840H400
VTOL,2026-06-30,2026-03-31,224,220.0,4.0,0.018181818181818077,25,25.0,0.0,0.0,1174577767.0,1395197993.0,-0.15812825642446293,30551809.0,32272729.0,-0.053324278836165306,neutral,11040G103
VTR,2026-06-30,2026-03-31,953,935.0,18.0,0.019251336898395754,197,189.0,8.0,0.042328042328042326,45664324782.0,41831530297.0,0.09162453435931006,598246389.0,534743682.0,0.11875354330974597,positive,92276F100
VTRS,2026-06-30,2026-03-31,1031,1031.0,0.0,0.0,119,103.0,16.0,0.15533980582524265,15439420412.0,13444957177.0,0.1483428477118458,1088470538.0,1098425686.0,-0.00906310561277246,positive,92556V106
VTS,2026-06-30,2026-03-31,236,232.0,4.0,0.01724137931034475,12,11.0,1.0,0.09090909090909083,460950901.0,430747857.0,0.07011768836263754,28759941.0,23951159.0,0.20077450114209494,positive,92852X103
VTSI,2026-06-30,2026-03-31,34,42.0,-8.0,-0.19047619047619047,0,0.0,0.0,,5563105.0,8584390.0,-0.3519510413669463,1784223.0,2332828.0,-0.23516735910234277,neutral,92827K301
VTVT,2026-06-30,2026-03-31,45,35.0,10.0,0.2857142857142858,2,2.0,0.0,0.0,60282817.0,63303720.0,-0.04772078165390592,1607145.0,1596236.0,0.006834202461290184,neutral,918385204
VUZI,2026-06-30,2026-03-31,129,116.0,13.0,0.11206896551724133,3,3.0,0.0,0.0,94504688.0,76230685.0,0.23971977950873713,32937030.0,33232615.0,-0.008894424949706825,neutral,92921W300
VVOS,2026-06-30,2026-03-31,23,25.0,-2.0,-0.07999999999999996,0,0.0,0.0,,242880.0,2146965.0,-0.8868728647183349,531031.0,1822367.0,-0.7086037005718386,neutral,92859E207
VVV,2026-06-30,2026-03-31,453,420.0,33.0,0.07857142857142851,80,71.0,9.0,0.12676056338028174,5827124843.0,5141251328.0,0.1334059494941695,157279897.0,155751192.0,0.009815045267839828,positive,92047W101
VVX,2026-06-30,2026-03-31,333,295.0,38.0,0.12881355932203387,41,43.0,-2.0,-0.046511627906976716,2309157496.0,2224471534.0,0.03807014866480185,34132426.0,33320598.0,0.024364148566601296,negative,92242T101
VWAV,2026-06-30,2026-03-31,45,43.0,2.0,0.04651162790697683,0,0.0,0.0,,10521679.0,7594038.0,0.38551835005302837,4585782.0,3893091.0,0.17792828372108427,neutral,927950105
VYGR,2026-06-30,2026-03-31,138,135.0,3.0,0.022222222222222143,3,5.0,-2.0,-0.4,121013150.0,137938838.0,-0.12270429594310484,35209022.0,36215669.0,-0.0277958968533758,negative,92915B106
VYX,2026-06-30,2026-03-31,299,306.0,-7.0,-0.022875816993464082,23,19.0,4.0,0.21052631578947367,1357336779.0,985495575.0,0.37731392553436893,166043996.0,156774282.0,0.05912777199005137,positive,62886E108
VZ,2026-06-30,2026-03-31,3145,3282.0,-137.0,-0.04174283973187076,472,493.0,-21.0,-0.04259634888438135,125027484007.0,151347117854.0,-0.17390244505607144,3280767809.0,3117776665.0,0.052278004973778325,negative,92343V104
W,2026-06-30,2026-03-31,459,449.0,10.0,0.022271714922049046,98,94.0,4.0,0.042553191489361764,11344253199.0,9885428803.0,0.1475732034565138,135181120.0,132806544.0,0.01787996230065292,positive,94419L101
WABC,2026-06-30,2026-03-31,215,204.0,11.0,0.05392156862745101,20,18.0,2.0,0.11111111111111116,1085152171.0,1004800646.0,0.0799676287230413,20406949.0,19718499.0,0.03491391510073871,positive,957090103
WAFD,2026-06-30,2026-03-31,289,259.0,30.0,0.11583011583011582,35,31.0,4.0,0.12903225806451624,2414073890.0,2088180750.0,0.15606558005096072,67982772.0,67490678.0,0.007291288435419263,positive,938824109
WALD,2026-06-30,2026-03-31,76,82.0,-6.0,-0.07317073170731703,1,1.0,0.0,0.0,34697368.0,32277727.0,0.07496317816926834,23464377.0,38043636.0,-0.3832246476125468,neutral,G9503X103
WASH,2026-06-30,2026-03-31,179,185.0,-6.0,-0.032432432432432434,15,10.0,5.0,0.5,515175291.0,469109383.0,0.09819864975926085,15152865.0,14357282.0,0.055413204254119997,positive,940610108
WATT,2026-06-30,2026-03-31,54,32.0,22.0,0.6875,0,0.0,0.0,,49677209.0,15512874.0,2.2023214395991357,2065580.0,1018841.0,1.027382093967557,neutral,29272C301
WBUY,2026-06-30,2026-03-31,2,2.0,0.0,0.0,0,0.0,0.0,,28206.0,17780.0,0.5863892013498313,32421.0,18915.0,0.7140364789849325,neutral,G9513S110
WCN,2026-06-30,2026-03-31,840,800.0,40.0,0.050000000000000044,207,194.0,13.0,0.0670103092783505,34465864931.0,36476096350.0,-0.05511092524022243,293878348.0,232121902.0,0.26605178342886404,positive,94106B101
WD,2026-06-30,2026-03-31,268,255.0,13.0,0.050980392156862786,29,23.0,6.0,0.26086956521739135,1555567106.0,1356171644.0,0.14702818989186883,32528210.0,31741444.0,0.024786711026757224,positive,93148P102
WDAY,2026-06-30,2026-03-31,914,944.0,-30.0,-0.03177966101694918,172,170.0,2.0,0.0117647058823529,26371549876.0,28639835256.0,-0.07920036409863074,256264699.0,227550028.0,0.12619058434042474,positive,98138H101
WDC,2026-06-30,2026-03-31,1848,1423.0,425.0,0.2986647926914969,423,304.0,119.0,0.39144736842105265,206078686907.0,95906035303.0,1.1487561888668099,666332624.0,364666737.0,0.8272371905420044,positive,958102105
WDFC,2026-06-30,2026-03-31,387,382.0,5.0,0.01308900523560208,35,38.0,-3.0,-0.07894736842105265,2790522677.0,2515307530.0,0.1094161026902345,15719645.0,12871434.0,0.2212815603917948,negative,929236107
WEAV,2026-06-30,2026-03-31,186,181.0,5.0,0.027624309392265234,12,8.0,4.0,0.5,421280947.0,306206472.0,0.3758068020195211,70733529.0,66720477.0,0.060147231861067185,positive,94724R108
WEC,2026-06-30,2026-03-31,1408,1382.0,26.0,0.01881331403762654,203,201.0,2.0,0.00995024875621886,32928027108.0,35938953757.0,-0.08377891769911494,332368212.0,316898226.0,0.04881689050540783,positive,92939U106
WELL,2026-06-30,2026-03-31,1597,1497.0,100.0,0.0668002672010688,332,307.0,25.0,0.08143322475570036,150532635823.0,131412364085.0,0.14549827081440103,966144203.0,729837552.0,0.32377979230095844,positive,95040Q104
WEN,2026-06-30,2026-03-31,406,412.0,-6.0,-0.014563106796116498,28,32.0,-4.0,-0.125,1546788718.0,1429538578.0,0.08201957037356711,189604371.0,207230238.0,-0.08505451313528867,negative,95058W100
WENN,2026-06-30,2026-03-31,73,71.0,2.0,0.028169014084507005,7,9.0,-2.0,-0.2222222222222222,291661347.0,278091369.0,0.048796832669768975,41345142.0,39860933.0,0.0372346778736965,negative,G9R39C103
WERN,2026-06-30,2026-03-31,271,241.0,30.0,0.12448132780082988,48,35.0,13.0,0.37142857142857144,3030933774.0,1990651057.0,0.5225841632775925,73447055.0,68519220.0,0.07191901775881271,positive,950755108
WEST,2026-06-30,2026-03-31,150,130.0,20.0,0.15384615384615374,6,6.0,0.0,0.0,373698606.0,200738336.0,0.8616205227485796,48662438.0,50832615.0,-0.04269260985294576,neutral,96145W103
WETH,2026-06-30,2026-03-31,16,12.0,4.0,0.33333333333333326,0,0.0,0.0,,869451.0,963006.0,-0.097148927421013,798128.0,768930.0,0.03797224714863501,neutral,961881208
WETO,2026-06-30,2026-03-31,4,5.0,-1.0,-0.19999999999999996,0,0.0,0.0,,113616.0,19667.0,4.7769868307316825,172317.0,77627.0,1.2198075411905651,neutral,G9513A101
WEX,2026-06-30,2026-03-31,417,435.0,-18.0,-0.04137931034482756,64,63.0,1.0,0.015873015873015817,5597714649.0,6808072887.0,-0.17778279670171815,45622448.0,45031123.0,0.01313147353664701,positive,96208T104
WEYS,2026-06-30,2026-03-31,87,82.0,5.0,0.060975609756097615,3,3.0,0.0,0.0,96500298.0,85431815.0,0.12955926313867971,2478493.0,2684654.0,-0.07679239112377234,neutral,962149100
WFCF,2026-06-30,2026-03-31,15,21.0,-6.0,-0.2857142857142857,0,0.0,0.0,,7514211.0,10092574.0,-0.25547129998749574,586686.0,763697.0,-0.23178171447576723,neutral,96327X200
WFG,2026-06-30,2026-03-31,170,174.0,-4.0,-0.02298850574712641,35,29.0,6.0,0.2068965517241379,2441780390.0,2284506706.0,0.0688436079381769,39875875.0,39869701.0,0.00015485443444895886,positive,952845105
WGS,2026-06-30,2026-03-31,226,242.0,-16.0,-0.06611570247933884,39,45.0,-6.0,-0.1333333333333333,2189991331.0,2061438709.0,0.06236063261971081,33660059.0,32437208.0,0.037699021444755676,negative,81663L200
WH,2026-06-30,2026-03-31,474,437.0,37.0,0.0846681922196797,80,80.0,0.0,0.0,6160530785.0,6195149733.0,-0.005588072846019143,86908382.0,84110821.0,0.0332604172297879,neutral,98311A105
WHD,2026-06-30,2026-03-31,345,324.0,21.0,0.06481481481481488,57,56.0,1.0,0.017857142857142794,3795811998.0,3460279546.0,0.09696686280386424,82329570.0,78650410.0,0.04677864997779424,positive,127203107
WHG,2026-06-30,2026-03-31,73,69.0,4.0,0.05797101449275366,2,1.0,1.0,1.0,104301872.0,92466363.0,0.12799799425440805,5465213.0,5652890.0,-0.033200186099499596,positive,961765104
WHWK,2026-06-30,2026-03-31,79,62.0,17.0,0.27419354838709675,7,4.0,3.0,0.75,197426864.0,128069672.0,0.5415582855556935,43318400.0,36840498.0,0.1758364395617018,positive,00032Q104
WIMI,2026-06-30,2026-03-31,18,15.0,3.0,0.19999999999999996,0,0.0,0.0,,297765.0,508347.0,-0.41424853495742087,657321.0,625663.0,0.05059912444878467,neutral,G9687V204
WINA,2026-06-30,2026-03-31,219,231.0,-12.0,-0.051948051948051965,27,27.0,0.0,0.0,1360104586.0,1430509343.0,-0.04921656565510457,4648909.0,3419923.0,0.3593607224490143,neutral,974250102
WING,2026-06-30,2026-03-31,428,402.0,26.0,0.06467661691542292,72,62.0,10.0,0.16129032258064524,5651857694.0,4942559654.0,0.14350824059876888,39712880.0,35405321.0,0.12166417019633857,positive,974155103
WIX,2026-06-30,2026-03-31,1,1.0,0.0,0.0,0,0.0,0.0,,521.0,1241.0,-0.580177276390008,11481.0,13781.0,-0.16689645163631084,neutral,001130178
WK,2026-06-30,2026-03-31,308,317.0,-9.0,-0.028391167192429068,40,49.0,-9.0,-0.18367346938775508,2353114170.0,3038330890.0,-0.22552406067925013,53131569.0,51908348.0,0.023565015014540558,negative,98139A105
WKC,2026-06-30,2026-03-31,296,255.0,41.0,0.1607843137254903,42,27.0,15.0,0.5555555555555556,1918947484.0,1338301143.0,0.4338682246795331,62857132.0,60603107.0,0.03719322509322831,positive,981475106
WKHS,2026-06-30,2026-03-31,65,68.0,-3.0,-0.044117647058823484,0,0.0,0.0,,1439970.0,1022137.0,0.4087837540368855,479576.0,298256.0,0.6079341237058098,neutral,98138J503
WKSP,2026-06-30,2026-03-31,28,23.0,5.0,0.21739130434782616,0,0.0,0.0,,866555.0,1127932.0,-0.23173116819099027,946208.0,1087152.0,-0.12964516461359588,neutral,98139Q308
WLDN,2026-06-30,2026-03-31,248,256.0,-8.0,-0.03125,25,24.0,1.0,0.04166666666666674,1036787976.0,927863194.0,0.11739314880077023,14930304.0,12812186.0,0.16532057839310177,positive,96924N100
WLDS,2026-06-30,2026-03-31,7,11.0,-4.0,-0.36363636363636365,0,0.0,0.0,,146558.0,494263.0,-0.7034817495948513,188373.0,336936.0,-0.4409234988247026,neutral,M97838409
WLFC,2026-06-30,2026-03-31,178,125.0,53.0,0.42399999999999993,20,10.0,10.0,1.0,746047965.0,484471478.0,0.53992133464666,4851541.0,3634580.0,0.334828508383362,positive,970646105
WLK,2026-06-30,2026-03-31,361,339.0,22.0,0.06489675516224191,48,56.0,-8.0,-0.1428571428571429,2737678950.0,5085330287.0,-0.461651693106635,42893008.0,46385732.0,-0.07529737808169112,negative,960413102
WM,2026-06-30,2026-03-31,1,2.0,-1.0,-0.5,0,0.0,0.0,,72.0,7285.0,-0.9901166781056966,2.0,31391.0,-0.9999362874709311,neutral,94106K101
WMG,2026-06-30,2026-03-31,339,319.0,20.0,0.06269592476489039,62,54.0,8.0,0.14814814814814814,4210769194.0,3967783611.0,0.06123962565054297,161316519.0,161340575.0,-0.00014910074542628937,positive,934550203
WMT,2026-06-30,2026-03-31,4400,4459.0,-59.0,-0.013231666292890742,856,864.0,-8.0,-0.0092592592592593,333187093425.0,395125141281.0,-0.1567555222003747,3770907466.0,3258746251.0,0.15716511061357874,negative,931142103
WNC,2026-06-30,2026-03-31,167,172.0,-5.0,-0.029069767441860517,15,11.0,4.0,0.36363636363636354,513360218.0,358404688.0,0.4323479440648388,38815046.0,42621598.0,-0.08931040079726715,positive,929566107
WNEB,2026-06-30,2026-03-31,103,97.0,6.0,0.061855670103092786,6,6.0,0.0,0.0,173795988.0,179261584.0,-0.030489499635348527,12774259.0,14466797.0,-0.11699466025548022,neutral,958892101
WNW,2026-06-30,2026-03-31,3,6.0,-3.0,-0.5,0,0.0,0.0,,10519.0,60403.0,-0.8258530205453372,25841.0,746460.0,-0.9653819360715913,neutral,G9604C131
WOLF,2026-06-30,2026-03-31,271,156.0,115.0,0.7371794871794872,44,17.0,27.0,1.5882352941176472,3039229447.0,854907442.0,2.55503917463851,68408289.0,55043680.0,0.24280006351319527,positive,97785W106
WOOF,2026-06-30,2026-03-31,196,204.0,-8.0,-0.039215686274509776,10,11.0,-1.0,-0.09090909090909094,822889415.0,839085059.0,-0.01930155212071294,303473905.0,303137104.0,0.0011110517173773538,negative,71601V105
WOR,2026-06-30,2026-03-31,289,282.0,7.0,0.024822695035461084,31,28.0,3.0,0.1071428571428572,1381839521.0,1389830183.0,-0.0057493801025042535,28489191.0,27393785.0,0.0399873913006179,positive,981811102
WPM,2026-06-30,2026-03-31,854,860.0,-6.0,-0.006976744186046546,174,174.0,0.0,0.0,34387446649.0,38408913435.0,-0.10470139419084556,306834786.0,310678170.0,-0.01237094965507235,neutral,962879102
WPRT,2026-06-30,2026-03-31,44,42.0,2.0,0.04761904761904767,0,0.0,0.0,,8155695.0,3860096.0,1.1128218054680503,3646845.0,2133261.0,0.7095165570457624,neutral,960908507
WRAP,2026-06-30,2026-03-31,62,61.0,1.0,0.016393442622950838,0,0.0,0.0,,7451817.0,11228314.0,-0.33633696029519655,5776656.0,7326952.0,-0.21158812013508477,neutral,98212N107
WRB,2026-06-30,2026-03-31,952,928.0,24.0,0.02586206896551735,138,128.0,10.0,0.078125,19607772316.0,19909211168.0,-0.01514067279996012,304320165.0,304709377.0,-0.001277322030033834,positive,084423102
WRBY,2026-06-30,2026-03-31,306,303.0,3.0,0.00990099009900991,58,43.0,15.0,0.34883720930232553,3751646753.0,2358768200.0,0.5905109934074912,129883856.0,114814202.0,0.1312525257110615,positive,93403J106
WSBC,2026-06-30,2026-03-31,347,318.0,29.0,0.09119496855345921,45,38.0,7.0,0.18421052631578938,3265604849.0,2634701723.0,0.23945903268382995,88638996.0,76896790.0,0.15270086046504683,positive,950810101
WSM,2026-06-30,2026-03-31,1003,932.0,71.0,0.07618025751072954,168,134.0,34.0,0.25373134328358216,26242918610.0,21635779759.0,0.21294073531523794,151374051.0,120865655.0,0.2524157586371414,positive,969904101
WSO-B,2026-06-30,2026-03-31,12,12.0,0.0,0.0,0,0.0,0.0,,9447310.0,10182889.0,-0.07223676895623632,25680.0,27831.0,-0.07728791635226906,neutral,942622101
WT,2026-06-30,2026-03-31,314,312.0,2.0,0.0064102564102563875,39,43.0,-4.0,-0.09302325581395354,2668089655.0,2408833093.0,0.10762744947061376,165120648.0,169459148.0,-0.02560204067590377,negative,97717P104
WTBA,2026-06-30,2026-03-31,115,111.0,4.0,0.03603603603603611,8,4.0,4.0,1.0,225002412.0,208813322.0,0.07752900937996676,8619223.0,8884149.0,-0.029820076182873523,positive,95123P106
WTG,2026-06-30,2026-03-31,27,27.0,0.0,0.0,1,0.0,1.0,,51741939.0,44592662.0,0.16032406856536174,5227567.0,4600785.0,0.13623370794331846,positive,G9717M109
WTI,2026-06-30,2026-03-31,178,165.0,13.0,0.07878787878787885,7,6.0,1.0,0.16666666666666674,245880698.0,255988875.0,-0.03948678238458603,82452326.0,76115710.0,0.08324977852798066,positive,92922P106
WTRG,2026-06-30,2026-03-31,0,1.0,-1.0,-1.0,0,0.0,0.0,,0.0,1474.0,-1.0,0.0,36596.0,-1.0,neutral,
WTS,2026-06-30,2026-03-31,580,522.0,58.0,0.11111111111111116,109,89.0,20.0,0.2247191011235956,10164695545.0,7751062231.0,0.3113938763575901,40019092.0,28402124.0,0.4090175791078161,positive,942749102
WTTR,2026-06-30,2026-03-31,269,256.0,13.0,0.05078125,51,39.0,12.0,0.3076923076923077,2435831096.0,1812622783.0,0.34381577835436494,125877795.0,123093541.0,0.022619009717171012,positive,81617J301
WTW,2026-06-30,2026-03-31,1,1.0,0.0,0.0,0,0.0,0.0,,1363567.0,1578210.0,-0.13600408057229396,5217.0,5429.0,-0.0390495487198379,neutral,BRSYCC972
WULF,2026-06-30,2026-03-31,502,450.0,52.0,0.11555555555555563,129,73.0,56.0,0.7671232876712328,9651422545.0,4660418322.0,1.0709348127483396,413611272.0,333966496.0,0.2384813355648705,positive,88080T104
WVE,2026-06-30,2026-03-31,1,,,,0,,,,2493193.0,,,429121.0,,,unavailable,94352A104
WW,2026-06-30,2026-03-31,1,1.0,0.0,0.0,0,0.0,0.0,,0.0,0.0,,1.0,1.0,0.0,neutral,98262P101
WWD,2026-06-30,2026-03-31,760,737.0,23.0,0.031207598371777445,172,148.0,24.0,0.16216216216216206,22066351307.0,19239118117.0,0.14695232769020783,83942220.0,55363648.0,0.516197415314829,positive,980745103
WY,2026-06-30,2026-03-31,903,905.0,-2.0,-0.0022099447513812542,110,114.0,-4.0,-0.03508771929824561,16495836541.0,17034457308.0,-0.031619484980425216,742287112.0,735423230.0,0.009333240670137632,negative,962166104
WYFI,2026-06-30,2026-03-31,126,98.0,28.0,0.2857142857142858,9,2.0,7.0,3.5,367428903.0,118152402.0,2.109787839945903,10152761.0,10075106.0,0.007707611215207022,positive,G96115103
WYNN,2026-06-30,2026-03-31,496,513.0,-17.0,-0.033138401559454245,67,65.0,2.0,0.03076923076923066,7181879672.0,7694777256.0,-0.06665528668813225,84668104.0,77587306.0,0.09126232582427862,positive,983134107
XAIR,2026-06-30,2026-03-31,29,29.0,0.0,0.0,0,0.0,0.0,,598424.0,981455.0,-0.39026852988674976,1375966.0,1423448.0,-0.033357031658339475,neutral,08862L202
XBIO,2026-06-30,2026-03-31,8,6.0,2.0,0.33333333333333326,0,0.0,0.0,,434760.0,464070.0,-0.06315857521494606,152092.0,175851.0,-0.13510869997895947,neutral,984015602
XBIT,2026-06-30,2026-03-31,36,37.0,-1.0,-0.027027027027026973,0,0.0,0.0,,4486879.0,5761017.0,-0.22116546436158757,1981180.0,2451810.0,-0.19195206806400167,neutral,98400H102
XBP,2026-06-30,2026-03-31,27,29.0,-2.0,-0.06896551724137934,0,1.0,-1.0,-1.0,15476674.0,26615012.0,-0.41849832718467306,6670649.0,6048983.0,0.10277198662981868,negative,98400V200
XCH,2026-06-30,2026-03-31,8,4.0,4.0,1.0,0,0.0,0.0,,5994099.0,849274.0,6.057909461492993,7587467.0,761477.0,8.964144681979889,neutral,98370X103
XCUR,2026-06-30,2026-03-31,18,19.0,-1.0,-0.052631578947368474,0,0.0,0.0,,306019.0,872237.0,-0.6491561353164335,147202.0,204706.0,-0.2809101833849521,neutral,30205M309
XEL,2026-06-30,2026-03-31,1289,1275.0,14.0,0.01098039215686275,218,205.0,13.0,0.06341463414634152,47589658545.0,48044220338.0,-0.009461321045529991,664600106.0,619891837.0,0.07212269355952183,positive,98389B100
XELB,2026-06-30,2026-03-31,11,8.0,3.0,0.375,0,0.0,0.0,,1355301.0,1370751.0,-0.011271193674124658,752943.0,884353.0,-0.14859450920616546,neutral,98400M200
XENE,2026-06-30,2026-03-31,318,291.0,27.0,0.09278350515463907,88,84.0,4.0,0.04761904761904767,5769462977.0,5916961631.0,-0.024928107227741414,107189062.0,105250422.0,0.018419308570563286,positive,98420N105
XERS,2026-06-30,2026-03-31,243,239.0,4.0,0.01673640167364021,24,15.0,9.0,0.6000000000000001,866067716.0,609685339.0,0.42051589664353073,111845664.0,106941678.0,0.045856639728432125,positive,98422E103
XFOR,2026-06-30,2026-03-31,90,84.0,6.0,0.0714285714285714,17,15.0,2.0,0.1333333333333333,493484864.0,453351100.0,0.08852689229164779,105823024.0,109715718.0,-0.03547982067619515,positive,98420X202
XGN,2026-06-30,2026-03-31,57,61.0,-4.0,-0.06557377049180324,0,0.0,0.0,,35976541.0,28955064.0,0.2424956477388549,8277121.0,10593714.0,-0.21867618853973214,neutral,30068X103
XHR,2026-06-30,2026-03-31,299,274.0,25.0,0.09124087591240881,33,30.0,3.0,0.10000000000000009,1802536110.0,1393050775.0,0.29394860714965687,93472373.0,96300558.0,-0.029368313732927698,positive,984017103
XLO,2026-06-30,2026-03-31,26,24.0,2.0,0.08333333333333326,0,0.0,0.0,,34673853.0,22927657.0,0.5123155846234091,3632975.0,2743141.0,0.32438507535704497,neutral,98422T209
XMTR,2026-06-30,2026-03-31,297,250.0,47.0,0.18799999999999994,67,40.0,27.0,0.675,5362294422.0,2240830413.0,1.3929943073295838,61654297.0,55301952.0,0.11486656022557762,positive,98423F109
XNCR,2026-06-30,2026-03-31,210,203.0,7.0,0.034482758620689724,24,16.0,8.0,0.5,1326349689.0,1032775382.0,0.28425765380995505,85948697.0,87995322.0,-0.023258338664866707,positive,98401F105
XOS,2026-06-30,2026-03-31,48,49.0,-1.0,-0.020408163265306145,0,0.0,0.0,,2041909.0,975320.0,1.0935785178197923,1837897.0,1896561.0,-0.030931775988222943,neutral,98423B306
XP,2026-06-30,2026-03-31,323,360.0,-37.0,-0.10277777777777775,67,76.0,-9.0,-0.11842105263157898,5490403225.0,6358398499.0,-0.13651161910290954,340743210.0,342473205.0,-0.005051475486965495,negative,G98239109
XPEL,2026-06-30,2026-03-31,214,209.0,5.0,0.02392344497607657,22,16.0,6.0,0.375,1170286496.0,1041009050.0,0.12418474748130182,25235702.0,23780500.0,0.061193078362523856,positive,98379L100
XPER,2026-06-30,2026-03-31,156,141.0,15.0,0.1063829787234043,9,9.0,0.0,0.0,364760447.0,247272584.0,0.47513501537234704,46005636.0,44931448.0,0.023907264239514392,neutral,98423J101
XPO,2026-06-30,2026-03-31,749,676.0,73.0,0.10798816568047331,134,114.0,20.0,0.17543859649122817,23399159774.0,22470404372.0,0.041332384883883355,154053729.0,122353506.0,0.25908716502165463,positive,983793100
XPRO,2026-06-30,2026-03-31,181,199.0,-18.0,-0.09045226130653261,21,27.0,-6.0,-0.2222222222222222,1395704403.0,1775621749.0,-0.21396299420975384,116192992.0,121861742.0,-0.046517880894891506,negative,N3144W105
XRAY,2026-06-30,2026-03-31,377,385.0,-8.0,-0.020779220779220786,44,48.0,-4.0,-0.08333333333333337,2420905890.0,2751910506.0,-0.12028175163338684,231880709.0,238737555.0,-0.028721270937033805,negative,24906P109
XRN,2026-06-30,2026-03-31,172,162.0,10.0,0.06172839506172845,10,8.0,2.0,0.25,380448622.0,294714115.0,0.29090736627935176,10404394.0,9223957.0,0.12797511957178465,positive,37954A303
XRPN,2026-06-30,2026-03-31,74,74.0,0.0,0.0,6,5.0,1.0,0.19999999999999996,276195837.0,264995650.0,0.0422655503967706,33691620.0,34023180.0,-0.009745120826448295,positive,G0R38G104
XRTX,2026-06-30,2026-03-31,6,3.0,3.0,1.0,0,0.0,0.0,,92839.0,6246.0,13.863752801793147,40443.0,15324.0,1.639193422083007,neutral,98420Q405
XRX,2026-06-30,2026-03-31,258,248.0,10.0,0.040322580645161255,12,2.0,10.0,5.0,312167045.0,126319898.0,1.471242060375951,131740027.0,134808323.0,-0.022760434457744894,positive,98421M106
XTIA,2026-06-30,2026-03-31,60,53.0,7.0,0.13207547169811318,0,0.0,0.0,,10712052.0,12674314.0,-0.15482194933784976,6252759.0,6241507.0,0.0018027697477547289,neutral,98423K405
XWEL,2026-06-30,2026-03-31,24,20.0,4.0,0.19999999999999996,0,0.0,0.0,,575119.0,492102.0,0.1686987657030452,552982.0,427900.0,0.2923159616732882,neutral,98420U802
XYL,2026-06-30,2026-03-31,1099,1119.0,-20.0,-0.01787310098302053,202,208.0,-6.0,-0.028846153846153855,25296865060.0,27645556176.0,-0.08495727490695137,358794355.0,238673650.0,0.5032843173094306,negative,98419M100
XYZ,2026-06-30,2026-03-31,1081,993.0,88.0,0.08862034239677752,198,156.0,42.0,0.26923076923076916,30823201175.0,25471106527.0,0.2101241515489971,503470990.0,473628784.0,0.06300758528223227,positive,852234103
YAAS,2026-06-30,2026-03-31,2,4.0,-2.0,-0.5,0,0.0,0.0,,1051.0,34634.0,-0.9696540971299878,1354.0,35709.0,-0.9620823881934526,neutral,G9876W112
YDES,2026-06-30,2026-03-31,19,15.0,4.0,0.2666666666666666,0,0.0,0.0,,2534089.0,5473803.0,-0.5370514795654867,5790734.0,5613583.0,0.0315575631463898,neutral,G9835J103
YDKG,2026-06-30,2026-03-31,6,3.0,3.0,1.0,0,0.0,0.0,,85162.0,100196.0,-0.1500459100163679,100062.0,103946.0,-0.03736555519211904,neutral,G0137L110
YELP,2026-06-30,2026-03-31,293,309.0,-16.0,-0.05177993527508096,28,30.0,-2.0,-0.06666666666666665,1349463376.0,1469248724.0,-0.08152829813177365,62557372.0,65521641.0,-0.045241067756529474,negative,985817105
YEXT,2026-06-30,2026-03-31,176,200.0,-24.0,-0.12,7,7.0,0.0,0.0,327325207.0,329409603.0,-0.006327672238504833,74135772.0,86527155.0,-0.14320802527252863,neutral,98585N106
YHGJ,2026-06-30,2026-03-31,7,6.0,1.0,0.16666666666666674,0,0.0,0.0,,95777.0,62852.0,0.5238496786100681,31774.0,22610.0,0.40530738611233974,neutral,98873Q209
YJ,2026-06-30,2026-03-31,9,8.0,1.0,0.125,0,0.0,0.0,,820509.0,872782.0,-0.05989239008137193,215851694.0,215838501.0,6.112440523287077e-05,neutral,98873N305
YORW,2026-06-30,2026-03-31,169,178.0,-9.0,-0.050561797752809,7,5.0,2.0,0.3999999999999999,323740746.0,277753407.0,0.16556894655841248,10623907.0,9239485.0,0.14983757211576187,positive,987184108
YOU,2026-06-30,2026-03-31,454,422.0,32.0,0.07582938388625582,71,67.0,4.0,0.05970149253731338,5313043844.0,4728992768.0,0.12350432843800019,104445341.0,99951859.0,0.044956462490607585,positive,18467V109
YPF,2026-06-30,2026-03-31,167,150.0,17.0,0.11333333333333329,34,30.0,4.0,0.1333333333333333,2549390235.0,2040901056.0,0.24914935366665802,59888525.0,47966043.0,0.24856088295630308,positive,984245100
YSXT,2026-06-30,2026-03-31,4,7.0,-3.0,-0.4285714285714286,0,0.0,0.0,,176362.0,317152.0,-0.44391963474926854,167964.0,264293.0,-0.364478060334553,neutral,G9877T100
YTRA,2026-06-30,2026-03-31,20,25.0,-5.0,-0.19999999999999996,1,1.0,0.0,0.0,15127654.0,18017876.0,-0.16040858534046964,19300261.0,19485336.0,-0.00949816826355987,neutral,G98338109
YUM,2026-06-30,2026-03-31,1435,1446.0,-11.0,-0.007607192254495132,190,193.0,-3.0,-0.015544041450777257,36784124501.0,37269483252.0,-0.013022953597671694,316936884.0,255107741.0,0.24236482498584788,negative,988498101
YUMC,2026-06-30,2026-03-31,1,3.0,-2.0,-0.6666666666666667,0,0.0,0.0,,1534413.0,2474134.0,-0.37981815051246215,37650.0,50340.0,-0.25208581644815253,neutral,BN2BD1907
YYAI,2026-06-30,2026-03-31,8,16.0,-8.0,-0.5,0,0.0,0.0,,259278.0,1835275.0,-0.858725259157347,34334.0,2195225.0,-0.9843596897812297,neutral,831445606
ZBAO,2026-06-30,2026-03-31,5,3.0,2.0,0.6666666666666667,0,0.0,0.0,,32554.0,19794.0,0.6446397898353036,122497.0,79032.0,0.549967101933394,neutral,G989MC106
ZBH,2026-06-30,2026-03-31,911,918.0,-7.0,-0.007625272331154731,123,104.0,19.0,0.1826923076923077,16440642185.0,17248800389.0,-0.046853009239725574,227514006.0,208185225.0,0.09284415356565279,positive,98956P102
ZBIO,2026-06-30,2026-03-31,147,140.0,7.0,0.050000000000000044,27,23.0,4.0,0.17391304347826098,1519417264.0,1171511430.0,0.2969717794388058,62391295.0,59757795.0,0.04406956448108579,positive,98937L105
ZBRA,2026-06-30,2026-03-31,646,639.0,7.0,0.010954616588419341,120,100.0,20.0,0.19999999999999996,12752058344.0,10397624041.0,0.22643964560710939,64391253.0,50874950.0,0.265676978552313,positive,989207105
ZCMD,2026-06-30,2026-03-31,1,2.0,-1.0,-0.5,0,0.0,0.0,,1025.0,21317.0,-0.9519163109255524,976.0,11976.0,-0.918503674014696,neutral,G9897X149
ZD,2026-06-30,2026-03-31,269,275.0,-6.0,-0.021818181818181848,38,35.0,3.0,0.08571428571428563,2118592693.0,1938499247.0,0.0929035418913422,44464086.0,47858047.0,-0.07091724825294266,positive,48123V102
ZDAI,2026-06-30,2026-03-31,2,2.0,0.0,0.0,0,0.0,0.0,,5076.0,3551.0,0.4294564911292593,2603.0,1006.0,1.5874751491053676,neutral,G7241B144
ZENA,2026-06-30,2026-03-31,71,37.0,34.0,0.9189189189189189,0,0.0,0.0,,12125877.0,7233461.0,0.6763589379966244,8115169.0,3187674.0,1.5457964020160153,neutral,98936T208
ZEO,2026-06-30,2026-03-31,30,33.0,-3.0,-0.09090909090909094,0,0.0,0.0,,1005271.0,1354969.0,-0.25808560933866387,1541291.0,2362013.0,-0.34746718159468215,neutral,98944F109
ZETA,2026-06-30,2026-03-31,419,401.0,18.0,0.04488778054862852,58,49.0,9.0,0.18367346938775508,3714339454.0,3016309047.0,0.23141872935542063,194693666.0,191657436.0,0.015841962948935695,positive,98956A105
ZM,2026-06-30,2026-03-31,870,819.0,51.0,0.06227106227106227,152,144.0,8.0,0.05555555555555558,16390666603.0,15699967496.0,0.04399366477516442,236812123.0,211405542.0,0.12017935177877215,positive,98980L101
ZNB,2026-06-30,2026-03-31,5,4.0,1.0,0.25,0,0.0,0.0,,99015.0,177867.0,-0.4433200087705983,231198.0,89832.0,1.5736708522575475,neutral,G2287A142
ZNTL,2026-06-30,2026-03-31,116,102.0,14.0,0.13725490196078427,6,1.0,5.0,5.0,215518365.0,99939126.0,1.1564963956158674,47721449.0,46298469.0,0.030734925597647678,positive,98943L107
ZOOZ,2026-06-30,2026-03-31,25,29.0,-4.0,-0.13793103448275867,0,1.0,-1.0,-1.0,12020319.0,235706070.0,-0.9490029297930257,4684972.0,54171378.0,-0.9135157314993907,negative,M2573A239
ZS,2026-06-30,2026-03-31,749,753.0,-4.0,-0.005312084993359889,119,128.0,-9.0,-0.0703125,11235255534.0,12756215872.0,-0.11923287856381615,103107705.0,95957971.0,0.07450901603578086,negative,98980G102
ZSPC,2026-06-30,2026-03-31,3,50.0,-47.0,-0.94,0,0.0,0.0,,37.0,316212.0,-0.9998829898928567,184.0,2655858.0,-0.999930719187547,neutral,98980W206
ZSTK,2026-06-30,2026-03-31,12,10.0,2.0,0.19999999999999996,0,0.0,0.0,,183905.0,554501.0,-0.668341445732289,61313.0,89737.0,-0.31674782976921445,neutral,98956L101
ZTEK,2026-06-30,2026-03-31,30,24.0,6.0,0.25,0,0.0,0.0,,1789288.0,989070.0,0.8090610371358953,3893968.0,1917247.0,1.0310205205693372,neutral,98942X102
ZTG,2026-06-30,2026-03-31,5,1.0,4.0,4.0,0,0.0,0.0,,37043.0,305.0,120.45245901639345,34824.0,181.0,191.3977900552486,neutral,G98892105
ZTS,2026-06-30,2026-03-31,1435,1620.0,-185.0,-0.11419753086419748,220,293.0,-73.0,-0.24914675767918093,28126443498.0,51283240684.0,-0.4515470722431305,450785094.0,446859061.0,0.00878584176230901,negative,98978V103
ZUMZ,2026-06-30,2026-03-31,125,130.0,-5.0,-0.038461538461538436,4,8.0,-4.0,-0.5,219039811.0,308402197.0,-0.2897592392962103,13462842.0,14862248.0,-0.09415843417496461,negative,989817101
ZURA,2026-06-30,2026-03-31,97,94.0,3.0,0.03191489361702127,13,10.0,3.0,0.30000000000000004,429603058.0,399040471.0,0.07659019378011922,73115965.0,67356752.0,0.0855031281793397,positive,G9TY5A101
ZVIA,2026-06-30,2026-03-31,102,118.0,-16.0,-0.13559322033898302,2,1.0,1.0,1.0,67073808.0,54130658.0,0.2391094155921769,41481243.0,46612689.0,-0.11008689071767563,positive,98955K104
ZVRA,2026-06-30,2026-03-31,158,149.0,9.0,0.06040268456375841,15,11.0,4.0,0.36363636363636354,670268209.0,437767959.0,0.5311038535828521,47151055.0,47332868.0,-0.0038411574806749282,positive,488445206
ZYME,2026-06-30,2026-03-31,205,212.0,-7.0,-0.03301886792452835,25,25.0,0.0,0.0,1820336264.0,1888418608.0,-0.03605256997128681,70781327.0,75798991.0,-0.06619697615763775,neutral,98985Y108
