cusip,ticker,issuer,title,method
00846U101,A,AGILENT TECHNOLOGIES INC COM,Stock,name_unique
013817101,AA,ALCOA INC,COM,name_unique
013872106,AA,ALCOA CORP COM,Stock,name_unique
022249106,AA,ALCOA INC,COMMON STOCK,name_unique
138171012,AA,Alcoa,Common Stock,name_unique
138721060,AA,Alcoa Corporation,Common Stock,name_unique
02376R102,AAL,AMERICAN AIRLINES GROUP INC COM,Stock,name_unique
10948W103,AAMI,ACADIAN ASSET MANAGEMENT INC COM,Stock,name_unique
03823U102,AAOI,APPLIED OPTOELECTRONICS INC,COM,name_unique
000360206,AAON,AAON INC,COM PAR $0.004,name_unique
00751Y106,AAP,ADVANCE AUTO PARTS INC,COM,name_unique
037833100,AAPL,APPLE INC,COM,name_unique
037833101,AAPL,APPLE INC,COM,name_unique
037833DN7,AAPL,APPLE INC.,BCO,name_unique
378331000,AAPL,Apple Inc,Common Stock,name_unique
378331003,AAPL,Apple,Common Stock,name_unique
002942100,AARD,AARDVARK THERAPEUTICS INC,COM,name_unique
01921D105,AAUC,ALLIED GOLD CORP COM NEW,Stock,name_unique
01921D204,AAUC,ALLIED GOLD CORP,COM NEW,name_unique
01921D964,AAUC,ALLIED GOLD CORP,EQUITY,name_unique
02451V309,ABAT,AMERICAN BATTERY TECHNOLOGY,COM NEW,name_unique
002874109,ABBV,ABBVIE INC,COM,name_unique
00287Y109,ABBV,ABBVIE INC COM,Stock,name_unique
03076K108,ABCB,AMERIS BANCORP,COM,name_unique
00288U106,ABCL,ABCELLERA BIOLOGICS INC COM,Stock,name_unique
00289Y206,ABEO,ABEONA THERAPEUTICS INC,COM NEW,name_unique
043436104,ABG,ASBURY AUTOMOTIVE GROUP INC COM,Stock,name_unique
G1149B108,ABLV,ABLE VIEW GLOBAL INC,CL B ORD SHS,name_unique
000906610,ABNB,AIRBNB INC,COM CL A,name_unique
009066101,ABNB,AIRBNB INC COM CL A,Stock,name_unique
00509G209,ABOS,ACUMEN PHARMACEUTICALS INC,CMN,name_unique
038923108,ABR,ARBOR REALTY TRUST INC,COM,name_unique
00091E109,ABSI,ABSCI CORPORATION,COM,name_unique
00091E110,ABSI,ABSCI CORPORATION,COM,name_unique
00368V109,ABSI,ABSCI CORP,COM,name_unique
00910E110,ABSI,ABSCI CORPORATION,COM,name_unique
002824100,ABT,ABBOTT LABORATORIES COM,Stock,name_unique
002824101,ABT,ABBOTT LABORATORIES,COM,name_unique
028241000,ABT,Abbott Laboratories,COM,name_unique
282410000,ABT,Abbott Laboratories,Common Stock,name_unique
02462A104,ABTC,AMERICAN BITCOIN CORP.,COM CL A,name_unique
02462A203,ABTC,AMERICAN BITCOIN CORP. COM CL A,Stock,name_unique
G6S34K113,ABTS,ABITS GROUP INC,SHS NEW,name_unique
03879J100,ABUS,ARBUTUS BIOPHARMA CORP,COM,name_unique
00091F304,ABVC,ABVC BIOPHARMA INC,COM NEW,name_unique
00258Y104,ABX,ABACUS GLOBAL MANAGEMENT INC,COMMON STOCK,name_unique
039653100,ACA,ARCOSA INC COM,Stock,name_unique
004225108,ACAD,ACADIA PHARMACEUTICALS INC,COM,name_unique
05156X108,ACB,AURORA CANNABIS INC,COMMON STOCK-FO,name_unique
05156X850,ACB,AURORA CANNABIS INC COM,Stock,name_unique
00081T108,ACCO,ACCO BRANDS CORP COM,Stock,name_unique
00436Q106,ACEL,ACCEL ENTERTAINMENT INC,COMMON STOCK,name_unique
007002108,ACET,"Adicet Bio, Inc.",Common Stock,name_unique
007002207,ACET,ADICET BIO INC,COM NEW,name_unique
004848107,ACFN,ACORN ENERGY INC,COMMON STOCK,name_unique
004848206,ACFN,ACORN ENERGY INC,COM NEW,name_unique
00BVPBRT2,ACGL,Arch Capital Group Ltd,Common Stock - Foreign US$,name_unique
03939A404,ACGL,ARCH CAPITAL GROUP LTD,Pref,name_unique
00404A109,ACHC,ACADIA HEALTHCARE COMPANY INC COM,Stock,name_unique
03945R102,ACHR,ARCHER AVIATION INC,COM CL A,name_unique
03945R110,ACHR,ARCHER AVIATION INC,*W EXP 09/16/202,name_unique
004468500,ACHV,ACHIEVE LIFE SCIENCES INC,COMMON STOCK,name_unique
013091103,ACI,ALBERTSONS COMPANIES INC COMMON STOCK,Stock,name_unique
H00263105,ACIU,AC IMMUNE SA,CMN,name_unique
004498101,ACIW,ACI WORLDWIDE INC COM,Stock,name_unique
054540109,ACLS,AXCELIS TECHNOLOGIES INC,COM,name_unique
054540208,ACLS,AXCELIS TECHNOLOGIES INC,COM NEW,name_unique
00766T100,ACM,AECOM COM,Stock,name_unique
00B4BNMY3,ACN,ACCENTURE PLC-CL A,COM,name_unique
G1150G111,ACN,ACCENTURE LTD,COMMON STOCK,name_unique
000868109,ACNB,ACNB CORP,COMMON STOCK,name_unique
871565107,ACNT,ASCENT INDUSTRIES CO,COM,name_unique
02074J501,ACOG,ALPHA COGNITION INC,COM NEW,name_unique
655187110,ACON,ACLARION INC,*W EXP 04/21/202,name_unique
655187409,ACON,ACLARION INC,COM,name_unique
00489Q102,ACR,ACRES COMMERCIAL REALTY CORP,REIT,name_unique
00461U105,ACRS,ACLARIS THERAPEUTICS INC COM,Stock,name_unique
004890109,ACRV,ACRIVON THERAPEUTICS INC,CMN,name_unique
003881307,ACTG,ACACIA RESEARCH CORP,COMMON STOCK,name_unique
005083100,ACTU,ACTUATE THERAPEUTICS INC,COM,name_unique
00091G104,ACVA,ACV AUCTIONS INC,COM CL A,name_unique
00510M203,ACXP,ACURX PHARMACEUTICALS INC,COM NEW,name_unique
911684108,AD,ARRAY DIGITAL INFRASTRUCTURE,COM,name_unique
005329107,ADAG,ADAGENE INC,CMN,name_unique
649604840,ADAM,ADAMAS TRUST INC.,COM,name_unique
00724F101,ADBE,ADOBE INC,COM,name_unique
H0036K147,ADCT,ADC THERAPEUTICS SA,COMMON STOCK,name_unique
00676P107,ADEA,ADEIA INC,COM,name_unique
032654105,ADI,ANALOG DEVICES INC COM,Stock,name_unique
326541050,ADI,Analog Devices Inc,Common Stock,name_unique
00688A304,ADIL,ADIAL PHARMACEUTICALS INC,COM NEW,name_unique
039483102,ADM,ARCHER DANIELS MIDLAND CO COM,Stock,name_unique
000899104,ADMA,ADMA BIOLOGICS INC,COM,name_unique
00686R102,ADMA,ADMA BIOLOGICS INC,COM,name_unique
00BD845X2,ADNT,Adient Plc Com,ADNT,name_unique
G0084W101,ADNT,ADIENT PLC,ORD SHS,name_unique
053015103,ADP,AUTOMATIC DATA PROCESSING INC COM,Stock,name_unique
530151030,ADP,Automatic Data Processing Incorporated,Common Stock,name_unique
00101B103,ADPT,ADAPTIVE BIOTECHNOLOGIES,COM,name_unique
00650F109,ADPT,ADAPTIVE BIOTECHNOLOGIES CORP COM,Stock,name_unique
052769106,ADSK,AUTODESK INC COM,Stock,name_unique
00090Q103,ADT,ADT INC DEL COM,Stock,name_unique
00101J106,ADT,THE ADT CORPORATION,COM,name_unique
00486H105,ADTN,ADTRAN HOLDINGS INC,COM,name_unique
00738A106,ADTN,ADTRAN INC,COMMON STOCK,name_unique
007025877,ADTX,ADITXT INC,cs,name_unique
007025885,ADTX,ADITXT INC,cs,name_unique
007408206,ADUR,ADURO CLEAN TECHNOLOGIES INC,COM NEW,name_unique
006739106,ADUS,ADDUS HOMECARE CORP,COM,name_unique
00791N102,ADV,ADVANTAGE SOLUTIONS  INC.,COM CL A,name_unique
00791N201,ADV,ADVANTAGE SOLUTIONS INC,COMMON STOCK,name_unique
03464C205,AEC,ANFIELD ENERGY INC,COM NEW,name_unique
023608102,AEE,AMEREN CORP COM,Stock,name_unique
00BPH0Y27,AEG,Aegon Ltd,Common Stock - Foreign,name_unique
00760J108,AEHR,AEHR TEST SYSTEMS,COMMON STOCK,name_unique
02115D208,AEI,ALSET INC,COM NEW,name_unique
002009823,AEM,Agnico Eagle Mines Ltd,Common Stock - Foreign,name_unique
008474108,AEM,AGNICO EAGLE MINES LTD COM,Stock,name_unique
008474959,AEM,AGNICO EAGLE MINES LTD,EQUITY,name_unique
847410800,AEM,Agnico Eagle Mines Limited,Common Stock,name_unique
02553E106,AEO,AMERICAN EAGLE OUTFITTERS INC COM,Stock,name_unique
002553710,AEP,American Electric Power Ord Shs,COM,name_unique
G0136H102,AERT,AERIES TECHNOLOGY INC,CL A ORD SHS,name_unique
G0136H128,AERT,AERIES TECHNOLOGY INC,CL A ORD SHS,name_unique
00130H105,AES,AES CORP COM,Stock,name_unique
642045108,AESI,ATLAS ENERGY SOLUTIONS INC,COMMON STOCK,name_unique
00835Q103,AEVA,AEVA TECHNOLOGIES INC,COM,name_unique
00835Q202,AEVA,AEVA TECHNOLOGIES INC COM NEW,Stock,name_unique
050734201,AEYE,AUDIOEYE INC,COM NEW,name_unique
025932104,AFG,AMERICAN FINANCIAL GROUP INC COM,Stock,name_unique
001055102,AFL,AFLAC INC COM,Stock,name_unique
X3R81D102,AFRI,FORAFRIC GLOBAL PLC,COMMON STOCK,name_unique
X3R81D110,AFRI,FORAFRIC GLOBAL PLC,*W EXP 06/09/202,name_unique
G01125106,AFYA,Afya Ltd-Class A,COM,name_unique
32076V103,AG,FIRST MAJESTIC SILVER CORP,COM,name_unique
32076V954,AG,FIRST MAJESTIC SILVER CORP,EQUITY,name_unique
00847G705,AGEN,AGENUS INC,COM NEW,name_unique
00847G804,AGEN,AGENUS INC,COM NEW,name_unique
00BZ3DNP6,AGI,Alamos Gold Inc,Common Stock - Foreign,name_unique
011532108,AGI,ALAMOS GOLD INC COM CL A,Stock,name_unique
011532959,AGI,ALAMOS GOLD INC CLASS A,EQUITY,name_unique
00847X104,AGIO,AGIOS PHARMACEUTICALS INC,COM,name_unique
00857U107,AGL,AGILON HEALTH INC,COM,name_unique
00857U206,AGL,AGILON HEALTH INC,COMMON STOCK,name_unique
G0132V121,AGMH,AGM GROUP HOLDINGS INC,CL A ORG SHS NEW,name_unique
00123Q609,AGNC,AGNC Investment Corp,Equities,name_unique
G0585R106,AGO,ASSURED GUARANTY LTD COM,Stock,name_unique
74039M200,AGPU,AXE COMPUTE INC COM NEW,Stock,name_unique
74039M408,AGPU,AXE COMPUTE INC,COM NEW,name_unique
L00849106,AGRO,ADECOAGRO S A,COM,name_unique
G0136M101,AGRZ,AGROZ INC.,USD ORD SHS,name_unique
000000004,AGX,ARGAN INC,COM,name_unique
00401E112,AGX,ARGAN INC,COM,name_unique
04010E109,AGX,ARGAN INC,COM,name_unique
04010E909,AGX,ARGAN INC,COM,name_unique
746375107,AGX,ARGAN INC,COM,name_unique
00847J105,AGYS,AGILYSYS INC,COM,name_unique
00653Q102,AHCO,ADAPTHEALTH CORP,COMMON STOCK,name_unique
12468P104,AI,C3 AI INC CL A,Stock,name_unique
317970101,AIFF,FIREFLY NEUROSCIENCE INC,COM,name_unique
G3314G110,AIFU,AIFU INC,USD CL A ORD SHS,name_unique
G3314G128,AIFU,AIFU INC,CL A ORD SHS,name_unique
026948109,AII,AMERICAN INTEGRITY INSURANCE,COMMON STOCK,name_unique
G6693P106,AIIO,ROBO.AI INC.,CLASS B ORD SHS,name_unique
G6693P114,AIIO,ROBO.AI INC.,*W EXP 11/11/202,name_unique
G6693P122,AIIO,ROBO.AI INC. ORD SHS CL B,Stock,name_unique
00902F113,AIMD,AINOS INC,*W EXP 07/29/202,name_unique
00902F402,AIMD,AINOS INC,COM NEW,name_unique
73931J109,AIOT,POWERFLEET INC,COMMON STOCK,name_unique
04302A104,AIP,ARTERIS INC,COM,name_unique
000361105,AIR,AAR CORP,COM,name_unique
75607T105,AIRE,REALPHA TECH CORP,COM,name_unique
75607T204,AIRE,REALPHA TECH CORP,COM,name_unique
00938A104,AIRG,AIRGAIN INC,COM,name_unique
612160101,AIRJ,AIRJOULE TECHNOLOGIES CORP,CL A,name_unique
612160119,AIRJ,AIRJOULE TECHNOLOGIES CORP,*W EXP 03/15/202,name_unique
009496100,AIRS,AIRSCULPT TECHNOLOGIES INC,COMMON STOCK,name_unique
009207101,AIRT,AIR T INC,COM,name_unique
74754R301,AIXC,AIXCRYPTO HOLDINGS INC,COM,name_unique
04621X108,AIZ,ASSURANT INC COM,Stock,name_unique
00971T101,AKAM,AKAMAI TECHNOLOGIES INC COM,Stock,name_unique
00971TAQ4,AKAM,AKAMAI TECHNOLOGIES INC,FIXED INCOME,name_unique
00971M601,AKAN,AKANDA CORP,COM NEW DEC 2025,name_unique
00971M700,AKAN,AKANDA CORP,COM,name_unique
00972D105,AKBA,AKEBIA THERAPEUTICS INC,COMMON STOCK,name_unique
04626A103,ALAB,ASTERA LABS INC COM,Stock,name_unique
012653101,ALB,ALBEMARLE CORP,COM,name_unique
012653200,ALB,ALBEMARLE CORP,7.25% DEP SHS A,name_unique
00BJT1GR5,ALC,ALCON AG,FOREIGN,name_unique
00NPWH832,ALC,ALCON INC,Common Stock,name_unique
ACI198PY5,ALC,ALCON INC,EQUITY,name_unique
H01301102,ALC,ALCON INC,COMMON STOCK,name_unique
H01301128,ALC,ALCON AG ORD SHS,Stock,name_unique
SBJT1GR57,ALC,ALCON AG,EQUITY,name_unique
016230104,ALCO,ALICO INC,COMMON STOCK,name_unique
01438T106,ALDX,ALDEYRA THERAPEUTICS INC,COM,name_unique
014442107,ALEC,ALECTOR INC,COMMON STOCK,name_unique
G20315100,ALF,CENTURION ACQUISITION CORP,SHS CL A,name_unique
G20315118,ALF,CENTURION ACQUISITION CORP,*W EXP 05/31/203,name_unique
G20315126,ALF,CENTURION ACQUISITION CORP,TRUS,name_unique
011311107,ALG,ALAMO GROUP INC,COM,name_unique
01749D105,ALGM,ALLEGRO MICROSYSTEMS INC,COM,name_unique
016255101,ALGN,ALIGN TECHNOLOGY INC COM,Stock,name_unique
01626L105,ALGS,ALIGOS THERAPEUTICS INC COM NEW,Stock,name_unique
01626L204,ALGS,ALIGOS THERAPEUTICS INC,COM NEW,name_unique
01748X102,ALGT,ALLEGIANT TRAVEL CO,COM,name_unique
01625V104,ALHC,ALIGNMENT HEALTHCARE INC COM,Stock,name_unique
011659109,ALK,ALASKA AIR GROUP INC COM,Stock,name_unique
01642T108,ALKS,ALKERMES INC,COMMON STOCK,name_unique
G01767105,ALKS,ALKERMES PLC,SHS,name_unique
G01767106,ALKS,ALKERMES PLC,COM,name_unique
01644J108,ALKT,ALKAMI TECHNOLOGY INC,COM,name_unique
020002101,ALL,ALLSTATE CORP COM,Stock,name_unique
200021010,ALL,Allstate Corporation,Common Stock,name_unique
00BFRT3W7,ALLE,ALLEGION PLC,COM,name_unique
G0176J109,ALLE,ALLEGION PLC,ORD SHS,name_unique
019770106,ALLO,ALLOGENE THERAPEUTICS INC,COM,name_unique
016744500,ALLR,ALLARITY THERAPEUTICS INC,COM,name_unique
M0854Q105,ALLT,ALLOT LTD,SHS,name_unique
020398707,ALM,ALMONTY INDUSTRIES INC,COMMON STOCK,name_unique
020398962,ALM,ALMONTY INDUSTRIES INC,EQUITY,name_unique
022307102,ALMS,ALUMIS INC,COM,name_unique
00776X109,ALMU,AELUMA INC,COMMON STOCK,name_unique
019330109,ALNT,ALLIENT INC,COM,name_unique
02043Q107,ALNY,ALNYLAM PHARMACEUTICALS INC COM,Stock,name_unique
75606V101,ALOY,REALLOYS INC,COMMON STOCK,name_unique
02155H200,ALT,ALTIMMUNE INC,COM NEW,name_unique
02128L106,ALTG,ALTA EQUIPMENT GROUP INC COMMON STOCK,Stock,name_unique
02128L205,ALTG,ALTA EQUIPMENT GROUP INC,SPI,name_unique
00216E109,ALTI,ALTI GLOBAL INC,CL A,name_unique
02157E106,ALTI,ALTI GLOBAL INC,COMMON STOCK,name_unique
02157E109,ALTI,ALTI GLOBAL INC,CL A,name_unique
021513106,ALTO,ALTO INGREDIENTS INC,COMMON STOCK,name_unique
052800109,ALV,AUTOLIV INC COM,Stock,name_unique
L01800108,ALVO,ALVOTECH,ORDINARY SHARES,name_unique
L01800116,ALVO,ALVOTECH,*W EXP 99/99/999,name_unique
014752109,ALX,ALEXANDERS INC COM,REIT,name_unique
00166B105,ALXO,ALX ONCOLOGY HOLDINGS INC,COMMON STOCK,name_unique
02262M605,ALZN,ALZAMEND NEURO INC,COM NEW 2025,name_unique
03673L103,AM,ANTERO MIDSTREAM LP,Limited Partnership,name_unique
03676B102,AM,ANTERO MIDSTREAM CORP COM,Stock,name_unique
022671101,AMAL,AMALGAMATED FINANCIAL CORP,COM,name_unique
G037AX101,AMBA,AMBARELLA INC,SHS,name_unique
L02235106,AMBP,ARDAGH METAL PACKAGING S A,SHS,name_unique
023193105,AMBQ,AMBIQ MICRO INC,COMMON STOCK,name_unique
001661107,AMCI,AMC ROBOTICS CORP,COM SHS,name_unique
00BJ1F307,AMCR,AMCOR,COM,name_unique
G0250X149,AMCR,AMCOR PLC,COM NEW,name_unique
SBV7DQ550,AMCR,AMCOR PLC,COM,name_unique
00164V103,AMCX,AMC GLOBAL MEDIA INC,COMMON STOCK,name_unique
007903107,AMD,ADVANCED MICRO DEVICES INC COM,Stock,name_unique
007903BD8,AMD,ADVANCED MICRO DEVICES INC,COM,name_unique
079031078,AMD,Advanced Micro Devices,COM,name_unique
031100100,AME,AMETEK INC COM,Stock,name_unique
031791109,AME,AMETEK INC,COM,name_unique
008252108,AMG,AFFILIATED MANAGERS GROUP COM,Stock,name_unique
031162100,AMGN,AMGEN INC COM,Stock,name_unique
031162101,AMGN,AMGEN INC,COM,name_unique
311621000,AMGN,Amgen Inc.,Common Stock,name_unique
031652100,AMKR,AMKOR TECHNOLOGY INC COM,Stock,name_unique
316521000,AMKR,Amkor Technology Inc,Common Stock,name_unique
03237H101,AMLX,AMYLYX PHARMACEUTICALS INC,COM,name_unique
02635P104,AMP,AMERIPRISE FINANCIAL INC,COM,name_unique
03211Q200,AMPG,AMPLITECH GROUP INC,COM NEW,name_unique
03213A104,AMPL,AMPLITUDE INC,COM CL A,name_unique
03214Q108,AMPX,AMPRIUS TECHNOLOGIES INC COMMON STOCK,Stock,name_unique
03214Q116,AMPX,AMPRIUS TECHNOLOGIES INC,*W EXP 09/14/202,name_unique
03212B103,AMPY,Amplify Energy Corp,COM,name_unique
00236E111,AMRC,AMERESCO INC,CL A,name_unique
02361E108,AMRC,AMERESCO INC CL A,COMMON STOCK,name_unique
02361E111,AMRC,AMERESCO INC,CL A,name_unique
03168L105,AMRX,AMNEAL PHARMACEUTICALS INC,COM STK CL A,name_unique
143013422,AMRZ,AMRIZE LTD,COM,name_unique
H2627K103,AMRZ,AMRIZE LTD,SHS,name_unique
03071H100,AMSF,AMERISAFE INC,COMMON STOCK,name_unique
031094204,AMST,AMESITE INC,CMN,name_unique
023576101,AMTB,AMERANT BANCORP INC,COMMON STOCK,name_unique
023939101,AMTM,AMENTUM HOLDINGS INC COM,Stock,name_unique
00770K202,AMTX,AEMETIS INC,COM NEW,name_unique
03044L204,AMWL,AMERICAN WELL CORP,COM CL A NEW,name_unique
023135103,AMZN,AMAZON.COM INC,Common Stock,name_unique
023135106,AMZN,AMAZON COM INC,COM,name_unique
023135906,AMZN,AMAZON COM INC,COM,name_unique
231351060,AMZN,Amazon.Com Inc,Common Stock,name_unique
231351067,AMZN,Amazon.com Inc,COM,name_unique
05329W102,AN,AUTONATION INC COM,Stock,name_unique
032724106,ANAB,ANAPTYSBIO INC,COM,name_unique
034164103,ANDE,ANDERSONS INC COM,Stock,name_unique
040413106,ANET,Arista Networks Inc,COM,name_unique
040413205,ANET,ARISTA NETWORKS INC,COM SHS,name_unique
052686102,ANET,ARISTA NETWORKS INC,COM,name_unique
G0369L200,ANGH,ANGHAMI INC,ORD SHS,name_unique
00183L102,ANGI,ANGI INC CLASS A,CL A,name_unique
00183L201,ANGI,ANGI INC,CL A NEW,name_unique
03475V101,ANGO,ANGIODYNAMICS INC,COM,name_unique
034948109,ANGX,ANGEL STUDIOS INC. CL A COM,Stock,name_unique
035255108,ANIK,ANIKA THERAPEUTICS INC,COM,name_unique
00182C103,ANIP,ANI PHARMACEUTICALS INC,COM,name_unique
03528H109,ANIX,ANIXA BIOSCIENCES INC,COM,name_unique
01444V103,ANNA,ALEANNA INC,COM CL A,name_unique
01444V111,ANNA,ALEANNA INC,*W EXP 12/13/202,name_unique
03589W102,ANNX,ANNEXON INC,COM,name_unique
037326105,ANTX,AN2 THERAPEUTICS INC,COM,name_unique
03615A108,ANVS,ANNOVIS BIO INC,COM,name_unique
03464Y108,AOMR,ANGEL OAK MORTGAGE REIT INC COM,REIT,name_unique
00BLP1HW5,AON,AON Corporation,COM,name_unique
00BMF1012,AON,Aon PLC,Common Stock - Foreign US$,name_unique
037389103,AON,AON CORP,COMMON STOCK,name_unique
G0408V102,AON,AON PLC,SHS CL A,name_unique
228903100,AORT,ARTIVION INC,COM,name_unique
831865209,AOS,SMITH A O CORP COM,Stock,name_unique
02875D109,AOUT,AMERICAN OUTDOOR BRANDS INC,COM,name_unique
032037103,AP,AMPCO PITTSBURGH CORP,COMMON STOCK,name_unique
03743Q108,APA,APA CORPORATION COM,Stock,name_unique
009158106,APD,AIR PRODUCTS AND CHEMICALS INC COM,Stock,name_unique
009158BE5,APD,"AIR PRODUCTS AND CHEMICALS, INC.",Common,name_unique
00187Y100,APG,API GROUP CORP COM STK,Stock,name_unique
00187Y102,APG,API GROUP CORP,COM,name_unique
00851L103,API,Agora Inc-Adr,COM,name_unique
003819207,APLD,Applied Digital Corporation,APLD,name_unique
038169207,APLD,APPLIED DIGITAL CORP COM NEW,Stock,name_unique
03784Y200,APLE,APPLE HOSPITALITY REIT INC COM NEW,REIT,name_unique
G0411D123,APLM,APOLLOMICS INC,SHS NEW CL A,name_unique
037612306,APO,Apollo Global Management,COM,name_unique
03768E105,APO,Apollo Global Management Inc,COM CL A,name_unique
037598109,APOG,APOGEE ENTERPRISES INC,COM,name_unique
023850100,APP,APPLOVIN CORP CLASS A,COM,name_unique
03831W108,APP,APPLOVIN CORP COM CL A,Stock,name_unique
03783C100,APPF,APPFOLIO INC,COM CL A,name_unique
03782L101,APPN,APPIAN CORP,CL A,name_unique
25400W102,APPS,DIGITAL TURBINE INC,COMMON STOCK,name_unique
03836J201,APRE,APREA THERAPEUTICS INC,COM NEW,name_unique
00BTDN8H1,APTV,APTIV PLC NEW,COM,name_unique
00BV9B635,APTV,Aptiv PLC,Common Stock - Foreign US$,name_unique
G3265R107,APTV,APTIV PLC,COM SHS,name_unique
G3265R115,APTV,APTIV PLC,ORDINARY SHARES,name_unique
G6095L109,APTV,APTIV PLC,COMMON STOCK-FO,name_unique
03835L702,APVO,APTEVO THERAPEUTICS INC,COM,name_unique
G0535E106,APWC,ASIA PACIFIC WIRE & CABLE CO,ORD,name_unique
03837C106,APYX,APYX MEDICAL CORPORATION,COM,name_unique
03842K309,AQB,AQUABOUNTY TECHNOLOGIES INC,COM,name_unique
03837J200,AQMS,AQUA METALS INC COM NEW,Stock,name_unique
03837J309,AQMS,AQUA METALS INC,COM NEW,name_unique
015857105,AQN,ALGONQUIN POWER & UTILITIES CO COM,Stock,name_unique
015857709,AQN,ALGONQUIN POWER & UTILITIES CORP,COM,name_unique
015857808,AQN,ALGONQUIN POWER & UTILITIES CORP,Pref,name_unique
00384E107,AQST,AQUESTIVE THERAPEUTICS INC,COM,name_unique
03843E104,AQST,AQUESTIVE THERAPEUTICS INC COM,Stock,name_unique
03843E107,AQST,AQUESTIVE THERAPEUTICS INC,COM,name_unique
03674X106,AR,ANTERO RESOURCES CORP COM,Stock,name_unique
04272H204,ARAI,ARRIVE AI INC,COM NEW,name_unique
004397105,ARAY,ACCURAY INC DEL,COM,name_unique
G0447T118,ARBB,ARB IOT GROUP LTD,ORD SHS NEW,name_unique
M1R95N100,ARBE,ARBE ROBOTICS LTD ORDINARY SHARES,Stock,name_unique
M1R95N118,ARBE,ARBE ROBOTICS LTD,*W EXP 99/99/999,name_unique
03980N107,ARDT,ARDENT HEALTH INC,COM,name_unique
039697107,ARDX,ARDELYX INC,COM,name_unique
02919L117,AREB,AMERICAN REBEL HOLDINGS INC,*W EXP 01/20/202,name_unique
02919L885,AREB,AMERICAN REBEL HOLDINGS INC,COM,name_unique
03990B101,ARES,ARES MANAGEMENT CORPORATION CL A COM STK,Stock,name_unique
03990B309,ARES,ARES MANAGEMENT CORPORATION,CMN,name_unique
04035M102,ARHS,ARHAUS INC,COMMON STOCK,name_unique
04040Y109,ARIS,ARIS MINING CORPORATION,COM,name_unique
04040Y950,ARIS,ARIS MINING CORP,EQUITY,name_unique
04041L106,ARIS,ARIS MINING CORP,COM,name_unique
041242108,ARKO,ARKO CORP,COMMON STOCK,name_unique
040712101,ARKR,ARK RESTAURANTS CORP,COM,name_unique
04206A101,ARLO,ARLO TECHNOLOGIES INC,COMMON STOCK,name_unique
03852U106,ARMK,ARAMARK COM,Stock,name_unique
03957W106,AROC,ARCHROCK INC,COM,name_unique
042744102,AROW,ARROW FINANCIAL CORP,COMMON STOCK,name_unique
00770C101,ARQ,ARQ INC,COM,name_unique
G0567U119,ARQQ,ARQIT QUANTUM INC,*W EXP 09/03/202,name_unique
G0567U127,ARQQ,ARQIT QUANTUM INC COM NEW,Stock,name_unique
03969K108,ARQT,ARCUTIS BIOTHERAPEUTICS INC,COMMON STOCK,name_unique
04271T100,ARRY,ARRAY TECHNOLOGIES INC,COM SHS,name_unique
04301G607,ARTL,ARTELO BIOSCIENCES INC,COM NEW,name_unique
04301G706,ARTL,ARTELO BIOSCIENCES INC,COM,name_unique
04317A107,ARTV,ARTIVA BIOTHERAPEUTICS INC,COM,name_unique
04335A105,ARVN,ARVINAS INC,COM,name_unique
G00894108,ARX,ACCELERANT HOLDINGS CL A,COMMON STOCK,name_unique
00BKP8KT7,AS,Amer Sports Inc,Common Stock - Foreign US$,name_unique
00BN6TZY0,AS,AMER SPORTS INC,COM,name_unique
G0260P102,AS,AMER SPORTS INC,COMMON STOCK,name_unique
04342Y104,ASAN,ASANA INC,CL A,name_unique
045487105,ASB,ASSOCIATED BANC-CORP,COM,name_unique
Y0207T100,ASC,ARDMORE SHIPPING CORP,COM,name_unique
044186104,ASH,ASHLAND INC,COM,name_unique
044209104,ASH,Ashland,Common,name_unique
00773T101,ASIX,ADVANSIX INC,COM,name_unique
00810F106,ASLE,AERSALE CORP,COMMON STOCK,name_unique
045396207,ASMB,ASSEMBLY BIOSCIENCES INC,COMMON STOCK,name_unique
00B1YBRG0,ASML,ASML Holding NV,Common Stock - Foreign US$,name_unique
00B929F46,ASML,ASML Holding NV,Common Stock - Foreign,name_unique
086233517,ASML,ASML HOLDING ADR,COM,name_unique
00402L107,ASO,ACADEMY SPORTS & OUTDOORS INC COM,Stock,name_unique
00218A105,ASPI,ASP ISOTOPES INC,COMMON STOCK,name_unique
04523Y105,ASPN,ASPEN AEROGELS INC,COMMON STOCK,name_unique
862945102,ASST,STRIVE INC.,COMMON STOCK,name_unique
862945300,ASST,STRIVE INC,CL A COM,name_unique
046484101,ASTC,ASTROTECH CORP,COMMON STOCK,name_unique
046484309,ASTC,ASTROTECH CORP,COM,name_unique
03763A207,ASTH,ASTRANA HEALTH INC,COM NEW,name_unique
00217D100,ASTS,AST SPACEMOBILE INC COM CL A,Stock,name_unique
04649U102,ASUR,ASURE SOFTWARE INC,COMMON STOCK,name_unique
032332504,ASYS,AMTECH SYSTEMS INC,COMMON STOCK,name_unique
002121101,ATEN,A10 NETWORKS INC,COM,name_unique
02156U200,ATER,ATERIAN INC,COM NEW,name_unique
03676C100,ATEX,ANTERIX INC,COMMON STOCK,name_unique
01741R102,ATI,ATI INC COM,Stock,name_unique
047649108,ATKR,ATKORE INC,COMMON STOCK,name_unique
04764T104,ATKR,ATKORE INC,COM,name_unique
04914Y102,ATLC,ATLANTICUS HOLDINGS CORP,COMMON STOCK,name_unique
031001100,ATLO,AMES NATIONAL CORP,COMMON STOCK,name_unique
105861306,ATLX,ATLAS LITHIUM CORP,COM,name_unique
00215F107,ATNI,ATN INTERNATIONAL INC,COMMON STOCK,name_unique
004956010,ATO,Atmos Energy Ord Shs,COM,name_unique
049560105,ATO,ATMOS ENERGY CORP COM,Stock,name_unique
04965B100,ATOM,ATOMERA INC,COMMON STOCK,name_unique
04962H704,ATOS,ATOSSA THERAPEUTICS INC,COM,name_unique
008389306,ATPC,AGAPE ATP CORP,COM NEW,name_unique
038336103,ATR,APTARGROUP INC COM,Stock,name_unique
046513107,ATRA,ATARA BIOTHERAPEUTICS INC COM NEW,Stock,name_unique
046513206,ATRA,ATARA BIOTHERAPEUTICS INC,COM NEW,name_unique
04963C209,ATRC,ATRICURE INC,COM,name_unique
046433108,ATRO,ASTRONICS CORP COM,Stock,name_unique
046433AD0,ATRO,ASTRONICS CORP,EQUITY,name_unique
00653L400,ATXG,ADDENTAX GROUP CORP,COM NEW,name_unique
002120202,ATYR,ATYR PHARMA INC,COM NEW,name_unique
035128206,AU,Anglogold Ashanti Plc,Common,name_unique
BRF6FX903,AU,ANGLOGOLD ASHANTI PLC,EQUITY,name_unique
G0378L100,AU,ANGLOGOLD ASHANTI PLC,COM SHS,name_unique
M15342104,AUDC,AUDIOCODES LTD,ORD,name_unique
G06973104,AUGO,"Aura Minerals, Inc.",COM,name_unique
G06973112,AUGO,AURA MINERALS INC,SHS NEW,name_unique
46264C305,AUID,AUTHID INC,COM,name_unique
L0415A103,AUNA,AUNA S A,CLASS A,name_unique
05156V102,AUPH,AURINIA PHARMACEUTICALS INC COM,Stock,name_unique
051774107,AUR,AURORA INNOVATION INC CLASS A COM,Stock,name_unique
90353TAR1,AUR,Aurora Innovation Inc,CONV,name_unique
05153U107,AURA,AURA BIOSCIENCES INC,COMMON STOCK,name_unique
G7244A127,AURE,AURELION INC,CL A ORD SHS NEW,name_unique
05072K305,AUUD,AUDDIA INC,COM,name_unique
05072K404,AUUD,AUDDIA INC,COM               A,name_unique
05379B107,AVA,AVISTA CORP COM,Stock,name_unique
008073108,AVAV,AEROVIRONMENT INC COM,Stock,name_unique
053510102,AVAV,AEROVIRONMENT INC,COM,name_unique
05369T100,AVBC,AVIDIA BANCORP INC,COMMON STOCK,name_unique
05368J103,AVBH,AVIDBANK HOLDINGS INC,COMMON STOCK,name_unique
04272N102,AVBP,ARRIVENT BIOPHARMA INC,COM,name_unique
030371108,AVD,AMERICAN VANGUARD CORP,COM,name_unique
111320107,AVGO,BROADCOM CORP,CL A,name_unique
11135F101,AVGO,BROADCOM INC,COM,name_unique
11135F901,AVGO,"Broadcom, Inc.",COM,name_unique
99QBCGDKI,AVGO,BROADCOM INC COM,Option,name_unique
Y0486S104,AVGO,Broadcom Inc,Common,name_unique
Y09827109,AVGO,Broadcom Ltd,COM,name_unique
04683R106,AVIR,ATEA PHARMACEUTICALS INC,COMMON STOCK,name_unique
05368V106,AVNT,AVIENT CORPORATION,COM,name_unique
05366Y102,AVNW,AVIAT NETWORKS INC,COMMON STOCK,name_unique
05366Y201,AVNW,AVIAT NETWORKS INC,COMMON STOCK,name_unique
60510V108,AVO,MISSION PRODUCE INC,COM,name_unique
053604104,AVPT,AVEPOINT INC COM CL A,Stock,name_unique
03675P102,AVR,ANTERIS TECHNOLOGIES GLOBAL,COMMON STOCK,name_unique
053807103,AVT,AVNET INC COM,Stock,name_unique
05352A100,AVTR,AVANTOR INC COM,Stock,name_unique
00750Y206,AVTX,AVALO THERAPEUTICS INC,COM,name_unique
05338F306,AVTX,AVALO THERAPEUTICS INC,COMMON STOCK,name_unique
05338F307,AVTX,AVALO THERAPEUTICS INC,COM NEW,name_unique
05353F108,AVX,AVAX ONE TECHNOLOGY LTD,COM SHS,name_unique
05353F207,AVX,AVAX ONE TECHNOLOGY LTD,COM NEW,name_unique
032797300,AVXL,ANAVEX LIFE SCIENCES CORP,COM NEW,name_unique
053611109,AVY,AVERY DENNISON CORP COM,Stock,name_unique
003042010,AWK,American Water Works Ord Shs,COM,name_unique
030411102,AWK,AMERICAN WATER WORKS INC,COMMON STOCK,name_unique
U82706109,AWK,"American Water Works Company, Inc.",Common Stock,name_unique
05465C100,AX,AXOS FINANCIAL INC,COM,name_unique
G82759104,AXG,SOLOWIN HOLDINGS,CMN,name_unique
05463X106,AXGN,AXOGEN INC,COM,name_unique
05464C101,AXON,AXON ENTERPRISE INC COM,Stock,name_unique
025816109,AXP,AMERICAN EXPRESS CO COM,Stock,name_unique
258161090,AXP,American Express Co,Common Stock,name_unique
032159105,AXR,AMREP CORP,COM,name_unique
05464T104,AXSM,AXSOME THERAPEUTICS INC. COM,Stock,name_unique
00BNHRG84,AXTA,Axalta Coating Systems Ltd,Common Stock - Foreign US$,name_unique
00246W103,AXTI,AXT INC,COM,name_unique
05459C108,AXTI,AXT Inc,COM,name_unique
054754858,AYTU,AYTU BIOPHARMA INC,COM,name_unique
002205102,AZ,A2Z CUST2MATE SOLUTIONS CORP,COM,name_unique
000989529,AZN,AstraZeneca PLC,Common Stock - Foreign,name_unique
046353108,AZN,AstraZeneca PLC,SPONSORED ADR,name_unique
098952906,AZN,ASTRAZENECA PLC,EQUITY,name_unique
EX0989528,AZN,ASTRAZENECA PLC,Common Stock,name_unique
O09895297,AZN,Astrazeneca PLC,ORD,name_unique
S09895293,AZN,ASTRAZENECA PLC,COM,name_unique
053332102,AZO,AUTOZONE INC COM,Stock,name_unique
114340102,AZTA,AZENTA INC,COM,name_unique
002474104,AZZ,AZZ INC COM,Stock,name_unique
005566843,B,Barrick Mining Corporation,COM,name_unique
00BNM23Q1,B,Barrick Mining Corp,Common Stock - Foreign,name_unique
067901108,B,BARRICK MINING CORP,COM,name_unique
06849F959,B,BARRICK MINING CORP,EQUITY,name_unique
097023105,BA,BOEING CO COM,Stock,name_unique
097023204,BA,BOEING CO,CMN,name_unique
970231050,BA,Boeing Co,Common Stock,name_unique
07279B104,BAFN,BAYFIRST FINANCIAL CORP,COM,name_unique
32050L105,BAFN,BAYFIRST FINANCIAL CORP COM,Stock,name_unique
058498106,BALL,BALL CORP,COM,name_unique
00BPCPYH2,BAM,Brookfield Asset Management Ltd,Common Stock - Foreign,name_unique
112585104,BAM,BROOKFIELD ASSET MANAGEMENT,COMMON STOCK,name_unique
05990K106,BANC,BANC OF CALIFORNIA INC,COMMON STOCK,name_unique
05988J103,BAND,BANDWIDTH INC,COM CL A,name_unique
06652V208,BANR,BANNER CORP,COM NEW,name_unique
G2519Y108,BAP,CREDICORP LTD,COM,name_unique
S22328785,BAP,CREDICORP LTD,EQUITY,name_unique
00686E207,BARK,BARK INC,COM NEW,name_unique
68622E104,BARK,BARK Inc.,COM,name_unique
68622E203,BARK,BARK INC,CMN,name_unique
00BCBHZ31,BB,BlackBerry Ltd,Common Stock - Foreign,name_unique
09228F103,BB,BLACKBERRY LTD COM,Stock,name_unique
09228F954,BB,BLACKBERRY LTD,EQUITY,name_unique
058934100,BBAR,BANCO BBVA ARGENTINA S A,SPONSORED ADS,name_unique
06759L103,BBDC,BARINGS BDC INC,COM,name_unique
074014200,BBGI,BEASLEY BROADCAST GROUP INC,CL A NEW,name_unique
09077J107,BBIO,BRIDGEBIO PHARMA INC,COM,name_unique
10806X102,BBIO,BRIDGEBIO PHARMA INC COM,Stock,name_unique
098070154,BBLG,BONE BIOLOGICS CORP,*W EXP 10/13/202,name_unique
098070600,BBLG,BONE BIOLOGICS CORP,COM,name_unique
08659B102,BBNX,BETA BIONICS INC,COMMON STOCK,name_unique
084680107,BBT,BEACON FINANCIAL CORP.,COM,name_unique
120076104,BBW,BUILD-A-BEAR WORKSHOP INC,COM,name_unique
070830104,BBWI,BATH & BODY WORKS INC COM,Stock,name_unique
086516101,BBY,BEST BUY INC COM,Stock,name_unique
117043109,BC,BRUNSWICK CORP,COM,name_unique
09077B104,BCAB,BIOATLA INC,COM,name_unique
09077B203,BCAB,BIOATLA INC,COM NEW,name_unique
055477103,BCAX,BICARA THERAPEUTICS INC,COM,name_unique
055298103,BCBP,BCB BANCORP INC,COMMON STOCK,name_unique
09739D100,BCC,BOISE CASCADE CO DEL,COM,name_unique
09060U606,BCDA,BIOCARDIA INC,COM NEW,name_unique
00B188TH2,BCE,BCE Inc,Common Stock - Foreign,name_unique
05534B760,BCE,BCE INC COM NEW,Stock,name_unique
05534B950,BCE,BCE INC,COMMON STOCK,name_unique
07272M107,BCML,BAYCOM CORP,COMMON STOCK,name_unique
109696104,BCO,BRINKS CO,COM,name_unique
057665200,BCPC,BALCHEM CORP,COM,name_unique
058748102,BCPC,BALCHEM CORP,COM,name_unique
09058V103,BCRX,BIOCRYST PHARMACEUTICALS INC COM,Stock,name_unique
000000006,BCS,BARCLAYS PLC,ADR,name_unique
003134865,BCS,Barclays PLC,Common Stock - Foreign,name_unique
00674E207,BCS,BARCLAYS PLC,ADR,name_unique
06738E204,BCS,BARCLAYS PLC ADR,ADR,name_unique
06738E207,BCS,BARCLAYS PLC,ADR,name_unique
06738E998,BCS,BARCLAYS PLC,COMMON STOCK,name_unique
G08036124,BCS,Barclays PLC,COM,name_unique
107930117,BCTX,BRIACELL THERAPEUTICS CORP,*W EXP 99/99/999,name_unique
107930125,BCTX,BRIACELL THERAPEUTICS CORP,*W EXP 01/15/203,name_unique
107930307,BCTX,BRIACELL THERAPEUTICS CORP,COM,name_unique
077454106,BDC,BELDEN INC COM,Stock,name_unique
09075X108,BDSX,BIODESIX INC,COM,name_unique
09075X207,BDSX,BIODESIX INC COM,Stock,name_unique
075887109,BDX,BECTON DICKINSON & CO COM,Stock,name_unique
074002106,BE,BLOOM ENERGY CORP CLASS A,COM,name_unique
093712107,BE,BLOOM ENERGY CORP COM CL A,Stock,name_unique
093712AN7,BE,Bloom Energy Corp,BLOOM ENERGY CORP 0.000% 11/15/30 CVT,name_unique
31946M202,BE,BLOOM ENERGY CORP CLASS A,COM,name_unique
G2003N105,BEAG,BOLD EAGLE ACQUISITION CORP,CL A,name_unique
07373V105,BEAM,BEAM THERAPEUTICS INC,COM,name_unique
42238H108,BEAT,HEARTBEAM INC,COM,name_unique
42238H116,BEAT,HEARTBEAM INC,*W EXP 10/31/202,name_unique
07373B109,BEEM,BEAM GLOBAL,COM,name_unique
60739N101,BEEP,MOBILE INFRASTRUCTURE CORP,COM SHS,name_unique
35473M105,BEN,FRANKLIN TEMPLETON HOLDINGS,RESPBLY SRCD GLD,name_unique
08178Q507,BENF,BENEFICIENT,COM,name_unique
11285B108,BEPC,BROOKFIELD RENEWABLE CORP,CL A  EX SUB VTG,name_unique
11285B959,BEPC,BROOKFIELD RENEWABLE CORP,EQUITY,name_unique
115637100,BF-A,BROWN FORMAN CORP,CL A,override
115637209,BF-B,BROWN FORMAN CORP CL B,Stock,override
05676F108,BFC,BANK FIRST CORPORATION COM,Stock,name_unique
06211J100,BFC,BANK FIRST CORP,COM,name_unique
018581108,BFH,BREAD FINANCIAL HOLDINGS INC,COM,name_unique
124155102,BFLY,BUTTERFLY NETWORK INC,COM CL A,name_unique
09077D118,BFRI,BIOFRONTERA INC,*W EXP 10/27/202,name_unique
09077D209,BFRI,BIOFRONTERA INC,COM NEW,name_unique
12326C105,BFST,BUSINESS FIRST BANCSHARES,COMMON STOCK,name_unique
00BYP0K57,BG,Bunge Global SA,Common Stock - Foreign US$,name_unique
G16962105,BG,Bunge Global SA,Common,name_unique
088929104,BGC,BGC GROUP INC CL A,Stock,name_unique
G1331C104,BGL,BLUE GOLD LTD,COM CL A,name_unique
G1331C112,BGL,BLUE GOLD LTD,*W EXP 04/01/203,name_unique
090628306,BGLC,BIONEXUS GENE LAB CORP,COM,name_unique
G7307E123,BGM,BGM GROUP LTD,CL A ORD SHS NEW,name_unique
05508R106,BGS,B & G FOODS INC,COM,name_unique
05601C105,BGSF,BGSF INC,COM,name_unique
09076J207,BHST,BIOHARVEST SCIENCES INC,COM NEW,name_unique
G1110E107,BHVN,BIOHAVEN LTD,COM,name_unique
09076W117,BIAF,BIOAFFINITY TECHNOLOGIES INC,*W EXP 09/07/202,name_unique
09076W307,BIAF,BIOAFFINITY TECHNOLOGIES INC,COM NEW,name_unique
09062X103,BIIB,BIOGEN INC COM,Stock,name_unique
090043100,BILL,BILL HOLDINGS INC,COM,name_unique
09077V100,BIOA,BIOAGE LABS INC COM,Stock,name_unique
G1117K114,BIOX,BIOCERES CROP SOLUTIONS CORP,CMN,name_unique
11275Q107,BIPC,Brookfield Infrastructure,Equity,name_unique
11276B208,BIPC,BROOKFIELD INFRASTRUCTURE,SPI,name_unique
01675A208,BIRD,SMARTBIRD INC CLASS A,COMMON STOCK,name_unique
00BS44BN3,BIRK,BIRKENSTOCK HOLDING PLC,COM,name_unique
M20295104,BIRK,BIRKENSTOCK HOLDING PLC,COM SHS,name_unique
M2029K104,BIRK,BIRKENSTOCK HOLDING PLC,COM SHS,name_unique
09074F173,BIVI,BIOVIE INC,*W EXP 08/08/203,name_unique
09074F504,BIVI,BIOVIE INC COM CL A NEW,Stock,name_unique
05548J106,BJ,BJS WHOLESALE CLUB INC,COMMON STOCK,name_unique
095633608,BJDX,BLUEJAY DIAGNOSTICS INC,COM NEW,name_unique
09180C106,BJRI,BJS RESTAURANTS INC,COM,name_unique
118440106,BKE,BUCKLE INC COM,Stock,name_unique
G1148A101,BKHA,BLACK HAWK ACQUISITION CORP,CMN,name_unique
05759B305,BKKT,BAKKT INC,COMMON STOCK,name_unique
06646L100,BKNG,Booking Holdings Inc,Stock,name_unique
09857L108,BKNG,BOOKING HOLDINGS INC COM,Stock,name_unique
09857LAV0,BKNG,BOOKING HOLDINGS INC.,Common,name_unique
09857LAW8,BKNG,BOOKING HOLDINGS INC.,Common,name_unique
YO2559475,BKNG,BOOKING HOLDINGS INC.,Common,name_unique
057224107,BKR,BAKER HUGHES INC,COM,name_unique
05722G100,BKR,BAKER HUGHES COMPANY CL A,Stock,name_unique
09263B108,BKSY,BLACKSKY TECHNOLOGY INC,COM CL A,name_unique
09263B116,BKSY,BLACKSKY TECHNOLOGY INC,W EXP 09/09/202,name_unique
09263B207,BKSY,BLACKSKY TECHNOLOGY INC,COMMON STOCK,name_unique
0926EB207,BKSY,BLACKSKY TECHNOLOGY INC,COM,name_unique
06652K103,BKU,BANKUNITED INC,COM,name_unique
05603J108,BKV,BKV CORPORATION,COMMON STOCK,name_unique
09239B109,BL,BLACKLINE INC,COMMON STOCK,name_unique
095306106,BLBD,BLUE BIRD CORP,COM,name_unique
058586959,BLDP,BALLARD POWER SYSTEMS INC,EQUITY,name_unique
12008R107,BLDR,BUILDERS FIRSTSOURCE INC COM,Stock,name_unique
09062W204,BLFS,BIOLIFE SOLUTIONS INC COM NEW,Stock,name_unique
10807Q700,BLIN,BRIDGELINE DIGITAL INC,COM,name_unique
00924D105,BLK,BLACKROCK INC,COM,name_unique
09247X101,BLK,BlackRock Inc,COM,name_unique
09290D101,BLK,BLACKROCK INC COM,Stock,name_unique
09290D10R,BLK,BLACKROCK INC,COMMON STOCK,name_unique
102183100,BLK,Blackrock Inc Cl A,COMMON STOCKS,name_unique
G4953W259,BLK,"BLACKROCK, INC.",ETF,name_unique
G4954M417,BLK,"BLACKROCK, INC.",ETF,name_unique
G9828Q189,BLK,"BLACKROCK, INC.",ETF,name_unique
09227Q100,BLKB,BLACKBAUD INC COM,Stock,name_unique
094235108,BLMN,BLOOMIN BRANDS INC,COM,name_unique
09352U108,BLND,BLEND LABS INC,CL A,name_unique
277802500,BLNE,BEELINE HOLDINGS INC,CMN,name_unique
G16910120,BLSH,BULLISH,ORD SHS,name_unique
09347L106,BLZE,BACKBLAZE INC CLASS A,COM,name_unique
09077A106,BMEA,BIOMEA FUSION INC,CMN,name_unique
005652510,BMI,Badger Meter Ord Shs,COM,name_unique
056525108,BMI,BADGER METER INC COM,Stock,name_unique
565251080,BMI,BADGER METER INC,COM,name_unique
M1R79L104,BMR,BEAMR IMAGING LTD,ORDINARY SHS,name_unique
09061H406,BMRA,BIOMERICA INC,COM,name_unique
09061G101,BMRN,BIOMARIN PHARMACEUTICAL INC,COM,name_unique
110122108,BMY,BRISTOL-MYERS SQUIBB CO COM,Stock,name_unique
104932207,BNAI,BRAND ENGAGEMENT NETWORK INC,COM,name_unique
03815U607,BNBX,BNB PLUS CORP,COM NEW,name_unique
86887P119,BNC,CEA INDUSTRIES INC,*W EXP 02/11/202,name_unique
86887P127,BNC,CEA INDUSTRIES INC,*W EXP 08/05/202,name_unique
86887P309,BNC,CEA INDUSTRIES INC,COM,name_unique
09075F305,BNGO,BIONANO GENOMICS INC,COM,name_unique
09075F404,BNGO,BIONANO GENOMICS INC,COM,name_unique
48208F303,BNKK,BONK INC,COM,name_unique
000000001,BNL,BROADSTONE NET LEASE INC,COM,name_unique
00111E207,BNL,BROADSTONE NET LEASE INC,COM,name_unique
11135E203,BNL,BROADSTONE NET LEASE INC COM,REIT,name_unique
11135E207,BNL,BROADSTONE NET LEASE INC,COM,name_unique
002076281,BNS,Bank of Nova Scotia/The,Common Stock - Foreign,name_unique
064149958,BNS,BANK OF NOVA SCOTIA,EQUITY,name_unique
G17434906,BNT,BROOKFIELD WEALTH SOLUTIONS,EQUITY,name_unique
08205P209,BNTC,BENITEC BIOPHARMA INC,COMMON STOCK,name_unique
101044105,BOC,BOSTON OMAHA CORP CL A,COMMON STOCK,name_unique
073463309,BODI,THE BEACHBODY COMPANY INC,COM CL A NEW,name_unique
105230106,BOF,BRANCHOUT FOOD INC,COM,name_unique
10170A100,BOLD,BOUNDLESS BIO INC,COM,name_unique
097702203,BOLT,BOLT BIOTHERAPEUTICS INC,COM NEW,name_unique
G14492204,BON,BON NATURAL LIFE LIMITED,CL A NEW,name_unique
23291C103,BOOM,DMC GLOBAL INC,COM,name_unique
G1466R173,BORR,BORR DRILLING LTD,COMMON STOCK,name_unique
M20115180,BOSC,BOS BETTER ONLINE SOLUTIONS,CMN,name_unique
10316T104,BOX,BOX INC CL A,Stock,name_unique
103197406,BOXL,BOXLIGHT CORP,CL A COM,name_unique
103197505,BOXL,BOXLIGHT CORP,COMMON STOCK,name_unique
000798059,BP,BP PLC,Common Stock - Foreign,name_unique
055622104,BP,BP PLC SPONSORED ADR,ADR,name_unique
G12793108,BP,BP PLC,COM,name_unique
733174106,BPOP,POPULAR INC COM,COM,name_unique
733174700,BPOP,POPULAR INC,COM NEW,name_unique
74179A107,BPRN,PRINCETON BANCORP INC,COMMON STOCK,name_unique
104833306,BRAG,BRAGG GAMING GROUP INC,CMN,name_unique
07831C103,BRBR,BELLRING BRANDS INC COMMON STOCK,Stock,name_unique
079823100,BRBR,BELLRING BRANDS INC,COMMON STOCK,name_unique
104674106,BRC,BRADY CORP,CL A,name_unique
067532200,BRFH,BARFRESH FOOD GROUP INC,COM NEW,name_unique
108763103,BRID,BRIDGFORD FOODS CORP,COM,name_unique
084670108,BRK-A,BERKSHIRE HATHAWAY INC DEL,CL A,override
084670207,BRK-B,Berkshire Hathaway Cl B,COM,name_ambiguous_class_suffix
084670702,BRK-B,BERKSHIRE HATHAWAY INC DEL,CL B NEW,override
113809107,BRK-B,Berkshire Hathaway Cl B,COM,name_ambiguous_class_suffix
846707020,BRK-B,Berkshire Hathaway Class                  B,Common Stock,name_ambiguous_class_suffix
116794108,BRKR,BRUKER CORP,COM,name_unique
116794207,BRKR,BRUKER CORP,6.375 PREF SER A,name_unique
09973D105,BRLS,BOREALIS FOODS INC,CL A,name_unique
09973D113,BRLS,BOREALIS FOODS INC,*W EXP 02/07/202,name_unique
109504100,BRLT,BRILLIANT EARTH GROUP INC,CMN,name_unique
115236101,BRO,BROWN & BROWN INC COM,Stock,name_unique
26701L100,BROS,DUTCH BROS INC,CL A,name_unique
G4863A108,BRSL,BRIGHTSTAR LOTTERY PLC,COMMON STOCK,name_unique
10949T109,BRSP,BRIGHTSPIRE CAPITAL INC COM CL A,REIT,name_unique
055645303,BRT,BRT APARTMENTS CORP,REIT,name_unique
090655408,BRTX,BIORESTORATIVE THERAPIES INC COM NEW,Stock,name_unique
090655606,BRTX,BIORESTORATIVE THERAPIES INC,COM NEW,name_unique
10576N102,BRZE,BRAZE INC,COM CL A,name_unique
G1069P103,BSAA,BEST SPAC I ACQUISITION CORP,USD CL A ORD SHS,name_unique
05965X109,BSAC,BANCO SANTANDER CHILE NEW,SP ADR REP COM,name_unique
82620P102,BSRR,SIERRA BANCORP,COM,name_unique
06652N107,BSVN,BANK7 CORP,COMMON STOCK,name_unique
101137107,BSX,BOSTON SCIENTIFIC CORP COM,Stock,name_unique
0557MQ115,BTBD,BT BRANDS INC,*W EXP 11/12/202,name_unique
0557MQ206,BTBD,BT BRANDS INC,COM NEW,name_unique
G1144A105,BTBT,BIT DIGITAL INC,COMMON STOCK,name_unique
G1144AAA3,BTBT,"Bit Digital, Inc",CONV,name_unique
05581M404,BTCS,BTCS INC,CMN,name_unique
G6055H155,BTCT,BTC DIGITAL LTD,SHS NEW,name_unique
G11448100,BTDR,BITDEER TECHNOLOGIES GROUP CL A ORD SHS,Stock,name_unique
07317Q105,BTE,BAYTEX ENERGY CORP COM,Stock,name_unique
07317Q956,BTE,BAYTEX ENERGY CORP,EQUITY,name_unique
042255109,BTOC,ARMLOGI HOLDING CORP,COM,name_unique
055869101,BTQ,BTQ TECHNOLOGIES CORP COM,Stock,name_unique
055869952,BTQ,BTQ TECHNOLOGIES CORP,EQUITY,name_unique
704549104,BTU,PEABODY ENERGY CORP,COM,name_unique
704549203,BTU,PEABODY ENERGY CORP,COMMON STOCK,name_unique
00BYYHL23,BUD,ANHEUSER-BUSCH INBEV SA/NV,Common Stock - Foreign,name_unique
03524A108,BUD,ANHEUSER BUSCH INBEV SA NV SPONSORED ADR,ADR,name_unique
B639CJ108,BUD,Anheuser-Busch InBev SA,COM,name_unique
G9572D103,BULL,WEBULL CORP,ORD SHS,name_unique
G9572D111,BULL,WEBULL CORP,*W EXP 04/10/203,name_unique
G17977110,BUR,BURFORD CAPITAL LIMITED,ORD SHS,name_unique
122017106,BURL,BURLINGTON STORES INC COM,Stock,name_unique
319383204,BUSE,FIRST BUSEY CORP,COM NEW,name_unique
G1739L102,BUUU,BUUU GROUP LTD,USD CL A ORD SHS,name_unique
G4691A114,BVC,BITVENTURES LTD,ORD SHS NEW,name_unique
05603E208,BVFL,BV FINANCIAL INC,COMMON STOCK,name_unique
09075A108,BVS,BIOVENTUS INC,COM CL A,name_unique
05614L100,BW,BABCOCK & WILCOX ENTERPRISES INC,COM,name_unique
05614L209,BW,BABCOCK & WILCOX ENTERPRISES,COM,name_unique
011536697,BWA,BorgWarner Inc,COM,name_unique
099724106,BWA,BORGWARNER INC COM,Stock,name_unique
108621103,BWB,BRIDGEWATER BANCSHARES INC,COMMON STOCK,name_unique
11161T207,BWEN,BROADWIND INC,CMN,name_unique
099789646,BWLP,BW LPG Limited,COM,name_unique
BT5GCN903,BWLP,BW LPG LTD,EQUITY,name_unique
Y10230103,BWLP,BW LPG LTD COM,Stock,name_unique
103002101,BWMN,BOWMAN CONSULTING GROUP LTD,COM,name_unique
05605H100,BWXT,BWX TECHNOLOGIES INC,COM,name_unique
09253U108,BX,Blackstone Group,COM,name_unique
09260D107,BX,BLACKSTONE INC COM,Stock,name_unique
09624H208,BXC,BLUELINX HOLDINGS INC,COMMON STOCK,name_unique
09257W100,BXMT,BLACKSTONE MORTGAGE TRUST INC COM CL A,REIT,name_unique
101121101,BXP,BXP INC COM,REIT,name_unique
124411109,BY,BYLINE BANCORP INC,COM,name_unique
103304101,BYD,BOYD GAMING CORP COM,Stock,name_unique
00886E112,BYND,BEYOND MEAT INC,COM,name_unique
08862E109,BYND,BEYOND MEAT INC,COM,name_unique
08862E112,BYND,Beyond Meat Inc,COM,name_unique
08862EAB5,BYND,Beyond Meat Inc,COM,name_unique
12448X201,BYRN,BYRNA TECHNOLOGIES INC,COM NEW,name_unique
G10830100,BYSI,BEYONDSPRING INC,COM,name_unique
48553T106,BZ,KANZHUN LIMITED,SPONSORED ADS,name_unique
12430A102,BZFD,BUZZFEED INC CL A NEW,Stock,name_unique
12430A110,BZFD,BUZZFEED INC,*W EXP 12/03/202,name_unique
12430A300,BZFD,BUZZFEED INC,CL A NEW,name_unique
07556Q105,BZH,BEAZER HOMES USA INC,COMMON STOCK,name_unique
07556Q881,BZH,BEAZER HOMES USA INC,COMMON STOCK,name_unique
172967101,C,CITIGROUP INC,COMMON STOCK,name_unique
172967424,C,CITIGROUP INC COM NEW,Stock,name_unique
16936R105,CAAS,China Automotive Systems Inc,COMMON,name_unique
12674W109,CABA,CABALETTA BIO INC,COMMON STOCK,name_unique
12685J105,CABO,CABLE ONE INC,COM,name_unique
133034108,CAC,CAMDEN NATIONAL CORP,COMMON STOCK,name_unique
137404109,CADL,CANDEL THERAPEUTICS INC,COMMON STOCK,name_unique
002162760,CAE,CAE Inc,Common Stock - Foreign,name_unique
124765108,CAE,CAE INC COM,Stock,name_unique
124765959,CAE,CAE INC,EQUITY,name_unique
205887102,CAG,CONAGRA BRANDS INC COM,Stock,name_unique
205887CC4,CAG,"CONAGRA BRANDS,",BCO,name_unique
14149Y108,CAH,CARDINAL HEALTH INC COM,Stock,name_unique
142152107,CAI,CARIS LIFE SCIENCES INC,COMMON STOCK,name_unique
163072101,CAKE,CHEESECAKE FACTORY INC,COM,name_unique
129500104,CAL,CALERES INC,COM,name_unique
38942Q202,CALC,CALCIMEDICA INC,COM NEW,name_unique
128030202,CALM,CAL MAINE FOODS INC COM NEW,Stock,name_unique
13100M509,CALX,CALIX INC,COM,name_unique
131193104,CALY,CALLAWAY GOLF CO,COM,name_unique
13463J101,CAMP,CAMP4 THERAPEUTICS CORP,COM,name_unique
B0WG73906,CAMT,CAMTEK LTD,EQUITY,name_unique
14070B309,CAPR,CAPRICOR THERAPEUTICS INC,COMMON STOCK,name_unique
053774105,CAR,AVIS BUDGET GROUP INC,COM,name_unique
146103106,CARE,CARTER BANKSHARES INC,COMMON STOCK,name_unique
141788109,CARG,CARGURUS INC COM CL A,Stock,name_unique
14280C105,CARL,CARLSMED INC,COMMON STOCK,name_unique
14448C104,CARR,CARRIER GLOBAL CORPORATION COM,Stock,name_unique
00146E109,CARS,CARS COM INC,COM,name_unique
14575E105,CARS,CARS COM INC,COM,name_unique
14575E109,CARS,CARS COM INC,COM,name_unique
565394103,CART,MAPLEBEAR INC COM,Stock,name_unique
14808P109,CASS,CASS INFORMATION SYSTEMS INC,COMMON STOCK,name_unique
149123101,CAT,CATERPILLAR INC,COM,name_unique
149123951,CAT,CATERPILLAR INC,COM,name_unique
149205106,CATO,CATO CORP NEW,CL A,name_unique
148929102,CAVA,CAVA GROUP INC,COM,name_unique
004432874,CB,CHUBB LTD,COM,name_unique
006538389,CB,Chubb Ltd,Common Stock - Foreign US$,name_unique
171232101,CB,Chubb Corporation,Equity,name_unique
H1467J104,CB,CHUBB LIMITED COM,Stock,name_unique
19623P101,CBAN,COLONY BANKCORP,COMMON STOCK,name_unique
14986C102,CBAT,CBAK ENERGY TECHNOLOGY INC,COM,name_unique
G20080100,CBAT,CBAK ENERGY TECHNOLOGY LTD,COM,name_unique
12479G101,CBFV,CB FINANCIAL SERVICES INC,COMMON STOCK,name_unique
38000Q201,CBIO,CRESCENT BIOPHARMA INC.,COM,name_unique
G2545C104,CBIO,CRESCENT BIOPHARMA INC,COMMON STOCK,name_unique
15678C102,CBLL,CERIBELL INC,COMMON STOCK,name_unique
157297103,CBNA,Chain Bridge Bancorp,COM,name_unique
12504L109,CBRE,CBRE GROUP INC CL A,Stock,name_unique
127055101,CBT,CABOT CORP,COM,name_unique
17166A101,CBUS,CIBUS INC,CL A COM STK,name_unique
124805102,CBZ,CBIZ INC,COM,name_unique
163851108,CC,CHEMOURS CO COM,Stock,name_unique
139674105,CCBG,CAPITAL CITY BANK GROUP INC,COMMON STOCK,name_unique
12529R107,CCCC,C4 THERAPEUTICS INC,COM STK,name_unique
002684532,CCEP,Coca-Cola Europacific Partners PLC,Common Stock - Foreign US$,name_unique
G20707108,CCG,CHECHE GROUP INC,CMN,name_unique
228227104,CCI,Crown Castle,COM,name_unique
22822V101,CCI,CROWN CASTLE INC COM,REIT,name_unique
G2254C105,CCII,COHEN CIRCLE ACQUISITION CORP II,COM,name_unique
002166160,CCJ,CAMECO CORP,FOREIGN,name_unique
13321L108,CCJ,CAMECO CORP COM,Stock,name_unique
13321L959,CCJ,CAMECO CORP,EQUITY,name_unique
006152488,CCL,Carnival Corp,Common Stock - Foreign US$,name_unique
143658102,CCL,CARNIVAL CORPORATION,COMMON STOCK,name_unique
143658300,CCL,CARNIVAL CORP COMMON STOCK,Stock,name_unique
14365C103,CCL,CARNIVAL PLC ADS,ADR,name_unique
G2004J103,CCL,CARNIVAL CORP LTD COMMON SHARES,Stock,name_unique
SBVV7RC70,CCL,CARNIVAL CORP LTD,COM,name_unique
14167R100,CCLD,CARECLOUD INC,COM,name_unique
126128107,CCNE,CNB FINANCIAL CORP PA,COMMON STOCK,name_unique
156504300,CCS,CENTURY COMMUNITIES INC,COMMON STOCK,name_unique
G59467202,CD,CHAINCE DIGITAL HOLDINGS INC,COMMON STOCK,name_unique
192108959,CDE,COEUR MINING INC,EQUITY,name_unique
14161W105,CDLX,CARDLYTICS INC,COM,name_unique
14161W303,CDLX,CARDLYTICS INC,COM NEW,name_unique
14167L103,CDNA,CAREDX INC,COM,name_unique
L18268109,CDRO,CODERE ONLINE LUXEMBOURG S A,ORDINARY SHARES,name_unique
L18268117,CDRO,CODERE ONLINE LUXEMBOURG S A,*W EXP 11/23/202,name_unique
20678X502,CDT,CDT EQUITY INC,COM NEW,name_unique
12513GBF5,CDW,CDW LLC,BCO,name_unique
12514G108,CDW,CDW CORP COM,Stock,name_unique
192005106,CDXS,CODEXIS INC,COM,name_unique
127537207,CDZI,CADIZ INC,COM NEW,name_unique
150870103,CE,CELANESE CORP DEL COM,Stock,name_unique
125141101,CECO,CECO ENVIRONMENTAL CORP,COM,name_unique
021037T10,CEG,Constellation Energy Ord Shs,COM,name_unique
20603D105,CEG,CONSTELLATION ENERGY CORP,COM,name_unique
210371100,CEG,CONSTELLATION ENERGY GROUP INC,COMMON STOCK,name_unique
21037T109,CEG,CONSTELLATION ENERGY CORP COM,Stock,name_unique
15102K100,CELC,CELCUITY INC,COM,name_unique
151190113,CELU,CELULARITY INC,*W EXP 07/16/202,name_unique
151190204,CELU,CELULARITY INC,CL A NEW,name_unique
150964104,CENN,CENNTRO INC,cs,name_unique
150964302,CENN,CENNTRO INC,COM,name_unique
153527205,CENTA,CENTRAL GARDEN & PET CO,CL A NON-VTG,name_ambiguous_class_suffix
G1827K107,CEPO,CANTOR EQUITY PARTNERS I INC,SHS CL A,name_unique
157085101,CERS,CERUS CORP,COM,name_unique
15687V109,CERT,CERTARA INC COM,Stock,name_unique
15130G865,CETX,CEMTREX INC,COM,name_unique
15130G873,CETX,CEMTREX INC,COM,name_unique
157210105,CEVA,CEVA INC,COMMON STOCK,name_unique
12520L109,CFBK,CF BANKSHARES INC,COM,name_unique
229899109,CFR,CULLEN FROST BANKERS INC COM,Stock,name_unique
14309L102,CG,THE CARLYLE GROUP,COMMON STOCK,name_unique
14316J108,CG,CARLYLE GROUP INC COM,Stock,name_unique
152006102,CGAU,CENTERRA GOLD INC COM,Stock,name_unique
152006953,CGAU,CENTERRA GOLD INC,EQUITY,name_unique
138035704,CGC,CANOPY GROWTH CORPORATION COM NEW,Stock,name_unique
230031106,CGEM,CULLINAN THERAPEUTICS INC,COM,name_unique
M25722105,CGEN,COMPUGEN LTD,ORD,name_unique
M25133105,CGNT,COGNYTE SOFTWARE LTD,ORD SHS,name_unique
192422103,CGNX,COGNEX CORP,COM,name_unique
156944100,CGON,CG ONCOLOGY INC,COMMON STOCK,name_unique
156944101,CGON,CG ONCOLOGY INC,COM,name_unique
19243B102,CGTX,COGNITION THERAPEUTICS INC,COM,name_unique
83013Q871,CHAI,CORE AI HOLDINGS INC,COM NPV,name_unique
G9877L107,CHAR,Charlton Aria Acquisition Co Ord Shs Cl A,Common Stock,name_unique
177835105,CHCO,CITY HOLDING CO,COMMON STOCK,name_unique
171484108,CHDN,CHURCHILL DOWNS INC,COM,name_unique
163596109,CHE,CHEMED CORP,COMMON STOCK,name_unique
16359R103,CHE,CHEMED CORP NEW,COM,name_unique
163092109,CHGG,CHEGG INC,COM,name_unique
006346924,CHKP,Check Point Software Technologies Ltd,Common Stock - Foreign US$,name_unique
162825103,CHKP,Check Point Software Technologies Ltd,COM,name_unique
164024101,CHMG,CHEMUNG FINANCIAL CORP,COMMON STOCK,name_unique
G2110U125,CHNR,CHINA NATURAL RESOURCES INC,FOREIGN,name_unique
G2124S108,CHPG,CHAMPIONSGATE ACQUISITION CO,SHS CL A,name_unique
674215108,CHRD,CHORD ENERGY CORPORATION,COMMON STOCK,name_unique
674215207,CHRD,CHORD ENERGY CORPORATION,COM NEW,name_unique
19249H103,CHRS,COHERUS ONCOLOGY INC,COM,name_unique
16679L109,CHWY,CHEWY INC,CL A,name_unique
16945F209,CHWY,CHEWY INC CLASS A,COM,name_unique
125509109,CI,Cigna Corp,COM,name_unique
125523100,CI,THE CIGNA GROUP COM,Stock,name_unique
174740100,CIA,CITIZENS INC,COMMON STOCK,name_unique
171779309,CIEN,CIENA CORP COM NEW,Stock,name_unique
17253J106,CIFR,CIPHER DIGITAL INC COM,Stock,name_unique
16934Q109,CIM,CHIMERA INVESTMENT CORP,COMMON STOCK,name_unique
17248W113,CING,CINGULATE INC,*W EXP 12/10/202,name_unique
17248W303,CING,CINGULATE INC,COM,name_unique
G21307106,CINT,CI&T INC,CMN,name_unique
15672X201,CISO,CISO GLOBAL INC,COM NEW,name_unique
Y18284177,CISS,C3IS INC,COM NEW,name_unique
Y18284300,CISS,C3IS INC,COM,name_unique
178867107,CIVB,CIVISTA BANCSHARES INC,COMMON STOCK,name_unique
131100109,CJMB,CALLAN JMB INC,COM,name_unique
172967333,CL,Colgate Palmolive,CL,name_unique
194162103,CL,COLGATE PALMOLIVE CO COM,Stock,name_unique
18270P109,CLAR,CLARUS CORP NEW,COM,name_unique
001179480,CLBT,CELLEBRITE DI LTD,COM,name_unique
006451022,CLBT,Cellebrite DI Ltd,Common Stock - Foreign US$,name_unique
M2197Q107,CLBT,CELLEBRITE DI LTD ORDINARY SHARES,Stock,name_unique
15117B202,CLDX,CELLDEX THERAPEUTICS INC NEW,COM NEW,name_unique
185899101,CLF,CLEVELAND-CLIFFS INC NEW COM,Stock,name_unique
18482P103,CLFD,CLEARFIELD INC,COMMON STOCK,name_unique
184496107,CLH,CLEAN HARBORS INC COM,Stock,name_unique
185064201,CLIR,CLEARSIGN TECHNOLOGIES CORP,COM NEW,name_unique
946760105,CLMB,CLIMB GLOBAL SOLUTIONS INC,COMMON STOCK,name_unique
184499101,CLNE,CLEAN ENERGY FUELS CORP,COMMON STOCK,name_unique
185634201,CLNN,CLENE INC,COM NEW,name_unique
18885T306,CLPR,CLIPPER REALTY INC,COM,name_unique
18507C103,CLPT,CLEARPOINT NEURO INC,COM,name_unique
15117F880,CLRB,CELLECTAR BIOSCIENCES INC,COM NEW,name_unique
18506U203,CLRO,CLEARONE INC,COM NEW,name_unique
00BSCB6L9,CLS,Celestica Inc,Common Stock - Foreign,name_unique
15101Q108,CLS,CELESTICA INC,COMMON STOCK-FO,name_unique
15101Q207,CLS,CELESTICA INC COM,Stock,name_unique
15101Q967,CLS,CELESTICA INC,EQUITY,name_unique
18452B118,CLSK,CLEANSPARK INC,*W EXP 12/29/202,name_unique
18452B209,CLSK,CLEANSPARK INC,COM NEW,name_unique
14888L101,CLST,CATALYST BANCORP INC,COMMON STOCK,name_unique
00BJJN444,CLVT,CLARIVATE PLC,COM,name_unique
G21810109,CLVT,CLARIVATE PLC,ORD SHS,name_unique
18538R103,CLW,CLEARWATER PAPER CORP,COM,name_unique
G32030127,CLWT,EURO TECH HOLDINGS CO LTD,SHS NEW,name_unique
28658R106,CLYM,CLIMB BIO INC,COMMON STOCK,name_unique
B04M8J908,CMBT,CMB TECH NV,EQUITY,name_unique
BS5571903,CMBT,CMB TECH NV,EQUITY,name_unique
201723103,CMC,COMMERCIAL METALS CO COM,Stock,name_unique
20030N101,CMCSA,COMCAST CORP NEW CL A,Stock,name_ambiguous_class_suffix
20030N119,CMCSA,COMCAST CORP NEW,COM CL A,name_ambiguous_class_suffix
Y2001C101,CMDB,COSTAMARE BULKERS HOLDING,COMMON STOCK,name_unique
12572Q105,CME,CME GROUP INC COM,Stock,name_unique
12572QAJ4,CME,CME GROUP INC.,BCO,name_unique
169656105,CMG,CHIPOTLE MEXICAN GRILL INC COM,Stock,name_unique
230121106,CMI,CUMMINS INC,COM,name_unique
231021106,CMI,CUMMINS INC COM,Stock,name_unique
231021107,CMI,Cummins Inc,Com,name_unique
231021108,CMI,Cummins Inc,Com,name_unique
185053501,CMND,CLEARMIND MEDICINE INC,COM SHS,name_unique
185053600,CMND,CLEARMIND MEDICINE INC,COM SHS,name_unique
045290255,CMPR,Cimpress,COM,name_unique
G2143T103,CMPR,CIMPRESS PLC,SHS EURO,name_unique
20451W101,CMPS,COMPASS PATHWAYS PLC,SPONSORED ADS,name_unique
20451W901,CMPS,COMPASS PATHWAYS PLC,SPONSORED ADS,name_unique
20454B104,CMPX,COMPASS THERAPEUTICS INC,COM,name_unique
20454B105,CMPX,COMPASS THERAPEUTICS INC,COM,name_unique
08975P108,CMRC,COMMERCE.COM INC,COM SER 1,name_unique
006773812,CMRE,Costamare Inc,Common Stock - Foreign US$,name_unique
Y1771G102,CMRE,COSTAMARE INC,SHS,name_unique
012589610,CMS,CMS Energy Ord Shs,COM,name_unique
125896100,CMS,CMS ENERGY CORP COM,Stock,name_unique
18270D106,CMTG,CLAROS MORTGAGE TRUST INC,REIT,name_unique
20343A101,CMTV,COMMUNITY BANCORP INC VT,COMMON STOCK,name_unique
15135B101,CNC,CENTENE CORP DEL COM,Stock,name_unique
206787103,CNDT,CONDUENT INC,COM,name_unique
G2181K204,CNEY,CN ENERGY GROUP INC,CL A SHS,name_unique
002180632,CNI,Canadian National Railway Co,Common Stock - Foreign,name_unique
21874C102,CNM,CORE & MAIN INC CL A,Stock,name_unique
207410101,CNMD,CONMED CORP COM,Stock,name_unique
20786W107,CNOB,CONNECTONE BANCORP INC,COMMON STOCK,name_unique
15189T107,CNP,CENTERPOINT ENERGY INC COM,Stock,name_unique
136385952,CNQ,CANADIAN NATURAL RESOURCES,EQUITY,name_unique
218937100,CNR,CORE NATURAL RESOURCES INC,COM SHS,name_unique
19247A100,CNS,COHEN & STEERS INC COM,Stock,name_unique
18978H409,CNSP,CNS PHARMACEUTICALS INC COM,Stock,name_unique
18978H508,CNSP,CNS PHARMACEUTICALS INC,COM,name_unique
21077P108,CNTX,CONTEXT THERAPEUTICS INC,COMMON STOCK,name_unique
156492100,CNTY,CENTURY CASINOS INC,COM,name_unique
172406308,CNVS,CINEVERSE CORP,COM CL A,name_unique
20602D101,CNXC,CONCENTRIX CORP,COM,name_unique
69318J100,CNXN,PC CONNECTION INC,COM,name_unique
29415V109,COCH,ENVOY MEDICAL INC,CL A,name_unique
92846Q107,COCO,VITA COCO CO INC,COM,name_unique
19188J409,COCP,COCRYSTAL PHARMA INC,COM NEW,name_unique
19188U206,CODA,CODA OCTOPUS GROUP INC,COM NEW,name_unique
189763204,CODX,CO-DIAGNOSTICS INC,COM,name_unique
254709108,COF,CAPITAL ONE FINANCIAL CO,COMMON STOCK,name_unique
19240Q201,COGT,COGENT BIOSCIENCES INC,COM,name_unique
192479103,COHR,COHERENT INC,COMMON STOCK,name_unique
19247G107,COHR,COHERENT CORP COM,Stock,name_unique
902104108,COHR,Coherent Corp.,COM,name_unique
192576106,COHU,COHU INC,COM,name_unique
19260Q107,COIN,COINBASE GLOBAL INC COM CL A,Stock,name_unique
21254S503,COIN,COINBASE GLOBAL INC CLASS A,COM,name_unique
03064D108,COLD,AMERICOLD REALTY TRUST INC,COM,name_unique
19459J104,COLL,COLLEGIUM PHARMACEUTICAL INC,COM,name_unique
198516106,COLM,COLUMBIA SPORTSWEAR CO,COM,name_unique
00BD6K457,COMP,Compass Group PLC,Common Stock - Foreign US$,name_unique
00BZ0S1G1,COMP,Compass Group PLC,Common Stock - Foreign US$,name_unique
20464U100,COMP,COMPASS INC,CL A,name_unique
G23296208,COMP,COMPASS GROUP PLC,COM,name_unique
89269P103,COOK,TRAEGER INC,cs,name_unique
89269P202,COOK,TRAEGER INC,Common Stock,name_unique
20825C104,COP,CONOCOPHILLIPS COM,Stock,name_unique
G24243100,COPL,COPLEY ACQUISITION CORP,ORD SHS CL A,name_unique
G24243126,COPL,COPLEY ACQUISITION CORP,*W EXP 99/99/999,name_unique
000000003,COR,CENCORA INC,COM,name_unique
00307E108,COR,CENCORA INC,COM,name_unique
03073E105,COR,CENCORA INC COM,Stock,name_unique
03073E108,COR,CENCORA INC,COM,name_unique
206061104,COR,CENCORA INC,Listed Stock,name_unique
218352102,CORT,CORCEPT THERAPEUTICS INC,COM,name_unique
221413305,COSM,COSMOS HEALTH INC,COM,name_unique
221607104,COST,COSTCO WHOLESALE CORP COM,COM,name_unique
22160K105,COST,COSTCO WHOLESALE CORPORATION COM,Stock,name_unique
22160K106,COST,COSTCO WHOLESALE,COM,name_unique
222070203,COTY,COTY INC,COM CL A,name_unique
22266M104,COUR,COURSERA INC COM,Stock,name_unique
22407B108,COYA,COYA THERAPEUTICS INC,CMN,name_unique
134429109,CPB,THE CAMPBELLS COMPANY COM,Stock,name_unique
154760102,CPF,CENTRAL PACIFIC FINANCIAL CO,COMMON STOCK,name_unique
22266T109,CPNG,COUPANG INC,CL A,name_unique
G71700119,CPOP,POP CULTURE GROUP CO LTD,SHS NEW,name_unique
006148272,CPRI,CAPRI HOLDINGS LTD,Common Stock - Foreign US$,name_unique
G1890L107,CPRI,CAPRI HOLDINGS LIMITED,SHS,name_unique
217204106,CPRT,COPART INC COM,Stock,name_unique
21676P103,CPS,COOPER STANDARD HOLDING,COMMON STOCK,name_unique
210502100,CPSS,CONSUMER PORTFOLIO SERVICES,COMMON STOCK,name_unique
224269104,CR,CRANE CO,COM,name_unique
224399105,CR,CRANE CO,COMMON STOCK,name_unique
224408104,CR,CRANE COMPANY COMMON STOCK,Stock,name_unique
G17564108,CRAQ,CAL REDWOOD ACQUISITION CORP,COM CL A,name_unique
142038108,CRBU,CARIBOU BIOSCIENCES INC COM,Stock,name_unique
172573107,CRCL,CIRCLE INTERNET GROUP INC,COM CL A,name_unique
22658D100,CRCT,CRICUT INC   CLASS A,COMMON STOCK,name_unique
14147L108,CRDF,CARDIFF ONCOLOGY INC,COM,name_unique
14161Y200,CRDL,CARDIOL THERAPEUTICS INC,COM CL A,name_unique
006155261,CRDO,Credo Technology Group Holding Ltd,Common Stock - Foreign US$,name_unique
G25457105,CRDO,CREDO TECHNOLOGY GROUP HOLDING ORDINARY SHARES,Stock,name_unique
SBLD13F28,CRDO,CREDO TECHNOLOGY GROUP HOLDING LTD,EQUITY,name_unique
G2R63D113,CRE,CRE8 ENTERPRISE LTD,CL A ORD SHS NEW,name_unique
168913408,CREG,SMART POWERR CORP,COM NEW,name_unique
168913507,CREG,SMART POWERR CORP,COM,name_unique
22530J309,CREX,CREATIVE REALITIES INC,CMN,name_unique
514051013,CRGO,Freightos Ltd,COM,name_unique
44952J104,CRGY,CRESCENT ENERGY COMPANY CL A COM,Stock,name_unique
SB01ZKD65,CRH,CRH PUBLIC LIMITED PLC,COM,name_unique
146229109,CRI,CARTERS INC,COM,name_unique
231269309,CRIS,CURIS INC,COM,name_unique
231269408,CRIS,Curis Inc,COM,name_unique
79466L302,CRM,SALESFORCE INC COM,Stock,name_unique
21900C308,CRMD,CORMEDIX INC COM,Stock,name_unique
G2662B103,CRML,CRITICAL METALS CORP,PUBCO ORD SHS,name_unique
G2662B111,CRML,CRITICAL METALS CORP,*W EXP 02/27/202,name_unique
156727109,CRNC,CERENCE INC COM,Stock,name_unique
156727AD1,CRNC,CERENCE INC,EQUITY,name_unique
M22013108,CRNT,Ceragon Networks Ltd,COM,name_unique
22717L101,CRON,CRONOS GROUP INC,COM,name_unique
22717L952,CRON,CRONOS GROUP INC,EQUITY,name_unique
227046109,CROX,CROCS INC,COM,name_unique
144285103,CRS,CARPENTER TECHNOLOGY CORP,COM,name_unique
22041X102,CRSR,CORSAIR GAMING INC,COM,name_unique
22757R109,CRT,Cross Timbers Royalty Trust,Equity,name_unique
172755100,CRUS,CIRRUS LOGIC INC COM,Stock,name_unique
221006109,CRVL,CORVEL CORP COM,Stock,name_unique
15713L109,CRVO,CERVOMED INC,COM,name_unique
221015100,CRVS,CORVUS PHARMACEUTICALS INC,COM,name_unique
228309100,CRWS,CROWN CRAFTS INC,COM,name_unique
218735108,CRWV,"CoreWeave, Inc.",CRWV,name_unique
21873S108,CRWV,COREWEAVE INC COM CL A,Stock,name_unique
18912E207,CSAI,CLOUDASTRUCTURE INC,COM CL A,name_unique
22113B103,CSAN,COSAN S A ADS,ADR,name_unique
15870P307,CSBR,CHAMPIONS ONCOLOGY INC,COM NEW,name_unique
002198163,CSCO,CISCO SYSTEMS,Common stock,name_unique
17275R10R,CSCO,CISCO SYSTEMS INC,COMMON STOCK,name_unique
17275R952,CSCO,Cisco Systems,COM,name_unique
999912223,CSCO,CISCO SYSTEMS INC COM,COM,name_unique
22160N109,CSGP,COSTAR GROUP INC COM,Stock,name_unique
136635109,CSIQ,CANADIAN SOLAR INC,COM,name_unique
15202L107,CSR,CENTERSPACE COM,REIT,name_unique
M20598104,CSTE,CAESARSTONE LTD,ORD SHS,name_unique
14843C105,CSTL,CASTLE BIOSCIENCES INC,COMMON STOCK,name_unique
F21107101,CSTM,CONSTELLIUM SE,CL A SHS,name_unique
N22035104,CSTM,CONSTELLIUM SE,COM,name_unique
143905107,CSV,CARRIAGE SERVICES INC,COMMON STOCK,name_unique
126402106,CSW,CSW INDUSTRIALS INC,COM,name_unique
140501107,CSWC,CAPITAL SOUTHWEST CORP,COM,name_unique
140501AE7,CSWC,CAPITAL SOUTHWEST CORP,COM,name_unique
126408103,CSX,CSX CORP COM,Stock,name_unique
172908105,CTAS,CINTAS CORP COM,Stock,name_unique
62548M209,CTEV,CLARITEV CORPORATION CL A NEW,Stock,name_unique
23285D109,CTKB,CYTEK BIOSCIENCES INC,COMMON STOCK,name_unique
23284F105,CTMX,CYTOMX THERAPEUTICS INC,COMMON STOCK,name_unique
23284F106,CTMX,CYTOMX THERAPEUTICS INC.,COM,name_unique
21217B100,CTNM,CONTINEUM THERAPEUTICS INC CL A,Stock,name_unique
22948Q101,CTO,CTO REALTY GROWTH INC,REIT,name_unique
17331Y109,CTOR,CITIUS ONCOLOGY INC,COM,name_unique
23204X103,CTOS,CUSTOM TRUCK ONE SOURCE INC,COM CL A,name_unique
14174T107,CTRE,CARETRUST REIT INC COM,REIT,name_unique
155923105,CTRI,CENTURI HOLDINGS INC,COM SHS,name_unique
17306X102,CTRN,CITI TRENDS INC,COMMON STOCK,name_unique
126501105,CTS,CTS CORP,COM,name_unique
192446102,CTSH,COGNIZANT TECHNOLOGY SOLUTIONS CL A,Stock,name_unique
23283X206,CTSO,CYTOSORBENTS CORP,CMN,name_unique
22052I104,CTVA,"CORTEVA, INC",COM,name_unique
22052L104,CTVA,CORTEVA INC COM,Stock,name_unique
G2589A105,CTW,CTW,CL A ORD SHS,name_unique
17322U306,CTXR,CITIUS PHARMACEUTICALS INC,COM,name_unique
G5501C109,CUB,LIONHEART HOLDINGS,SHS CL A,name_unique
G5501C117,CUB,LIONHEART HOLDINGS,*W EXP 06/07/203,name_unique
229663109,CUBE,CUBESMART COM,REIT,name_unique
23204G100,CUBI,CUSTOMERS BANCORP INC,COM,name_unique
23204G803,CUBI,CUSTOMERS BANCORP INC,Pref,name_unique
22978P106,CUE,CUE BIOPHARMA INC,cs,name_unique
22978P205,CUE,CUE BIOPHARMA INC,COM,name_unique
230215105,CULP,CULP INC,CMN,name_unique
23130Q107,CURI,CURIOSITYSTREAM INC,COMMON STOCK,name_unique
G47862100,CURR,CURRENC GROUP INC,CL A ORD SHS,name_unique
89142B107,CURV,TORRID HOLDINGS INC,COMMON STOCK,name_unique
23126K106,CURX,CURANEX PHARMACEUTICALS INC,COM,name_unique
140935107,CV,CAPSOVISION INC,COMMON STOCK,name_unique
00B57FG04,CVE,Cenovus Energy Inc,Common Stock - Foreign,name_unique
15135U109,CVE,CENOVUS ENERGY INC,COM,name_unique
15135U950,CVE,CENOVUS ENERGY INC,EQUITY,name_unique
17878Y207,CVEO,CIVEO CORP,COMMON STOCK,name_unique
12662P108,CVI,CVR ENERGY INC,COMMON STOCK,name_unique
127636108,CVKD,CADRENAL THERAPEUTICS INC,COM NEW,name_unique
127636207,CVKD,CADRENAL THERAPEUTICS INC COM NEW,COM,name_unique
22284P105,CVLG,COVENANT LOGISTICS GROUP INC,CL A,name_unique
146869102,CVNA,CARVANA CO CL A,Stock,name_unique
126638105,CVRX,CVRX INC,COMMON STOCK,name_unique
126650100,CVS,CVS HEALTH CORP COM,Stock,name_unique
00737L103,CVSA,COVISTA INC,COM,name_unique
166751107,CVX,CHEVRON CORP,COMMON STOCK,name_unique
166764100,CVX,CHEVRON CORPORATION,COM,name_unique
16676410R,CVX,CHEVRON CORP,COMMON STOCK,name_unique
231561101,CW,CURTISS WRIGHT CORP COM,Stock,name_unique
203937107,CWBC,COMMUNITY WEST BANCSHARES,COMMON STOCK,name_unique
204157101,CWBC,Community West Bancshares,Common Stock,name_unique
13000T109,CWD,CALIBERCOS INC CL A NEW,Stock,name_unique
13000T604,CWD,CALIBERCOS INC,COM,name_unique
18539C105,CWEN,CLEARWAY ENERGY INC,CL A,name_unique
18539C204,CWEN,CLEARWAY ENERGY INC CL C,Stock,name_unique
G2717C106,CWK,CUSHMAN AND WAKEFIELD LTD COMMON SHARES,Stock,name_unique
23248B109,CXAI,CXAPP INC,CMN,name_unique
226552107,CXDO,CREXENDO INC,COMMON STOCK,name_unique
85208T107,CXM,SPRINKLR INC,CL A,name_unique
22401N106,CXT,CRANE NXT CO,COM,name_unique
224441105,CXT,CRANE NXT CO,COM,name_unique
21871N101,CXW,CORECIVIC INC,COM,name_unique
22025Y407,CXW,CORECIVIC INC,COM,name_unique
95758L115,CYCU,CYCURION INC,*W EXP 02/13/203,name_unique
95758L305,CYCU,CYCURION INC,COM NEW,name_unique
203668108,CYH,COMMUNITY HEALTH SYSTEMS INC,COMMON STOCK,name_unique
23257B305,CYN,CYNGN INC,COM,name_unique
52187K200,CYPH,CYPHERPUNK TECHNOLOGIES INC,COM NEW,name_unique
23282W605,CYTK,CYTOKINETICS INC COM NEW,Stock,name_unique
174615104,CZFS,CITIZENS FINANCIAL SERVICES,COMMON STOCK,name_unique
025746U10,D,Dominion Energy Ord Shs,COM,name_unique
25746U109,D,DOMINION ENERGY INC COM,Stock,name_unique
G2868C103,DAAQ,DIGITAL ASSET ACQUISITION CO,SHS CL A,name_unique
G2868C111,DAAQ,DIGITAL ASSET ACQUISITION CO,*W EXP 04/01/203,name_unique
005497168,DAC,Danaos Corp,Common Stock - Foreign US$,name_unique
171756109,DAIC,CID HOLDCO INC,COM,name_unique
171756208,DAIC,CID HOLDCO INC,COM,name_unique
237690102,DAIO,DATA I O CORP,COM,name_unique
247361702,DAL,DELTA AIR LINES INC COM NEW,Stock,name_unique
235825205,DAN,DANA INC,COM,name_unique
237266101,DAR,DARLING INGREDIENTS INC COM,Stock,name_unique
23666P200,DARE,DARE BIOSCIENCE INC,COM NEW,name_unique
25809K105,DASH,DOORDASH INC CL A,Stock,name_unique
G2352C841,DB,DEUTSCHE BANK AKTIENGESELLSCHAFT,STOCK,name_unique
253651202,DBD,DIEBOLD NIXDORF INC,COM SHS,name_unique
25401N507,DBGI,DIGITAL BRANDS GROUP INC,COM NEW,name_unique
25401N606,DBGI,DIGITAL BRANDS GROUP INC COM NEW,Stock,name_unique
250565108,DBI,DESIGNER BRANDS INC CLASS A,COMMON STOCK,name_unique
25401T603,DBRG,DIGITALBRIDGE GROUP INC,CL A NEW,name_unique
26210C104,DBX,DROPBOX INC CL A,Stock,name_unique
25609L105,DCBO,DOCEBO INC,COM,name_unique
25609L956,DCBO,DOCEBO INC,EQUITY,name_unique
256086109,DCGO,DOCGO INC,COM,name_unique
024061103,DCH,DAUCH CORP,COM,name_unique
BNBV4N905,DCH,DAUCH CORPORATION,EQUITY,name_unique
257651109,DCI,DONALDSON INC COM,Stock,name_unique
79400X602,DCOY,DECOY THERAPEUTICS INC,COM,name_unique
24661P807,DCTH,DELCATH SYSTEMS INC,COMMON STOCK,name_unique
26614N102,DD,DUPONT DE NEMOURS INC COM,Stock,name_unique
26614N201,DD,DUPONT DE NEMOURS INC COMMON STOCK,Stock,name_unique
36614N201,DD,"DuPont de Nemours, Inc.",Common,name_unique
88554D205,DDD,3D SYSTEMS CORP,COMMON STOCK,name_unique
23804L103,DDOG,DATADOG INC CL A COM,Stock,name_unique
244199105,DE,DEERE & CO,COM,name_unique
24419910C,DE,DEERE & CO,INDUSTRIALS,name_unique
27616P103,DEA,EASTERLY GOVERNMENT PROPERTIES,COMMON STOCK,name_unique
25520W107,DEC,DIVERSIFIED ENERGY CO,COMMON STOCK,name_unique
243537107,DECK,DECKERS OUTDOOR CORP COM,Stock,name_unique
244916102,DEFT,DEFI TECHNOLOGIES INC COM,Stock,name_unique
244916953,DEFT,DEFI TECHNOLOGIES INC,EQUITY,name_unique
25960P109,DEI,DOUGLAS EMMETT INC,COM,name_unique
24703L202,DELL,DELL TECHNOLOGIES INC CL C,Stock,name_unique
000237400,DEO,Diageo PLC,Common Stock - Foreign,name_unique
G42089113,DEO,DIAGEO PLC,FOREIGN,name_unique
47100L111,DFDV,DEFI DEVELOPMENT CORP,*W EXP 01/21/202,name_unique
47100L301,DFDV,DEFI DEVELOPMENT CORP,COM,name_unique
26154D100,DFH,DREAM FINDERS HOMES INC COM CL A,Stock,name_unique
26145B114,DFLI,DRAGONFLY ENERGY HOLDINGS CO,*W EXP 10/07/202,name_unique
67054R203,DFNS,T3 DEFENSE INC,COM NEW,name_unique
244778106,DFSC,DEFSEC TECHNOLOGIES INC,COM,name_unique
24477V105,DFTX,DEFINIUM THERAPEUTICS INC,COM SHS,name_unique
60255C885,DFTX,Definium Therapeutics Inc,COM NEW,name_unique
256669102,DG,DOLLAR GENERAL,COMMON STOCK,name_unique
257701201,DGICA,DONEGAL GROUP INC CL A,COMMON STOCK,name_ambiguous_class_suffix
257701300,DGICB,DONEGAL GROUP INC,CL B,name_ambiguous_class_suffix
G28687104,DGNX,DIGINEX LTD,ORD SHS,name_unique
G28687112,DGNX,DIGINEX LTD ORD SHS,Stock,name_unique
74834L100,DGX,QUEST DIAGNOSTICS INC COM,Stock,name_unique
00245E107,DH,DEFINITIVE HEALTHCARE CORP,CLASS A COM,name_unique
24477E103,DH,DEFINITIVE HEALTHCARE CORP,CLASS A COM,name_unique
24477E107,DH,DEFINITIVE HEALTHCARE CORP,CLASS A COM,name_unique
Y2065G121,DHT,DHT HOLDINGS INC,SHS NEW,name_unique
23331S100,DHX,DHI GROUP INC,COM,name_unique
320551104,DIBS,1Stdibs.Com Inc,COM,name_unique
254423106,DIN,DINE BRANDS GLOBAL INC,COM,name_unique
403949100,DINO,HF SINCLAIR CORP COM,Stock,name_unique
403949AR1,DINO,HF SINCLAIR CORP,BCO,name_unique
254543101,DIOD,DIODES INC COM,Stock,name_unique
25468710R,DIS,WALT DISNEY CO,COMMON STOCK,name_unique
254687205,DIS,WALT DISNEY CO,COMMON STOCK,name_unique
233912104,DJCO,DAILY JOURNAL CORP,COM,name_unique
246647101,DK,DELEK US HOLDINGS INC,COMMON STOCK,name_unique
G2657S103,DKI,DARKIRIS INC.,SHS CL A,name_unique
G2657S111,DKI,DARKIRIS INC.,CL A ORD SHS,name_unique
26142R104,DKNG,DRAFTKINGS INC,COMMON STOCK,name_unique
26142V105,DKNG,DRAFTKINGS INC NEW,COM CL A,name_unique
253393102,DKS,DICKS SPORTING GOODS INC COM,Stock,name_unique
25659T107,DLB,DOLBY LABORATORIES INC COM CL A,Stock,name_unique
G29018101,DLO,DLOCAL LTD,CLASS A COM,name_unique
256746108,DLTR,DOLLAR TREE INC COM,Stock,name_unique
25253X207,DMAC,DIAMEDICA THERAPEUTICS INC,COMMON STOCK,name_unique
36322Q206,DMRA,DAMORA THERAPEUTICS INC,COMMON STOCK,name_unique
G2646Y104,DMRA,DAMORA THERAPEUTICS INC,COMM STK,name_unique
25381B101,DMRC,DIGIMARC CORP NEW COM,COM,name_unique
25382K100,DMRC,DIGIMARC CORP,COMMON STOCK,name_unique
37611X209,DNA,GINKGO BIOWORKS HOLDINGS INC,COMMON STOCK,name_unique
24823R105,DNLI,DENALI THERAPEUTICS INC COM,Stock,name_unique
67011P100,DNOW,DNOW INC,COMMON STOCK,name_unique
50101L106,DNUT,KRISPY KREME INC,COMMON STOCK,name_unique
42250P103,DOC,HEALTHPEAK PROPERTIES INC,COM,name_unique
26622P107,DOCS,DOXIMITY INC CL A,Stock,name_unique
256163106,DOCU,DOCUSIGN INC COM,Stock,name_unique
256603101,DOLE,DOLE PLC ORD SHS,COM,name_unique
G27907107,DOLE,DOLE PLC,ORD SHS,name_unique
008875304,DOMH,DOMINARI HOLDINGS INC,COM NEW,name_unique
25961D105,DOUG,DOUGLAS ELLIMAN INC,COMMON STOCK,name_unique
260003108,DOV,DOVER CORP COM,Stock,name_unique
G02602103,DOX,AMDOCS LTD,SHS,name_unique
26142Q205,DPRO,Draganfly Inc,COM,name_unique
26142Q304,DPRO,DRAGANFLY INC.,COM,name_unique
25754A201,DPZ,DOMINOS PIZZA INC COM,Stock,name_unique
25461T204,DRCT,DIRECT DIGITAL HOLDINGS INC,CL A NEW,name_unique
25461T303,DRCT,DIRECT DIGITAL HOLDINGS INC,CL A NEW,name_unique
252784301,DRH,DIAMONDROCK HOSPITALITY CO,COM,name_unique
237194105,DRI,DARDEN RESTAURANTS INC COM,Stock,name_unique
23725P308,DRIO,DARIOHEALTH CORP,COM,name_unique
249845116,DRMA,DERMATA THERAPEUTICS INC,*W EXP 99/99/999,name_unique
249845504,DRMA,DERMATA THERAPEUTICS INC,COM,name_unique
52661A108,DRS,LEONARDO DRS INC COM,Stock,name_unique
M0740A108,DRTS,ALPHA TAU MEDICAL LTD,ORDINARY SHARES,name_unique
10919W405,DRUG,BRIGHT MINDS BIOSCIENCES INC,COMMON STOCK,name_unique
25056L103,DSGN,DESIGN THERAPEUTICS INC,COM,name_unique
Y2066G104,DSX,DIANA SHIPPING INC,COM,name_unique
Y2066G138,DSX,DIANA SHIPPING INC,*W EXP 12/14/202,name_unique
268150109,DT,DYNATRACE INC COM NEW,Stock,name_unique
256918103,DTCX,DATACENTREX INC COM,COM,name_unique
023333110,DTE,DTE Energy Ord Shs,COM,name_unique
233331107,DTE,DTE ENERGY CO COM,Stock,name_unique
74019P207,DTIL,PRECISION BIOSCIENCES INC,COM NEW,name_unique
023345M10,DTM,DT Midstream Ord Shs,COM,name_unique
23345M107,DTM,DT MIDSTREAM INC COMMON STOCK,Stock,name_unique
G2853N106,DTSQ,DT CLOUD STAR ACQUISITION CO,SHS,name_unique
23786R110,DTST,DATA STORAGE CORP,*W EXP 05/18/202,name_unique
23786R201,DTST,DATA STORAGE CORP,COM NEW,name_unique
026441C20,DUK,Duke Energy Ord Shs,COM,name_unique
264399106,DUK,DUKE ENERGY,COM,name_unique
26441C105,DUK,Duke Energy,Common,name_unique
26441C204,DUK,DUKE ENERGY CORP NEW,COM NEW,name_unique
26441CCB9,DUK,DUKE ENERGY CORP,5CQSXP0,name_unique
G33147128,DUO,FANGDD NETWORK GROUP LTD,SHS NEW CL A,name_unique
26603R106,DUOL,DUOLINGO INC,CL A COM,name_unique
266042407,DUOT,DUOS TECHNOLOGIES GROUP INC,COMMON STOCK,name_unique
23918K108,DVA,DAVITA INC COM,Stock,name_unique
86633R609,DVLT,DATAVAULT AI INC,COM SHS,name_unique
92829J203,DWTX,DOGWOOD THERAPEUTICS INC,COM NEW,name_unique
23355L106,DXC,DXC TECHNOLOGY CO COM,Stock,name_unique
252131107,DXCM,DEXCOM INC COM,Stock,name_unique
25065K104,DXLG,DESTINATION XL GROUP INC,COM,name_unique
233377407,DXPE,DXP ENTERPRISES INC,COM NEW,name_unique
25063F107,DXYZ,DESTINY TECH100 INC,COM SHS,name_unique
26818M108,DYN,DYNE THERAPEUTICS INC COM,Stock,name_unique
007145056,E,Eni SpA,Common Stock - Foreign,name_unique
26874R108,E,ENI SPA SPONSORED ADR,ADR,name_unique
T3643A145,E,ENI SPA,COM,name_unique
384313102,EAF,GRAFTECH INTERNATIONAL LTD,COMMON STOCK,name_unique
278642103,EBAY,EBAY INC. COM,Stock,name_unique
27627N105,EBC,EASTERN BANKSHARES INC COM,Stock,name_unique
293389102,EBF,ENNIS INC COM,Stock,name_unique
26942G100,EBMT,EAGLE BANCORP MONTANA INC,COMMON STOCK,name_unique
29089Q105,EBS,EMERGENT BIOSOLUTIONS INC,COMMON STOCK,name_unique
278865100,ECL,ECOLAB INC COM,Stock,name_unique
28531P202,ECOR,ELECTROCORE INC,COM NEW,name_unique
27923Q109,ECVT,ECOVYST INC,COM,name_unique
G29201103,ECX,ECARX HOLDINGS INC,CMN,name_unique
209115104,ED,CONSOLIDATED EDISON INC,COM,name_unique
28059P113,EDBL,EDIBLE GARDEN AG INC,*W EXP 99/99/999,name_unique
28059P501,EDBL,EDIBLE GARDEN AG INC,COM NEW,name_unique
28059P600,EDBL,Edible Garden AG Incorporated,COM,name_unique
28106W103,EDIT,EDITAS MEDICINE INC,COM,name_unique
Y23508107,EDRY,EURODRY LTD,COM,name_unique
27966L306,EDSA,EDESA BIOTECH INC,COM NEW,name_unique
00BN4MKV3,EDU,New Oriental Education & Technology Group Inc,Common Stock - Foreign,name_unique
30069T101,EE,EXCELERATE ENERGY INC CL A COM,Stock,name_unique
298736109,EEFT,EURONET WORLDWIDE INC,COM,name_unique
28852N109,EFC,ELLINGTON FINANCIAL INC,COM,name_unique
26951R104,EFSI,EAGLE FINANCIAL SERVICES INC,COMMON STOCK,name_unique
294429105,EFX,EQUIFAX INC COM,Stock,name_unique
29269R956,EFXT,ENERFLEX LTD,EQUITY,name_unique
G3223R108,EG,EVEREST GROUP LTD COM,Stock,name_unique
28225C806,EGAN,EGAIN CORP,COMMON STOCK,name_unique
G2946P100,EGHA,EGH ACQUISITION CORP.,SHS CL A,name_unique
G2946P126,EGHA,EGH ACQUISITION CORP.,TRUS,name_unique
29261A100,EHC,ENCOMPASS HEALTH CORP COM,Stock,name_unique
G3121H103,EHGO,ESHALLGO INC,USD ORD SHS CL A,name_unique
G3121H111,EHGO,ESHALLGO INC,CL A ORD SHS NEW,name_unique
28238P109,EHTH,EHEALTH INC,COM,name_unique
292218104,EIG,EMPLOYERS HOLDINGS INC,COMMON STOCK,name_unique
028102010,EIX,Edison International Ord Shs,COM,name_unique
28413U204,ELAN,ELANCO ANIMAL HEALTH INC,COM,name_unique
28414H103,ELAN,ELANCO ANIMAL HEALTH INC COM,Stock,name_unique
28474P706,ELBM,ELECTRA BATTERY MATERIALS CO,COM,name_unique
28617K101,ELDN,ELEDON PHARMACEUTICALS INC,COM,name_unique
28620K106,ELE,ELEMENTAL ROYALTY CORP,COMMON STOCK,name_unique
268561103,ELF,E L F BEAUTY INC,COMM,name_unique
26856L103,ELF,E L F BEAUTY INC COM,Stock,name_unique
939653101,ELME,ELME COMMUNITIES,SH BEN INT,name_unique
G3016G129,ELPW,ELONG POWER HOLDING LTD.,SHS CL A 2026,name_unique
29472R108,ELS,EQUITY LIFESTYLE PROPERTIES COM,REIT,name_unique
M40184208,ELTK,ELTEK LTD,SHS,name_unique
28657F103,ELTX,ELICIO THERAPEUTICS INC,COM,name_unique
05479K106,ELUT,ELUTIA INC,CL A COM,name_unique
28617B606,ELVA,ELECTROVAYA INC,COM,name_unique
00293E106,ELVN,ENLIVEN THERAPEUTICS INC,COM,name_unique
29337E102,ELVN,ENLIVEN THERAPEUTICS INC COM,Stock,name_unique
29337E103,ELVN,ENLIVEN THERAPEUTICS INC,COM,name_unique
29337E106,ELVN,ENLIVEN THERAPEUTICS INC,COM,name_unique
805700101,ELVR,ELEVRA LITHIUM LTD SPONSORED ADS,ADR,name_unique
290876101,EMA,EMERA INC,COM,name_unique
290876952,EMA,EMERA INC,EQUITY,name_unique
29082K105,EMBC,EMBECTA CORP,COMMON STOCK,name_unique
29082A107,EMBJ,EMBRAER S.A.,SPONSORED ADS,name_unique
29084Q100,EME,EMCOR GROUP INC COM,Stock,name_unique
276317104,EML,EASTERN CO,COM,name_unique
92864V608,EMPD,EMPERY DIGITAL INC,COM NEW,name_unique
291011BU7,EMR,EMERSON ELECTRIC CO.,Common,name_unique
002466149,ENB,Enbridge Inc,Common Stock - Foreign,name_unique
029250N10,ENB,Enbridge Ord Shs,COM,name_unique
29250N105,ENB,ENBRIDGE INC COM,Stock,name_unique
29250N956,ENB,ENBRIDGE INC,EQUITY,name_unique
29286X101,ENGN,ENGENE THERAPEUTICS INC,COM,name_unique
G3040B104,ENGS,ENERGYS GROUP LTD,CMN,name_unique
676767908,ENLT,ENLIGHT RENEWABLE ENERGY LTD,EQUITY,name_unique
M4130Y106,ENLV,ENLIVEX LTD,CMN,name_unique
194014106,ENOV,ENOVIS CORP,COMMON STOCK,name_unique
194014502,ENOV,ENOVIS CORPORATION,COM,name_unique
029355A10,ENPH,Enphase Energy Ord Shs,COM,name_unique
29355A107,ENPH,ENPHASE ENERGY INC COM,Stock,name_unique
44853H108,ENPH,"Enphase Energy, Inc.",Common Stock,name_unique
29275Y102,ENS,ENERSYS COM,Stock,name_unique
293602504,ENSC,ENSYSCE BIOSCIENCES INC,COM NEW,name_unique
29358P101,ENSG,ENSIGN GROUP INC,COM,name_unique
29251M106,ENTA,ENANTA PHARMACEUTICALS INC,COMMON STOCK,name_unique
29362U104,ENTG,ENTEGRIS INC COM,Stock,name_unique
M40527109,ENTX,ENTERA BIO LTD,SHS,name_unique
29405E505,ENVB,ENVERIC BIOSCIENCES INC,COM SHS,name_unique
293594107,ENVX,ENOVIX CORPORATION COM,Stock,name_unique
30052C107,EOLS,EVOLUS INC,COM,name_unique
29415C101,EOSE,EOS ENERGY ENTERPRISES INC COM CL A,Stock,name_unique
292765104,EPAC,ENERPAC TOOL GROUP CORP CL A COM,Stock,name_unique
28035Q102,EPC,EDGEWELL PERSONAL CARE CO,COM,name_unique
G3932F114,EPOW,E-POWER INC,ORD CL A SHS,name_unique
26884UAD1,EPR,EPR PROPERTIES,BCO,name_unique
29842P105,EPRX,EUPRAXIA PHARMACEUTICALS INC,COM,name_unique
29842P106,EPRX,EUPRAXIA PHARMACEUTICALS INC,COM,name_unique
G3090S106,EPSM,EPSIUM ENTERPRISE LTD,ORD SHS CL A,name_unique
294375209,EPSN,EPSILON ENERGY LTD,COMMON STOCK,name_unique
29446K106,EQ,EQUILLIUM INC,COM,name_unique
29460X109,EQBK,EQUITY BANCSHARES INC   CL A,COMMON STOCK,name_unique
29444U502,EQIX,"Equinix, Inc.",EQIX,name_unique
29444U700,EQIX,EQUINIX INC COM,REIT,name_unique
007133608,EQNR,Equinor ASA,Common Stock - Foreign,name_unique
29446M102,EQNR,EQUINOR ASA SPONSORED ADR,ADR,name_unique
294766100,EQS,EQUUS TOTAL RETURN INC,COM,name_unique
026884L10,EQT,EQT Ord Shs,COM,name_unique
26884L109,EQT,EQT CORP COM,Stock,name_unique
29479A108,ERAS,ERASCA INC COM,Stock,name_unique
29270J100,ERII,ENERGY RECOVERY INC,COM,name_unique
114082118,ERNA,ERNEXA THERAPEUTICS INC,*W EXP 02/04/203,name_unique
114082308,ERNA,ERNEXA THERAPEUTICS INC,COM,name_unique
114082407,ERNA,ERNEXA THERAPEUTICS INC,COM,name_unique
296006109,ERO,ERO COPPER CORP COM,Stock,name_unique
296006950,ERO,ERO COPPER CORP,EQUITY,name_unique
292756202,ES,EVERSOURCE ENERGY,COM,name_unique
30040W108,ES,EVERSOURCE ENERGY COM,Stock,name_unique
29605J106,ESAB,ESAB CORPORATION,COM,name_unique
296056104,ESCA,ESCALADE INC,COMMON STOCK,name_unique
296315104,ESE,ESCO TECHNOLOGIES INC,COM,name_unique
Y23592135,ESEA,EUROSEAS LTD,COM,name_unique
28618M106,ESI,ELEMENT SOLUTIONS INC COM,Stock,name_unique
297584104,ESLA,Estrella Immunopharma Inc Com,Common Stock,name_unique
006308913,ESLT,Elbit Systems Ltd,Common Stock - Foreign,name_unique
630891901,ESLT,ELBIT SYSTEMS LTD,EQUITY,name_unique
G3198U102,ESNT,ESSENT GROUP LTD COM,Stock,name_unique
29271Q103,ESOA,ENERGY SERVICES OF AMERICA,COMMON STOCK,name_unique
G31249108,ESTA,ESTABLISHMENT LABS HOLDINGS,COMMON STOCK,name_unique
N14506104,ESTC,ELASTIC N V ORD SHS,Stock,name_unique
297602104,ETD,ETHAN ALLEN INTERIORS INC,COM,name_unique
278058102,ETN,Eaton Corp.,COM,name_unique
G29183101,ETN,EATON CORP PLC,SHS,name_unique
IE00B8KQN,ETN,Eaton Corp,COM,name_unique
SB8KQN824,ETN,EATON PLC,EQUITY,name_unique
29772L108,ETON,ETON PHARMACEUTICALS INC,COMMON STOCK,name_unique
28661C104,ETS,ELITE EXPRESS HOLDING INC.,COM CL A,name_unique
29786A106,ETSY,ETSY INC,COM,name_unique
29259W700,EU,ENCORE ENERGY CORP COM NEW,Stock,name_unique
G3142E121,EUDA,EUDA HEALTH HOLDINGS LTD,*W EXP 11/22/202,name_unique
G3142E147,EUDA,EUDA HEALTH HOLDINGS LTD,ORD SHS,name_unique
G32168109,EURK,EUREKA ACQUISITION CORP,CMN,name_unique
29977X105,EVCM,EVERCOMMERCE INC,COMMON STOCK,name_unique
30041R108,EVER,EVERQUOTE INC,COM CL A,name_unique
M4119S187,EVGN,EVOGENE LTD,SHS NEW,name_unique
30052F100,EVGO,EVGO INC,COMMON STOCK,name_unique
30050B101,EVH,EVOLENT HEALTH INC CL A,Stock,name_unique
29977A105,EVR,EVERCORE INC CLASS A,Stock,name_unique
30034W106,EVRG,EVERGY INC COM,Stock,name_unique
30040P103,EVTC,EVERTEC INC,COM,name_unique
G9471C206,EVTL,VERTICAL AEROSPACE LTD,CMN,name_unique
000000002,EW,EDWARDS LIFESCIENCES CORP,COM,name_unique
00282E112,EW,EDWARDS LIFESCIENCES CORP,COM,name_unique
28176E108,EW,EDWARDS LIFESCIENCES CORP COM,Stock,name_unique
28176E112,EW,EDWARDS LIFESCIENCES CORP,COM,name_unique
28176E306,EW,EDWARDS LIFESCIENCES CORP COM,Stock,name_unique
27579R104,EWBC,EAST WEST BANCORP INC COM,Stock,name_unique
28036F105,EWTX,EDGEWISE THERAPEUTICS INC,COM,name_unique
030161N10,EXC,Exelon Ord Shs,COM,name_unique
30161N101,EXC,EXELON CORP COM,Stock,name_unique
165167735,EXE,EXPAND ENERGY CORPORATION COM,Stock,name_unique
30161Q104,EXEL,EXELIXIS INC COM,Stock,name_unique
30219Q106,EXFY,EXPENSIFY INC,COM CL A,name_unique
29258Y103,EXK,ENDEAVOUR SILVER CORP,COM,name_unique
29258Y954,EXK,ENDEAVOUR SILVER CORP,EQUITY,name_unique
461874109,EXOZ,EXOZYMES INC,COM,name_unique
30212P105,EXPE,EXPEDIA GROUP INC,COMMON STOCK,name_unique
30212P303,EXPE,EXPEDIA GROUP INC COM NEW,Stock,name_unique
30214U102,EXPO,EXPONENT INC,COM,name_unique
30225T102,EXR,EXTRA SPACE STORAGE INC COM,REIT,name_unique
30226D106,EXTR,EXTREME NETWORKS INC,COM,name_unique
30233G209,EYPT,EYEPOINT INC COM NEW,Stock,name_unique
G5279F201,EZGO,EZGO TECHNOLOGIES LTD,ORD SHS NEW,name_unique
G5279F300,EZGO,EZGO TECHNOLOGIES LTD,ORD SHS USD NEW,name_unique
302301106,EZPW,EZCORP INC,CL A NON VTG,name_unique
75946W504,EZRA,RELIANCE GLOBAL GROUP INC,COM NEW,name_unique
345370100,F,FORD MOTOR CO,COMMON STOCK,name_unique
31846B108,FA,FIRST ADVANTAGE CORP NEW,COM,name_unique
G32901103,FACT,FACT II ACQUISITION CORP,ORD SHS CL A,name_unique
G32901129,FACT,FACT II ACQUISITION CORP,*W EXP 11/26/203,name_unique
G33277149,FAMI,FARMMI INC,CL A,name_unique
25278X109,FANG,DIAMONDBACK ENERGY INC COM,Stock,name_unique
311900104,FAST,FASTENAL CO COM,Stock,name_unique
31189P102,FATE,FATE THERAPEUTICS INC,COM,name_unique
311921100,FATN,FATPIPE INC UT,COM,name_unique
G3337S109,FBGL,FBS GLOBAL LTD,ORD SHS,name_unique
34964C106,FBIN,FORTUNE BRANDS INNOVATIONS INC COM,Stock,name_unique
34960Q307,FBIO,FORTRESS BIOTECH INC,COM NEW,name_unique
31573L204,FBLG,FIBROBIOLOGICS INC,COM,name_unique
318910106,FBNC,FIRST BANCORP NC,COMMON STOCK,name_unique
306121112,FBYD,FALCONS BEYOND GLOBAL INC,*W EXP 10/06/202,name_unique
353469109,FC,FRANKLIN COVEY CO,COMMON STOCK,name_unique
31942S104,FCAP,FIRST CAPITAL INC,COMMON STOCK,name_unique
35952H700,FCEL,FUELCELL ENERGY INC,COMMON STOCK,name_unique
33768G107,FCFS,FIRSTCASH HOLDINGS INC,COM,name_unique
302941109,FCN,FTI CONSULTING INC,COM,name_unique
356714105,FCX,FREEPORT MCMORAN INC,COMMON STOCK,name_unique
356714402,FCX,FREEPORT MCMORAN INC,COMMON STOCK,name_unique
35671D105,FCX,FREEPORT-MCMORAN INC,COMMON STOCK,name_unique
35671D857,FCX,FREEPORT MCMORAN INC CL B,Stock,name_unique
717265102,FCX,FREEPORT MCMORAN CORP,COMMON STOCK,name_unique
35104E100,FDMT,4D MOLECULAR THERAPEUTICS INC COM,Stock,name_unique
35104E104,FDMT,4D MOLECULAR THERAPEUTICS INC,COM,name_unique
31428X106,FDX,FEDEX CORP COM,Stock,name_unique
033793210,FE,FirstEnergy Ord Shs,COM,name_unique
337932107,FE,FIRSTENERGY CORP COM,Stock,name_unique
337932AT4,FE,FIRSTENERGY CORP,FIXED INCOME,name_unique
33830Q208,FEAM,5E ADVANCED MATERIALS INC,COM NEW,name_unique
G3413G102,FEBO,FENBO HOLDINGS LTD,CL A ORD SHS,name_unique
63008J884,FEED,ENVUE MEDICAL INC.,COM NEW,name_unique
358010106,FEIM,FREQUENCY ELECTRONICS INC,COMMON STOCK,name_unique
35351410X,FELE,FRANKLIN ELECTRIC,Equities,name_unique
00314E208,FEMY,FEMASYS INC,COM NEW,name_unique
31447E105,FEMY,FEMASYS INC,cs,name_unique
31447E204,FEMY,FEMASYS INC,COM NEW,name_unique
31447P100,FENC,FENNEC PHARMACEUTICALS INC,COMMON STOCK,name_unique
G3415K101,FERA,FIFTH ERA ACQUISITION CORP I,ORD SHS CL A,name_unique
34984V100,FET,FORUM ENERGY TECHNOLOGIES,COMMON STOCK,name_unique
36116M106,FF,FUTUREFUEL CORP,COMMON STOCK,name_unique
315616102,FFIV,F5 INC COM,Stock,name_unique
G3302D111,FGI,FGI INDUSTRIES LTD,*W EXP 99/99/999,name_unique
G3302D202,FGI,FGI INDUSTRIES LTD,ORD SHS NEW,name_unique
G3662E121,FGL,FOUNDER GROUP LTD,CL A SHS NEW,name_unique
30329Y304,FGNX,FG NEXUS INC,COM NEW,name_unique
30329Y403,FGNX,Fg Nexus Inc. Com,Common Stock,name_unique
32051X108,FHB,FIRST HAWAIIAN INC,COM,name_unique
314211103,FHI,FEDERATED HERMES INC CL B,Stock,name_unique
320517105,FHN,FIRST HORIZON CORPORATION,COM,name_unique
344174107,FHTX,FOGHORN THERAPEUTICS INC,COMMON STOCK,name_unique
303250104,FICO,FAIR ISAAC CORP COM,Stock,name_unique
60365W201,FIEE,FIEE INC,COM NEW,name_unique
316841105,FIG,FIGMA INC CLASS A COM STK,Stock,name_unique
30260D103,FIGS,FIGS INC CLASS A,COMMON STOCK,name_unique
31813A109,FINW,FINWISE BANCORP,COMMON STOCK,name_unique
35953C106,FIP,FTAI INFRASTRUCTURE INC,COMMON STOCK,name_unique
31620MBM7,FIS,"FIDELITY NATIONAL INFORMATION SERVICES, INC.",Common,name_unique
317585404,FISI,FINANCIAL INSTITUTIONS INC,COMMON STOCK,name_unique
337738108,FISV,FISERV INC COM,Stock,name_unique
316773100,FITB,FIFTH THIRD BANCORP COM,Stock,name_unique
33829M101,FIVE,FIVE BELOW INC COM,Stock,name_unique
338307101,FIVN,FIVE9 INC,COM,name_unique
635017106,FIZZ,NATIONAL BEVERAGE CORP COM,Stock,name_unique
355184102,FKWL,FRANKLIN WIRELESS CORP,COM,name_unique
359664109,FLGT,FULGENT GENETICS INC,COM,name_unique
14817C107,FLNA,FILANA THERAPEUTICS INC,CMN,name_unique
359528205,FLNA,FILANA THERAPEUTICS INC,COM,name_unique
34379V103,FLNC,FLUENCE ENERGY INC,COM CL A,name_unique
G35947202,FLNG,FLEX LNG LTD,SHS,name_unique
34380C102,FLNT,Fluent Co,COM,name_unique
34380C201,FLNT,FLUENT INC,COM NEW,name_unique
34380L102,FLNT,FLUENT CORP,Common Stock,name_unique
343498101,FLO,FLOWERS FOODS INC COM,Stock,name_unique
343412102,FLR,FLUOR CORP,COM,name_unique
34354P105,FLS,FLOWSERVE CORP,COM,name_unique
00BWT6H89,FLUT,FLUTTER ENTERTAINMENT PLC,COM,name_unique
ZZCXYD1A2,FLUT,FLUTTER ENTERTAINMENT PLC,COM,name_unique
68243Q106,FLWS,1 800 FLOWERS COM INC CL A,COMMON STOCK,name_unique
31816X106,FLY,FIREFLY AEROSPACE INC,COM,name_unique
BTR20MWN9,FLY,FIREFLY AEROSPACE INC,EQUITY,name_unique
343927307,FLYE,FLY E GROUP INC,COM SHS,name_unique
302492103,FLYW,FLYWIRE CORPORATION,COM VTG,name_unique
320866106,FMBH,FIRST MID BANCSHARES INC,COMMON STOCK,name_unique
302491303,FMC,FMC CORP COM NEW,Stock,name_unique
G5225N100,FMFC,KANDAL M VENTURE LTD,SHS CL A,name_unique
34546R118,FMST,FOREMOST CLEAN ENERGY LTD,*W EXP 08/24/202,name_unique
34547F105,FMST,FOREMOST CLEAN ENERGY LTD,CMN,name_unique
SB4JSZL84,FN,FABRINET,EQUITY,name_unique
31788K108,FNGR,FINGERMOTION INC,COM,name_unique
361008105,FNKO,FUNKO INC CLASS A,COMMON STOCK,name_unique
31866P102,FNLC,FIRST BANCORP INC ME,COMMON STOCK,name_unique
00B29NF31,FNV,Franco-Nevada Corp,Common Stock - Foreign,name_unique
351858956,FNV,FRANCO NEVADA CORP,EQUITY,name_unique
335834107,FNWB,FIRST NORTHWEST BANCORP,COM,name_unique
31812F109,FNWD,FINWARD BANCORP,COM,name_unique
346232101,FOR,FORESTAR GROUP INC,COMMON STOCK,name_unique
346233109,FOR,"FORESTAR GROUP, INC.",COMMON STOCK,name_unique
346375108,FORM,FORMFACTOR INC COM,Stock,name_unique
34988V106,FOSL,FOSSIL GROUP INC,COMMON STOCK,name_unique
35137L204,FOX,FOX CORP,CL B COM,override
35137L105,FOXA,FOX CORP CL A COM,Stock,override
33833Q106,FPH,FIVE POINT HOLDINGS LLC,COM CL A,name_unique
31154R109,FPI,FARMLAND PARTNERS INC,REIT,name_unique
358435105,FRD,FRIEDMAN INDUSTRIES,COMMON STOCK,name_unique
G51413154,FRGT,FREIGHT TECHNOLOGIES INC,ORD SHS NEW,name_unique
G51413162,FRGT,FREIGHT TECHNOLOGIES INC,cs,name_unique
356390104,FRHC,FREEDOM HOLDING CORP,COM,name_unique
320817109,FRME,FIRST MERCHANTS CORP COM,Stock,name_unique
314911108,FRMI,FERMI INC,COM,name_unique
68236V401,FRMM,FORUM MARKETS INC,COM SHS,name_unique
00BMHDM54,FRO,Frontline PLC,Common Stock - Foreign,name_unique
BMHDM5900,FRO,FRONTLINE PLC,EQUITY,name_unique
M46528101,FRO,FRONTLINE PLC COM,Stock,name_unique
IL0011684,FROG,JFrog,COM,name_unique
M6191J100,FROG,JFROG LTD ORD SHS,Stock,name_unique
30292L107,FRPH,FRP HOLDINGS INC,COMMON STOCK,name_unique
358039105,FRPT,FRESHPET INC COM,Stock,name_unique
358039AB1,FRPT,FRESHPET INC,CV BND,name_unique
358054104,FRSH,FRESHWORKS INC CLASS A COM,Stock,name_unique
74167B109,FRST,PRIMIS FINANCIAL CORP,COMMON STOCK,name_unique
33830T103,FSBC,FIVE STAR BANCORP,COMMON STOCK,name_unique
30263Y104,FSBW,FS BANCORP INC,COMMON STOCK,name_unique
30290Y101,FSCO,FS CREDIT OPPORTUNITIES CORP,COMMON STOCK,name_unique
33631F104,FSEA,FIRST SEACOAST BANCORP INC,COM,name_unique
G3530C109,FSHP,FLAG SHIP ACQUISITION CORP,CMN,name_unique
302635AK3,FSK,FS KKR CAPITAL,BCO,name_unique
336433107,FSLR,FIRST SOLAR INC COM,Stock,name_unique
31188V100,FSLY,FASTLY INC   CLASS A,COMMON STOCK,name_unique
349942953,FSM,FORTUNA MINING CORP,EQUITY,name_unique
00338E206,FSV,FIRSTSERVICE CORP NEW,COM,name_unique
33767E202,FSV,FIRSTSERVICE CORP NEW COM,Stock,name_unique
33767E206,FSV,FIRSTSERVICE CORP NEW,COM,name_unique
33767E970,FSV,FIRSTSERVICE CORP,EQUITY,name_unique
34960P101,FTAI,FTAI AVIATION LTD,COM,name_unique
30320C301,FTCI,FTC SOLAR INC,CMN,name_unique
349664109,FTDR,FRONTDOOR INC,COM,name_unique
35905A109,FTDR,FRONTDOOR INC COM,Stock,name_unique
359523107,FTEK,FUEL TECH INC,COM,name_unique
36117V402,FTFT,FUTURE FINTECH GROUP INC,COM SHS,name_unique
36117V501,FTFT,Future FinTech Group Inc,COM,name_unique
31189V109,FTHM,FATHOM HOLDINGS,COM,name_unique
00BDSFG98,FTI,TechnipFMC PLC,COM,name_unique
30249U101,FTI,TECHNIPFMC PLC,COM,name_unique
G87110105,FTI,TECHNIPFMC PLC COM,Stock,name_unique
33817P405,FTLF,FITLIFE BRANDS INC,COM NEW,name_unique
00350E113,FTNT,FORTINET INC,COM,name_unique
34959E109,FTNT,FORTINET INC COM,Stock,name_unique
34959E110,FTNT,Fortinet Inc Com,Common Stock,name_unique
34959E113,FTNT,FORTINET INC,COM,name_unique
34959E121,FTNT,FORTINET INC,COM,name_unique
349553107,FTS,FORTIS INC,COM,name_unique
349553958,FTS,FORTIS INC,EQUITY,name_unique
34959J108,FTV,FORTIVE CORP COM,Stock,name_unique
ZF8255225,FTV,FORTIVE CORP,Common,name_unique
35953D104,FUBO,FUBOTV INC,COM,name_unique
35953D401,FUBO,FUBOTV INC,COM NEW CL A,name_unique
040450108,FUFU,BITFUFU INC CL A ORD SHS,Stock,name_unique
G1152A104,FUFU,BITFUFU INC,CL A ORD SHS,name_unique
359694106,FUL,FULLER H B CO COM,Stock,name_unique
359616109,FULC,FULCRUM THERAPEUTICS INC,COMMON STOCK,name_unique
83001C108,FUN,SIX FLAGS ENTERTAINMENT CORP COM,Stock,name_unique
33744V103,FUSB,FIRST US BANCSHARES INC,COM,name_unique
36118R103,FUSE,FUSEMACHINES INC,COM SHS,name_unique
36120Q101,FVCB,FVCBANKCORP INC,COMMON STOCK,name_unique
35922N100,FVR,FRONTVIEW REIT INC COM,REIT,name_unique
001158203,FVRR,FIVERR INTERNATIONAL LTD,COM,name_unique
349862409,FWDI,Forward Industries Inc.,Common Stock,name_unique
349932103,FWDI,FORWARD INDUSTRIES INC,COMMON STOCK,name_unique
349853101,FWRD,FORWARD AIR CORPORATION,COMMON STOCK,name_unique
34986A104,FWRD,FORWARD AIR CORP COM,Stock,name_unique
33748L101,FWRG,FIRST WATCH RESTAURANT GROUP,COM,name_unique
32106V107,FXNC,FIRST NATIONAL CORP VA,COMMON STOCK,name_unique
G3922B907,G,GENPACT LTD,SHS,name_unique
373865104,GABC,GERMAN AMERICAN BANCORP,COMMON STOCK,name_unique
36269P104,GAIA,GAIA INC NEW,CL A,name_unique
363225202,GALT,GALECTIN THERAPEUTICS INC,COMMON STOCK,name_unique
36269B105,GANX,GAIN THERAPEUTICS INC,COM,name_unique
364760108,GAP,GAP INC COM,Stock,name_unique
Y81669106,GASS,STEALTHGAS INC,COM,name_unique
361448103,GATX,GATX CORP COM,Stock,name_unique
M4757U106,GAUZ,GAUZY LTD,SHS,name_unique
376376109,GBCI,GLACIER BANCORP INC,COMMON STOCK,name_unique
37637Q105,GBCI,GLACIER BANCORP INC NEW,COM,name_unique
36166F100,GBFH,GBANK FINANCIAL HOLDINGS INC,COMMON STOCK,name_unique
37959R103,GBLI,GLOBAL INDEMNITY GROUP LLC,COM CL A,name_unique
G3933F105,GBLI,GLOBAL INDEMNITY GROUP LLC COM CL A,Stock,name_unique
37890B100,GBTG,GLOBAL BUSINESS TRAVEL GROUP COM CL A,Stock,name_unique
394357107,GCBC,GREENE COUNTY BANCORP INC,COMMON STOCK,name_unique
00368E112,GCMG,GCM GROSVENOR INC,COM CL A,name_unique
36831E108,GCMG,GCM GROSVENOR INC,COM CL A,name_unique
36831E112,GCMG,GCM GROSVENOR INC,COM CL A,name_unique
371532102,GCO,GENESCO INC,COMMON STOCK,name_unique
G38644103,GCT,GIGACLOUD TECHNOLOGY INC,CLASS A ORD,name_unique
45824Q804,GCTK,GLUCOTRACK INC,COM NEW,name_unique
369550108,GD,GENERAL DYNAMICS CORP COM,Stock,name_unique
19200A204,GDC,GD CULTURE GROUP LTD,CMN,name_unique
19200A303,GDC,GD CULTURE GROUP LTD,COM,name_unique
380237107,GDDY,GODADDY INC CL A,Stock,name_unique
G6529J209,GDEV,GDEV INC,ORD SHS NEW,name_unique
39304D102,GDOT,GREEN DOT CORP CLASS A,COMMON STOCK,name_unique
Y1R80M106,GDTC,CYTOMED THERAPEUTICS LIMITED,SHS,name_unique
39813G109,GDYN,GRID DYNAMICS HOLDINGS INC,COMMON STOCK,name_unique
369604103,GE,General Electric,Common Stock,name_unique
397624206,GEF-B,GREIF INC,CL B,name_ambiguous_class_suffix
39037G109,GEG,GREAT ELM GROUP INC COM NEW,COM NEW,name_unique
36266G107,GEHC,GE HEALTHCARE TECHNOLOGIES INC COMMON STOCK,Stock,name_unique
Q3978B109,GELS,GELTEQ LIMITED,SHS,name_unique
668771108,GEN,GEN DIGITAL INC COM,Stock,name_unique
668771116,GEN,GEN DIGITAL INC,RTS,name_unique
871503108,GEN,GEN DIGITAL INC,COM,name_unique
36159R103,GEO,GEO GROUP INC,COMMON STOCK,name_unique
36162J106,GEO,GEO GROUP INC,COM,name_unique
37364X109,GEOS,GEOSPACE TECHNOLOGIES CORP,COM,name_unique
374163103,GERN,GERON CORP,COM,name_unique
374275105,GETY,GETTY IMAGES HOLDINGS INC,CL A COM,name_unique
36264K105,GEV,GE VERNOVA INC,COM,name_unique
36828A101,GEV,GE VERNOVA INC COM,Stock,name_unique
374396109,GEVO,Gevo Inc,COMMON,name_unique
374396406,GEVO,GEVO INC,COM PAR,name_unique
G4236L120,GFAI,GUARDFORCE AI CO LTD,*W EXP 10/01/202,name_unique
G4236L138,GFAI,GUARDFORCE AI CO LTD,SHS NEW,name_unique
398433102,GFF,GRIFFON CORP,COM,name_unique
G39387108,GFS,GLOBALFOUNDRIES INC,ORDINARY SHARES,name_unique
384109104,GGG,GRACO INC COM,Stock,name_unique
G9491K139,GGR,GOGORO INC,ORDINARY SHARES,name_unique
40131M109,GH,GUARDANT HEALTH INC COM,Stock,name_unique
G3855L106,GHRS,GH RESEARCH PLC ORDINARY SHARES,Stock,name_unique
00BJ2L575,GIB,CGI Inc,Common Stock - Foreign,name_unique
12532H955,GIB,CGI INC,EQUITY,name_unique
G38617125,GIBO,GIBO HOLDINGS LTD.,SHS NEW CL A,name_unique
G38617133,GIBO,GIBO HOLDINGS LTD.,CLASS A ORDINARY,name_unique
00379E106,GIC,GLOBAL INDUSTRIAL COMPANY,COM,name_unique
37892E102,GIC,GLOBAL INDUSTRIAL COMPANY COM,Stock,name_unique
37892E106,GIC,GLOBAL INDUSTRIAL COMPANY,COM,name_unique
37892E114,GIC,GLOBAL INDUSTRIAL COMPANY,COM,name_unique
74940T104,GIFT,GIFTIFY INC,COM,name_unique
Y2711Y112,GIGM,GIGAMEDIA LTD,SHS NEW,name_unique
002254645,GIL,GILDAN ACTIVEWEAR INC,COM,name_unique
375916103,GIL,GILDAN ACTIVEWEAR INC COM,Stock,name_unique
375916954,GIL,GILDAN ACTIVEWEAR INC,EQUITY,name_unique
375558103,GILD,GILEAD SCIENCES INC COM,Stock,name_unique
B01BZ3900,GILT,GILAT SATELLITE NETWORKS LTD,EQUITY,name_unique
370334104,GIS,GENERAL MILLS INC COM,Stock,name_unique
ZB5613359,GIS,"GENERAL MILLS, INC.",Common,name_unique
377322102,GKOS,GLAUKOS CORP COM,Stock,name_unique
00380E106,GL,GLOBE LIFE INC,COM,name_unique
37959E102,GL,GLOBE LIFE INC,COM,name_unique
37959E106,GL,GLOBE LIFE INC,COM,name_unique
37959E114,GL,GLOBE LIFE INC,COM,name_unique
390752103,GL,GLOBE LIFE INC,COM,name_unique
001174168,GLBE,GLOBAL-E ONLINE LTD,COM,name_unique
M5216V106,GLBE,GLOBAL E ONLINE LTD,COMMON STOCK,name_unique
Y27265126,GLBS,GLOBUS MARITIME LIMITED NEW,COM NEW,name_unique
G39711109,GLE,GLOBAL ENGINE GROUP HOLDING,SHS CL A,name_unique
G9456A100,GLNG,GOLAR LNG LTD,SHS,name_unique
L44385109,GLOB,GLOBANT S A,COM,name_unique
396879108,GLSI,GREENWICH LIFESCIENCES INC,COMMON STOCK,name_unique
61225M102,GLUE,MONTE ROSA THERAPEUTICS INC,COM,name_unique
G37692111,GLXG,GALAXY PAYROLL GROUP LTD,SHS CL A,name_unique
36317J209,GLXY,GALAXY DIGITAL INC. CL A,Stock,name_unique
370442105,GM,GENERAL MOTORS CORP,COMMON STOCK,name_unique
370442402,GM,GENERAL MOTORS CORP,COMMON STOCK,name_unique
370442501,GM,GENERAL MOTORS CORP,COMMON STOCK,name_unique
370442832,GM,GENERAL MOTORS CORP,COMMON STOCK,name_unique
36467W109,GME,GAMESTOP CORP,CL A,name_unique
36467W117,GME,GAMESTOP CORP NEW,*W EXP 10/30/202,name_unique
G3514S104,GMEX,GMEX ROBOTICS CORP,SHS CL A,name_unique
G3514S120,GMEX,GMEX ROBOTICS CORP,CL A ORD SHS,name_unique
G3731B108,GMHS,GAMEHAUS HOLDINGS INC,ORD SHS CL A,name_unique
G3937M114,GMM,GLOBAL MOFY AI LIMITED,SHS NEW,name_unique
G3937M205,GMM,GLOBAL MOFY AI LIMITED,CLASS A ORD SHS,name_unique
372284208,GNE,GENIE ENERGY LTD,CL B,name_unique
379378102,GNL,GLOBAL NET LEASE INC,COM,name_unique
379378201,GNL,GLOBAL NET LEASE INC COM NEW,REIT,name_unique
36870H103,GNLX,GENELUX CORP,COMMON STOCK,name_unique
372446302,GNPX,GENPREX INC,COM NEW,name_unique
372446401,GNPX,GENPREX INC COM NEW,Stock,name_unique
36872P103,GNSS,GENASYS INC,CMN,name_unique
371901109,GNTX,GENTEX CORP COM,Stock,name_unique
38046C109,GOGO,GOGO INC,COM,name_unique
00181T107,GOLD,GOLD COM INC,COM,name_unique
644535106,GOLD,New Gold Inc,COM,name_unique
376536108,GOOD,GLADSTONE COMMERCIAL CORP,COM,name_unique
02079K107,GOOG,ALPHABET INC,CAP STK CL C,override
02079K305,GOOGL,ALPHABET INC,CAP STK CL A,override
135086957,GOOS,CANADA GOOSE HOLDINGS INC,EQUITY,name_unique
38341P102,GOSS,GOSSAMER BIO INC COM,Stock,name_unique
373678705,GOVX,GEOVAX LABS INC,COM NEW 2025,name_unique
G4035N103,GPAT,GP-ACT III ACQUISITION CORP,CL A,name_unique
G4035N111,GPAT,GP-ACT III ACQUISITION CORP,Equity,name_unique
G4035N129,GPAT,GP-ACT III ACQUISITION CORP,*W EXP 05/13/202,name_unique
372460105,GPC,GENUINE PARTS CO COM,Stock,name_unique
20459V105,GPGI,GPGI INC COM CL A,Stock,name_unique
398905109,GPI,GROUP 1 AUTOMOTIVE INC COM,Stock,name_unique
37940XAD4,GPN,Global Payments Inc,Common Stock,name_unique
37940XAU6,GPN,GLOBAL PAYMENTS INC,FIXED INCOME,name_unique
402635304,GPOR,Gulfport Energy,COM,name_unique
402635502,GPOR,GULFPORT ENERGY CORP COMMON SHARES,Stock,name_unique
393222104,GPRE,GREEN PLAINS INC,COM,name_unique
G38327105,GPRK,Geopark Ltd,COM,name_unique
38268T103,GPRO,GOPRO INC,CL A,name_unique
G0370L116,GRAB,GRAB HOLDINGS LIMITED,W EXP 12/1/202,name_unique
G4124C117,GRAB,GRAB HOLDINGS LIMITED,*W EXP 99/99/999,name_unique
SBP6NH400,GRAB,GRAB HOLDINGS LTD CLASS A,COM,name_unique
384747101,GRAL,GRAIL INC,COM,name_unique
392709101,GRBK,GREEN BRICK PARTNERS INC,COM,name_unique
383082104,GRC,GORMAN RUPP CO COM,Stock,name_unique
00439U104,GRCE,GRACE THERAPEUTICS INC,COM,name_unique
33749P507,GRDX,GRIDAI TECHNOLOGIES CORP,COM NEW,name_unique
3622AW502,GRI,GRI BIO INC,COM SHS,name_unique
49876K103,GRML,GREENLAND MINES LTD,COM,name_unique
49876K111,GRML,GREENLAND MINES LTD,*W EXP 06/21/202,name_unique
011440532,GRMN,GARMIN LTD,COM,name_unique
G37260109,GRMN,GARMIN LTD,COMMON STOCK,name_unique
H2906T909,GRMN,GARMIN LTD,COM,name_unique
SB3Z5T149,GRMN,GARMIN LTD,COM,name_unique
39854F101,GRND,GRINDR INC,COM,name_unique
387432107,GRNT,GRANITE RIDGE RESOURCES INC,COM,name_unique
39957D201,GROV,GROVE COLLABORATIVE HOLDINGS,Common Stock,name_unique
399473107,GRPN,GROUPON INC,COMMON STOCK,name_unique
399473206,GRPN,GROUPON INC,COM NEW,name_unique
399473AK3,GRPN,Groupon Inc,CONV,name_unique
G4000K118,GRRR,GORILLA TECHNOLOGY GROUP INC,*W EXP 99/99/999,name_unique
39986L109,GRWG,GROWGENERATION CORP,COM,name_unique
38141G104,GS,GOLDMAN SACHS GROUP INC COM,Stock,name_unique
38414G104,GS,GOLDMAN SACHS GROUP INC,COM,name_unique
378973408,GSAT,Globalstar Inc Com,GSAT,name_unique
378973507,GSAT,GLOBALSTAR INC,COMMON STOCK,name_unique
390905107,GSBC,GREAT SOUTHERN BANCORP INC,COMMON STOCK,name_unique
38147U107,GSBD,GOLDMAN SACHS BDC INC,SHS,name_unique
G3852D107,GSHR,GESHER ACQUISITION CORP. II,USD CL A ORD SHS,name_unique
G3852D115,GSHR,GESHER ACQUISITION CORP. II,*W EXP 10/31/203,name_unique
36241U106,GSIT,GSI TECHNOLOGY INC,COMMON STOCK,name_unique
Y27183600,GSL,GLOBAL SHIP LEASE INC,COM CL A,name_unique
G33856108,GSM,FERROGLOBE PLC,SHS,name_unique
G4013A115,GSUN,GOLDEN SUN TECHNOLOGY GROUP,CLASS A ORD SHS,name_unique
36254L308,GTBP,GT BIOPHARMA INC,COM,name_unique
382140879,GTIM,GOOD TIMES RESTAURANTS INC,COM NEW,name_unique
37637K108,GTLB,GITLAB INC CLASS A COM,Stock,name_unique
98980F104,GTM,ZOOMINFO TECHNOLOGIES INC COMMON STOCK,Stock,name_unique
389375205,GTN-A,GRAY MEDIA INC,CL A,name_ambiguous_class_suffix
366505105,GTX,GARRETT MOTION INC,COM,name_unique
35168W103,GUTS,FRACTYL HEALTH INC,COM,name_unique
G3R39B116,GVH,GLOBAVEND HOLDINGS LIMITED,SHS NEW,name_unique
26916J205,GWH,ESS TECH INC COM NEW,COM,name_unique
40171V100,GWRE,GUIDEWIRE SOFTWARE INC COM,Stock,name_unique
379463102,GWRS,GLOBAL WATER RESOURCES INC,COMMON STOCK,name_unique
62911P201,GXAI,GAXOS.AI INC COM,Stock,name_unique
62911P300,GXAI,GAXOS.AI INC,COM,name_unique
36262G101,GXO,GXO LOGISTICS INCORPORATED COMMON STOCK,Stock,name_unique
403783103,GYRE,GYRE THERAPEUTICS INC,COMMON STOCK,name_unique
403829104,GYRO,GYRODYNE LLC,COM,name_unique
448579102,H,HYATT HOTELS CORP COM CL A,Stock,name_unique
410495204,HAFC,HANMI FINANCIAL CORPORATION,COMMON STOCK,name_unique
00BSY3S84,HAFN,Hafnia Ltd,Common Stock - Foreign,name_unique
BSY3S8908,HAFN,HAFNIA LTD,EQUITY,name_unique
405217100,HAIN,HAIN CELESTIAL GROUP INC,COM,name_unique
040621610,HAL,Halliburton Ord Shs,COM,name_unique
406216101,HAL,HALLIBURTON CO COM,Stock,name_unique
40637H109,HALO,HALOZYME THERAPEUTICS INC COM,Stock,name_unique
G4290F118,HAO,HAOXI HEALTH TECHNOLOGY LTD,SHS NEW CL A,name_unique
G4290F126,HAO,HAOXI HEALTH TECHNOLOGY LTD,ORD SHS CL A,name_unique
418056107,HAS,HASBRO INC COM,Stock,name_unique
041068X10,HASI,HA Sustainable Infrastructure Capital Ord Shs,COM,name_unique
43689E107,HBCP,HOME BANCORP INC,COMMON STOCK,name_unique
416906105,HBIO,HARVARD BIOSCIENCE INC,COM,name_unique
416906204,HBIO,HARVARD BIOSCIENCE INC,CMN,name_unique
443628102,HBM,HUDBAY MINERALS INC COM,Stock,name_unique
443628953,HBM,HUDBAY MINERALS INC,EQUITY,name_unique
40412C101,HCA,HCA HEALTHCARE INC COM,Stock,name_unique
42225T107,HCAT,HEALTH CATALYST INC,COM,name_unique
93627C101,HCC,WARRIOR MET COAL INC,COM,name_unique
00404E107,HCI,HCI GROUP INC,COM,name_unique
40416E103,HCI,HCI GROUP INC,COM,name_unique
40416E107,HCI,HCI GROUP INC,COM,name_unique
404609109,HCKT,HACKETT GROUP INC THE,COMMON STOCK,name_unique
G4365E103,HCMA,HCM III ACQUISITION CORP,ORD SHS CL A,name_unique
G4365E111,HCMA,HCM III ACQUISITION CORP,*W EXP 07/23/203,name_unique
42227W405,HCTI,HEALTHCARE TRIANGLE INC,COM,name_unique
40423R204,HCWB,HCW BIOLOGICS INC,COM NEW,name_unique
40423R303,HCWB,HCW BIOLOGICS INC,COM               A,name_unique
437076102,HD,HOME DEPOT INC,COM,name_unique
40415F101,HDB,HDFC BANK LTD SPONSORED ADS,ADR,name_unique
422806208,HEI-A,HEICO CORP NEW,CL A,name_ambiguous_class_suffix
G4388N106,HELE,HELEN OF TROY LTD,COMMON STOCK,name_unique
23256X407,HELP,CYBIN INC,COM NEW,name_unique
428103105,HESM,HESS MIDSTREAM LP,CL A SHS,name_unique
40417F109,HFFG,HF FOODS GROUP INC,COM,name_unique
G42706104,HG,HAMILTON INSURANCE GROUP LTD,CL B,name_unique
42727E103,HGBL,HERITAGE GLOBAL INC,COM,name_unique
43283X105,HGV,HILTON GRAND VACATIONS INC COM,Stock,name_unique
44267D107,HHH,HOWARD HUGHES CORPORATION,COMMON STOCK,name_unique
44267T102,HHH,HOWARD HUGHES HOLDINGS INC COM,Stock,name_unique
46059W102,HHH,Howard Hughes Holdings,HHH,name_unique
416196202,HHS,HARTE HANKS INC,COM,name_unique
416515104,HIG,HARTFORD INSURANCE GROUP INC COM,Stock,name_unique
433000106,HIMS,HIMS & HERS HEALTH INC,COM CL A,name_unique
92943X104,HIND,VYOME HOLDINGS INC,COM,name_unique
433539202,HIPO,HIPPO HOLDINGS INC,COMMON STOCK,name_unique
42217D102,HIT,HEALTH IN TECH INC,CL A,name_unique
42981E401,HITI,HIGH TIDE INC,COM,name_unique
433921103,HIVE,HIVE DIGITAL TECHNOLOGIES LTD COM NEW,Stock,name_unique
G6365B104,HKPD,CELLYAN BIOTECHNOLOGY CO LTD,ORD SHS CL A,name_unique
G4412G101,HLF,HERBALIFE LTD,COM SHS,name_unique
441593100,HLI,HOULIHAN LOKEY INC CL A,Stock,name_unique
42328H109,HLIO,HELIOS TECHNOLOGIES INC,COM,name_unique
413160102,HLIT,HARMONIC INC,COM,name_unique
43538H103,HLLY,HOLLEY INC,COMMON STOCK,name_unique
431636109,HLMN,HILLMAN SOLUTIONS CORP,COM,name_unique
407497106,HLNE,HAMILTON LANE INC,CL A,name_unique
G4594M108,HLP,HONGLI GROUP INC.,ORDINARY SHARES,name_unique
006435145,HMC,Honda Motor Co Ltd,Common Stock - Foreign,name_unique
385460000,HMC,HONDA MOTOR CO LTD,COM,name_unique
006410562,HMY,Harmony Gold Mining Co Ltd,Common Stock - Foreign,name_unique
404251100,HNI,HNI CORP COM,Stock,name_unique
425885100,HNNA,HENNESSY ADVISORS INC,COM,name_unique
40609P105,HNRG,HALLADOR ENERGY COMPANY,COM,name_unique
438333106,HNST,HONEST CO INC,COM,name_unique
412822108,HOG,HARLEY DAVIDSON INC COM,Stock,name_unique
G55032125,HOLO,MICROCLOUD HOLOGRAM INC,*W EXP 01/31/202,name_unique
G55032174,HOLO,MICROCLOUD HOLOGRAM INC,SHS CL A NEW,name_unique
436893200,HOMB,HOME BANCSHARES INC COM,Stock,name_unique
43940T109,HOPE,HOPE BANCORP INC,COM,name_unique
44170P106,HOUR,HOUR LOOP INC,COM,name_unique
442487401,HOV,HOVNANIAN ENTERPRISES INC,CL A NEW,name_unique
64550A107,HOVR,NEW HORIZON AIRCRAFT LTD,COM,name_unique
64550A115,HOVR,NEW HORIZON AIRCRAFT LTD,*W EXP 02/14/202,name_unique
95075A107,HOWL,WEREWOLF THERAPEUTICS INC,CMN,name_unique
423452101,HP,HELMERICH & PAYNE INC,COM,name_unique
G4R52R103,HPAI,HELPORT AI LTD,ORD SHS,name_unique
42824C109,HPE,HEWLETT PACKARD ENTERPRISE CO COM,Stock,name_unique
43114Q105,HPK,HIGHPEAK ENERGY INC,COMMON STOCK,name_unique
444097109,HPP,"HUDSON PACIFIC PROPERTIES, INC",COM,name_unique
40434L105,HPQ,HP INC COM,Stock,name_unique
433535101,HQI,HIREQUEST INC,COMMON STOCK,name_unique
40435J100,HQY,HEALTHEQUITY INC,COM,name_unique
42226A107,HQY,HEALTHEQUITY INC COM,Stock,name_unique
421946104,HR,HEALTHCARE REALTY TRUST,COMMON STOCK,name_unique
936711050,HRB,"H&R Block, Inc.",COM,name_unique
415858109,HROW,HARROW INC,COM,name_unique
000540528,HSBC,HSBC Holdings PLC,Common Stock - Foreign,name_unique
G4634U169,HSBC,HSBC Holdings PLC,COM,name_unique
00423E306,HSCS,HEARTSCIENCES INC,COM,name_unique
42254E112,HSCS,HEARTSCIENCES INC,*W EXP 06/15/202,name_unique
42254E302,HSCS,HEARTSCIENCES INC,COM,name_unique
42328V876,HSDT,SOLANA CO,COM CL A NEW,name_unique
G4660A103,HSHP,HIMALAYA SHIPPING LTD ORD SHS,Stock,name_unique
44107P104,HST,HOST HOTELS & RESORTS INC COM,REIT,name_unique
42222N103,HSTM,HEALTHSTREAM INC,COM,name_unique
001017466,HSY,HERSHEY COMPANY CLASS B,COM,name_unique
427866108,HSY,HERSHEY CO COM,Stock,name_unique
437872104,HTB,HOMETRUST BANCSHARES INC,COMMON STOCK,name_unique
42240Q104,HTCR,HEARTCORE ENTERPRISES INC,COM,name_unique
42240Q203,HTCR,Heartcore Enterprises Inc,COM,name_unique
141743104,HTFL,HeartFlow Inc,COM,name_unique
42238D107,HTFL,HEARTFLOW INC,COM,name_unique
427096508,HTGC,HERCULES CAPITAL INC,COM,name_unique
422347104,HTLD,HEARTLAND EXPRESS INC,COM,name_unique
G45806109,HTLM,HOMESTOLIFE LTD,ORD SHS,name_unique
784305104,HTO,H2O AMERICA,COM,name_unique
G3R25D209,HTOO,FUSION FUEL GREEN PLC,SHS CL A,name_unique
443510201,HUBB,Hubbell Inc Class B,COM,name_unique
443510607,HUBB,HUBBELL INC COM,Stock,name_unique
M6000J119,HUBC,HUB CYBER SECURITY LTD,*W EXP 08/22/202,name_unique
M6000J127,HUBC,HUB CYBER SECURITY LTD,*W EXP 02/27/202,name_unique
M6000J184,HUBC,Hub Cyber Security Ltd,COM,name_unique
M6000J192,HUBC,HUB CYBER SECURITY LTD,SHS NEW,name_unique
M6000J200,HUBC,HUB CYBER SECURITY LTD,ORD SHS,name_unique
443320106,HUBG,HUB GROUP INC,CL A,name_unique
443573100,HUBS,HUBSPOT INC COM,Stock,name_unique
444859102,HUM,HUMANA INC COM,Stock,name_unique
44486Q103,HUMA,HUMACYTE INC,COM,name_unique
447011107,HUN,HUNTSMAN CORP,COM,name_unique
898920103,HURA,TUHURA BIOSCIENCES INC,COM,name_unique
447462102,HURN,HURON CONSULTING GROUP INC,COM,name_unique
44812J104,HUT,HUT 8 CORP,COM,name_unique
420476103,HWBK,HAWTHORN BANCSHARES INC,COMMON STOCK,name_unique
410120109,HWC,HANCOCK WHITNEY CORPORATION,COM,name_unique
41987E103,HWC,HANCOCK WHITNEY CORP,COM,name_unique
420261109,HWKN,HAWKINS INC,COM,name_unique
00BKLJ8V2,HWM,HOWMET AEROSPACE INC,COM,name_unique
443201108,HWM,HOWMET AEROSPACE INC COM,Stock,name_unique
449172105,HY,HYSTER-YALE INC,CL A,name_unique
602687105,HYFT,MINDWALK HOLDINGS CORP,COM,name_unique
30234E203,HYPD,HYPERION DEFI INC,CMN,name_unique
30234E207,HYPD,HYPERION DEFI INC,COM NEW,name_unique
44916K106,HYPR,HYPERFINE INC,Common Stock,name_unique
567908108,HZO,MARINEMAX INC,COMMON STOCK,name_unique
450913108,IAG,IAMGOLD CORP COM,Stock,name_unique
450913959,IAG,IAMGOLD CORP,EQUITY,name_unique
44934N108,IBAC,IB ACQUISITION CORP,COM SHS,name_unique
G4690M101,IBEX,IBEX LTD,COMMON STOCK,name_unique
451033708,IBIO,IBIO INC,CMN,name_unique
45841N107,IBKR,INTERACTIVE BROKERS GROUP INC COM CL A,Stock,name_unique
45920010R,IBM,INTERNATIONAL BUSINESS      MACHINES,COMMON STOCK,name_unique
AN6306376,IBM,INTERNATIONAL BUSINESS MACHINES CORP,Common,name_unique
AW8986852,IBM,INTERNATIONAL BUSINESS MACHINES CORP,Common,name_unique
ZM7431376,IBM,INTERNATIONAL BUSINESS MACHINES CORP,Common,name_unique
45104G104,IBN,ICICI BANK LIMITED ADR,ADR,name_unique
45256X103,IBRX,IMMUNITYBIO INC,COM,name_unique
451051106,IBTA,IBOTTA INC CL A,COMMON STOCK,name_unique
45866F104,ICE,INTERCONTINENTAL EXCHANGE INC COM,Stock,name_unique
G4740B105,ICHR,ICHOR HOLDINGS,SHS,name_unique
006455530,ICL,ICL Group Ltd,Common Stock - Foreign,name_unique
645553900,ICL,ICL GROUP LTD,EQUITY,name_unique
SB94G4715,ICLR,ICON PLC,EQUITY,name_unique
Y4001C305,ICON,ICON ENERGY CORP,COM NEW,name_unique
81256L112,ICU,SEASTAR MEDICAL HOLDING CORP,*W EXP 10/28/202,name_unique
81256L302,ICU,SEASTAR MEDICAL HOLDING CORP,COM NEW,name_unique
451107106,IDA,IDACORP INC,COM,name_unique
873048508,IDAI,T STAMP INC,CL A NEW,name_unique
45867G101,IDCC,INTERDIGITAL INC COM,Stock,name_unique
448947507,IDT,IDT CORP,CL B NEW,name_unique
45166A102,IDYA,IDEAYA BIOSCIENCES INC COM,Stock,name_unique
44951W106,IESC,IES HOLDINGS INC,COM,name_unique
G47724300,IFBD,INFOBIRD CO LTD,COM NEW,name_unique
41574J509,IHRT,IHEARTMEDIA INC,COM CL A,name_unique
45174J509,IHRT,IHEARTMEDIA INC   CLASS A,COMMON STOCK,name_unique
G4701H109,IHS,IHS HOLDING LIMITED,ORD SHS,name_unique
46571Y107,IIIV,I3 VERTICALS INC,COM CL A,name_unique
45719W205,IKT,INHIBIKASE THERAPEUTICS INC,COMMON STOCK,name_unique
895970119,ILLR,TRILLER GROUP INC,*W EXP 11/14/202,name_unique
895970309,ILLR,TRILLER GROUP INC,CMN,name_unique
452327109,ILMN,ILLUMINA INC,COM,name_unique
45175G207,IMA,IMAGENEBIO INC,CMN,name_unique
00452E113,IMAX,IMAX CORP,COM,name_unique
45245E109,IMAX,IMAX CORP,COM,name_unique
45245E113,IMAX,IMAX CORP,COM,name_unique
44969Q406,IMCC,IM CANNABIS CORP,COM NEW,name_unique
452521107,IMMR,IMMERSION CORPORATION,COMMON STOCK,name_unique
45258H106,IMMX,IMMIX BIOPHARMA INC,COMMON STOCK,name_unique
45257U108,IMNM,IMMUNOME INC,COM,name_unique
15117N701,IMNN,IMUNON INC,COM,name_unique
45254E107,IMRX,IMMUNEERING CORP,CLASS A COM,name_unique
45254E111,IMRX,IMMUNEERING CORP,CLASS A COM,name_unique
N44445109,IMTX,IMMATICS N.V,SHS,name_unique
4525EP101,IMUX,IMMUNIC INC,COM,name_unique
4525EP200,IMUX,IMMUNIC INC,COM NEW,name_unique
45258J102,IMVT,IMMUNOVANT INC,COM,name_unique
46005L101,IMXI,INTERNATIONAL MONEY EXPRESS,COM,name_unique
45674E208,INAB,IN8BIO INC,COM NEW,name_unique
G4791J106,INAC,INDIGO ACQUISITION CORP,ORD SHS,name_unique
320557101,INBK,FIRST INTERNET BANCORP,COM,name_unique
45720N103,INBX,INHIBRX BIOSCIENCES INC,COM,name_unique
M549GJ111,INCR,INTERCURE LTD,COM NEW,name_unique
45337C102,INCY,INCYTE CORP COM,Stock,name_unique
453838104,INDB,INDEPENDENT BANK CORPORATION,COMMON STOCK,name_unique
45339J204,INDP,INDAPTUS THERAPEUTICS INC,COM NEW,name_unique
04546C106,INDV,Indivior Pharmaceuticals Inc,COMMON STOCK,name_unique
45579U109,INDV,INDIVIOR PHARMACEUTICALS INC,COM,name_unique
G7776G104,INEO,INNEOVA HOLDINGS LTD.,ORD SHS CL A,name_unique
00BZ57390,ING,ING Groep NV,Common Stock - Foreign,name_unique
457152106,INGM,INGRAM MICRO HOLDING CORP,COMMON STOCK,name_unique
45780L104,INGN,INOGEN INC,COMMON STOCK,name_unique
457187102,INGR,INGREDION INC COM,Stock,name_unique
4576JP307,INHD,INNO HOLDINGS INC,COM NEW,name_unique
4576JP406,INHD,INNO HOLDINGS INC,COM,name_unique
603693201,INKT,MINK THERAPEUTICS INC,COM NEW,name_unique
G4808M100,INLF,INLIF LTD,SHS CL A,name_unique
G4808M118,INLF,INLIF LTD,CL A ORD SHS NEW,name_unique
457637700,INM,INMED PHARMACEUTICALS INC,COM NEW,name_unique
45782T105,INMB,INMUNE BIO INC,COM,name_unique
0M542M103,INMD,INMODE LTD,SHS,name_unique
M5425M903,INMD,Inmode Ltd,SHS,name_unique
457642205,INOD,INNODATA INC,COM NEW,name_unique
45782N108,INSE,INSPIRED ENTERTAINMENT INC,COMMON STOCK,name_unique
45782B104,INSG,INSEEGO CORP,COMMON STOCK,name_unique
45782B302,INSG,INSEEGO CORP,COMMON STOCK,name_unique
Y41053102,INSW,INTERNATIONAL SEAWAYS INC COM,Stock,name_unique
45827U109,INTA,INTAPP INC,COMMON STOCK,name_unique
458110100,INTC,Intel Corp,COM,name_unique
458140100,INTC,INTEL CORP COM,Stock,name_unique
458140400,INTC,Intel Corp,COM,name_unique
458140BU3,INTC,INTEL CORP,BCO,name_unique
458685104,INTG,INTERGROUP CORP,COM,name_unique
G48047115,INTJ,INTELLIGENT GROUP LIMITED,CL A ORD SHS NEW,name_unique
G4R20B107,INTR,INTER & CO INC CLASS A COM,Stock,name_unique
SBP0PPV52,INTR,INTER AND CO INC CLASS A,EQUITY,name_unique
45828J202,INTS,INTENSITY THERAPEUTICS INC,COM NEW,name_unique
461202103,INTU,INTUIT COM,Stock,name_unique
46121E304,INTZ,INTRUSION INC,COM,name_unique
45784M108,INV,INNVENTURE INC,COMMON STOCK,name_unique
45781M101,INVA,INNOVIVA INC,COMMON STOCK,name_unique
46187W107,INVH,INVITATION HOMES INC COM,REIT,name_unique
457651107,INVX,INNOVEX INTERNATIONAL INC,COM,name_unique
M5R635108,INVZ,INNOVIZ TECHNOLOGIES LTD,SHS,name_unique
M5R635116,INVZ,INNOVIZ TECHNOLOGIES LTD,*W EXP 04/05/202,name_unique
46222L108,IONQ,IONQ INC COM,Stock,name_unique
46222L116,IONQ,IONQ INC,*W EXP 09/30/202,name_unique
462222100,IONS,IONIS PHARMACEUTICALS INC COM,Stock,name_unique
45768S105,IOSP,INNOSPEC INC,COM,name_unique
79589L106,IOT,SAMSARA INC COM CL A,Stock,name_unique
G4940T112,IOTR,IOTHREE LTD,ORD SHS NEW,name_unique
462260100,IOVA,IOVANCE BIOTHERAPEUTICS INC,COM,name_unique
460146103,IP,INTERNATIONAL PAPER CO COM,Stock,name_unique
88335R101,IP,International Paper Company,Common Stock,name_unique
458334109,IPAR,INTERPARFUMS INC COM,Stock,name_unique
44980X109,IPGP,IPG PHOTONICS CORP,COM,name_unique
46121Y102,IPI,INTREPID POTASH INC,COMMON STOCK,name_unique
46121Y201,IPI,INTREPID POTASH INC,COMMON STOCK,name_unique
15673T100,IPSC,CENTURY THERAPEUTICS INC,COMMON STOCK,name_unique
15673T101,IPSC,CENTURY THERAPEUTICS INC,COM,name_unique
42727R203,IPST,IP STRATEGY HOLDINGS INC,COM,name_unique
42727R302,IPST,IP STRATEGY HOLDINGS INC,COM,name_unique
46265P206,IPW,IPOWER INC,COM NEW,name_unique
46265P305,IPW,IPOWER INC,COM NEW,name_unique
46265G206,IQST,IQSTEL INC,COM NEW,name_unique
45687V106,IR,INGERSOLL RAND INC COM,Stock,name_unique
G4776G101,IR,INGERSOLL-RAND CO,COMMON STOCK-FO,name_unique
G47791101,IR,INGERSOLL-RAND PLC,COMMON STOCK-FO,name_unique
67577R102,IRD,OPUS GENETICS INC,COMMON STOCK,name_unique
46269C102,IRDM,IRIDIUM COMMUNICATIONS INC,COM,name_unique
000018599,IREN,IREN Limited,IREN,name_unique
Q4982L109,IREN,IREN LIMITED ORDINARY SHARES,Stock,name_unique
462684101,IRIX,IRIDEX CORP,COM,name_unique
46266A109,IRMD,IRADIMED CORP,COMMON STOCK,name_unique
254604101,IRON,DISC MEDICINE INC COM,Stock,name_unique
450056106,IRTC,IRHYTHM HOLDINGS INC COM,Stock,name_unique
46333X108,IRWD,IRONWOOD PHARMACEUTICALS INC,COMMON STOCK,name_unique
464214105,ISBA,ISABELLA BANK CORP,COMMON STOCK,name_unique
45032V108,ISPC,ISPECIMEN INC COM NEW,Stock,name_unique
45032V207,ISPC,ISPECIMEN INC,cs,name_unique
45032V306,ISPC,ISPECIMEN INC,COMMON STOCK      A,name_unique
46501C100,ISPR,ISPIRE TECHNOLOGY INC,CMN,name_unique
46120E602,ISRG,INTUITIVE SURGICAL INC COM NEW,Stock,name_unique
46134L105,ISTR,INVESTAR HOLDING CORP,COMMON STOCK,name_unique
366651107,IT,GARTNER INC COM,Stock,name_unique
366651206,IT,GARTNER INC,COMMON STOCK,name_unique
461804106,ITIC,INVESTORS TITLE CO,COMMON STOCK,name_unique
G71399102,ITOC,ITONIC HOLDINGS LTD,ORD SHS CL A,name_unique
465741106,ITRI,ITRON INC COM,Stock,name_unique
45073V108,ITT,ITT INC COM,Stock,name_unique
450911102,ITT,ITT CORPORATION,COMMON STOCK,name_unique
450911201,ITT,ITT CORP,COM,name_unique
450912100,ITT,ITT CORP,COMMON STOCK,name_unique
740459102,ITW,ILLINOIS TOOL WORKS,COMMON STOCK,name_unique
46583A113,IVDA,IVEDA SOLUTIONS INC,*W EXP 04/01/202,name_unique
46583A303,IVDA,IVEDA SOLUTIONS INC,COM,name_unique
44984F708,IVF,INVO FERTILITY INC.,COMMON STOCK,name_unique
44984F807,IVF,INVO FERTILITY INC. COM,Stock,name_unique
44984F880,IVF,INVO FERTILITY INC.,COM,name_unique
46131B100,IVR,INVESCO MORTGAGE CAPITAL,COMMON STOCK,name_unique
46131B704,IVR,INVESCO MORTGAGE CAPITAL INC COM,REIT,name_unique
00534A102,IVVD,INVIVYD INC,COMMON STOCK,name_unique
45333F109,IXHL,INCANNEX HEALTHCARE INC,COM,name_unique
45333F208,IXHL,INCANNEX HEALTHCARE INC,COM,name_unique
46604H105,IZEA,IZEA WORLDWIDE INC COM NEW,Stock,name_unique
46604H204,IZEA,IZEA WORLDWIDE INC,CMN,name_unique
G4760B100,IZM,ICZOOM GROUP INC.,CL A ORD SHS,name_unique
46619H103,J,JACOBS SOLUTIONS INC,COM,name_unique
46982L108,J,JACOBS SOLUTIONS INC COM,Stock,name_unique
466367109,JACK,JACK IN THE BOX INC,COMMON STOCK,name_unique
G4992A110,JACS,JACKSON ACQUISITION CO II,COM SHS CL A,name_unique
47010C862,JAGX,JAGUAR HEALTH INC,COM,name_unique
47010C888,JAGX,JAGUAR HEALTH INC,COM,name_unique
47012E106,JAKK,JAKKS PACIFIC INC,COMMON STOCK,name_unique
47012E403,JAKK,JAKKS PACIFIC INC,COMMON STOCK,name_unique
47103J105,JANX,JANUX THERAPEUTICS INC,COM,name_unique
G50883100,JBDI,JBDI HOLDINGS LTD,ORD SHS,name_unique
008064206,JBIO,JADE BIOSCIENCES INC,COM NEW,name_unique
466313103,JBL,JABIL INC COM,Stock,name_unique
477143101,JBLU,JETBLUE AIRWAYS CORP,COM,name_unique
N4732M103,JBS,JBS N.V.,CL A SHS,name_unique
800422107,JBSS,SANFILIPPO JOHN B & SON INC,COM,name_unique
477839104,JBTM,JBT MAREL CORPORATION,COM,name_unique
00BY7QL61,JCI,JOHNSON CONTROLS INTERNATIONAL PLC,COM,name_unique
47733C207,JCTC,JEWETT CAMERON TRADING LTD,COM NEW,name_unique
G7396L129,JDZG,JIADE LIMITED,CL A ORD SHS,name_unique
G7396L137,JDZG,JIADE LIMITED,CL A ORD SHS,name_unique
G5093B105,JENA,JENA ACQUISITION CORP II,USD CL A ORD SHS,name_unique
00B60QWJ2,JHX,James Hardie Industries PLC,Common Stock - Foreign,name_unique
47030M106,JHX,JAMES HARDIE INDUSTRIES SE,COMMON STOCK-FO,name_unique
46620W201,JILL,J JILL INC,COMMON STOCK,name_unique
466032109,JJSF,J & J SNACK FOODS CORP COM,Stock,name_unique
G5191U120,JL,J-LONG GROUP LTD,SHS CL A,name_unique
G5500K102,JLHL,JULONG HOLDING LTD,CL A SHS,name_unique
48020Q107,JLL,JONES LANG LASALLE INC COM,Stock,name_unique
47804G103,JMSB,John Marshall Bancorp,JMSB,name_unique
47805L101,JMSB,JOHN MARSHALL BANCORP INC,COMMON STOCK,name_unique
478160104,JNJ,JOHNSON & JOHNSON COM,Stock,name_unique
237730143,JOBY,Joby Aviation,COM,name_unique
47714F109,JOBY,Joby Aviation Inc,COM,name_unique
G65163100,JOBY,JOBY AVIATION INC,COMMON STOCK,name_unique
G65163118,JOBY,JOBY AVIATION INC,*W EXP 08/10/202,name_unique
790148100,JOE,ST JOE CO,COM,name_unique
46615H100,JPM,JPMorgan Chase & Co,COM,name_unique
46625H100,JPM,JPMORGAN CHASE & CO,COM,name_unique
46625HRS1,JPM,JPMORGAN CHASE &,BCO,name_unique
46647PDW3,JPM,JPMORGAN CHASE & CO,5CPRFF7,name_unique
471871202,JSPR,JASPER THERAPEUTICS INC,COM NEW,name_unique
47714H308,JTAI,JET AI INC,cs,name_unique
47714H407,JTAI,JET AI INC,COM,name_unique
48208B203,JUNS,JUPITER NEUROSCIENCES INC,COM NEW,name_unique
G5194C119,JWEL,Jowell Global Ltd,COM,name_unique
Y46002401,JXG,JX LUXVENTURE GROUP INC,ORD SHS,name_unique
46817M107,JXN,JACKSON FINANCIAL INC COM CL A,Stock,name_unique
46817M206,JXN,Jackson Financial,PREF STK,name_unique
G5084H111,JYD,JAYUD GLOBAL LOGISTICS LTD,USD CL A ORD SHS,name_unique
47973J102,JYNT,JOINT CORP,COM,name_unique
G51400151,JZXN,JIUZI HOLDINGS INC,SHS NEW,name_unique
48282T104,KAI,KADANT INC,COM,name_unique
483119103,KALA,KALA BIO INC COM,Stock,name_unique
483119202,KALA,KALA BIO INC,COM NEW,name_unique
483119301,KALA,KALA BIO INC,CMN,name_unique
Y4600W108,KARO,Karooooo Ltd,COM,name_unique
00B3DF0Y6,KB,KB Financial Group Inc,Common Stock - Foreign,name_unique
48662X105,KBDC,KAYNE ANDERSON BDC INC,COM SHS,name_unique
48666K109,KBH,KB HOME COM,Stock,name_unique
48242W106,KBR,KBR INC COM,Stock,name_unique
G3R23E100,KBSX,FST CORP.,ORD SHS,name_unique
500081104,KDK,KODIAK AI INC.,CMN,name_unique
500081112,KDK,KODIAK AI INC.,W EXP 09/25/203,name_unique
49271V100,KDP,KEURIG DR PEPPER INC COM,Stock,name_unique
49428J109,KE,KIMBALL ELECTRONICS INC,COMMON STOCK,name_unique
486917107,KEEL,KEEL INFRASTRUCTURE CORP,COMMON STOCK,name_unique
486917958,KEEL,KEEL INFRASTRUCTURE CORP,EQUITY,name_unique
ACI0BDP31,KEN,KENON HOLDINGS LTD,EQUITY,name_unique
006495730,KEP,Korea Electric Power Corp,Common Stock - Foreign,name_unique
497266106,KEX,KIRBY CORP,COM,name_unique
493267108,KEY,KEYCORP COM,Stock,name_unique
49338L103,KEYS,KEYSIGHT TECHNOLOGIES INC COM,Stock,name_unique
493732101,KFRC,KFORCE INC,COM,name_unique
500643200,KFY,KORN FERRY COM NEW,Stock,name_unique
G5260K102,KG,KESTREL GROUP LTD,COM,name_unique
00B03Z841,KGC,Kinross Gold Corp,Common Stock - Foreign,name_unique
496902107,KGC,Kinross Gold Corp,Equity,name_unique
496902404,KGC,KINROSS GOLD CORP,COM,name_unique
496902958,KGC,KINROSS GOLD CORP,EQUITY,name_unique
50043K406,KGEI,KOLIBRI GLOBAL ENERGY INC,COMMON STOCK,name_unique
500754106,KHC,KRAFT HEINZ CO COM,Stock,name_unique
68752L100,KIDS,ORTHOPEDIATRICS CORP,COMMON STOCK,name_unique
182744300,KIDZ,KIDZ AI INC,CL B NEW,name_unique
49446R109,KIM,KIMCO REALTY CORP COM,REIT,name_unique
49446R687,KIM,KIMCO REALTY CORP,DP CV CL N 7.25%,name_unique
63911H116,KITT,NAUTICUS ROBOTICS INC,*W EXP 03/15/202,name_unique
63911H306,KITT,NAUTICUS ROBOTICS INC,cs,name_unique
63911H405,KITT,NAUTICUS ROBOTICS INC,COM,name_unique
48251W104,KKR,KKR & CO INC,COM,name_unique
48251W500,KKR,KKR & CO INC,CMN,name_unique
48251W609,KKR,KKR & CO INC,Pref,name_unique
482480100,KLAC,KLA CORP,COM NEW,name_unique
G5279N105,KLAR,KLARNA GROUP PLC,COMMON STOCK,name_unique
49456W105,KLC,KINDERCARE LEARNING COMPANIES COM,Stock,name_unique
482929106,KLRS,KALARIS THERAPEUTICS INC,COM,name_unique
483467106,KLTR,KALTURA INC,COMMON STOCK,name_unique
48253L205,KLXE,KLX ENERGY SERVICES HOLDINGS,COM NEW,name_unique
494368103,KMB,KIMBERLY-CLARK CORP COM,Stock,name_unique
M6240T109,KMDA,KAMADA LTD,SHS,name_unique
49456B101,KMI,KINDER MORGAN INC DEL COM,Stock,name_unique
488401100,KMPR,KEMPER CORP COM,Stock,name_unique
G5321F100,KMRK,K-TECH SOLUTIONS CO LTD,CL A ORD SHS,name_unique
489170100,KMT,KENNAMETAL INC,COM,name_unique
143130102,KMX,CARMAX INC COM,Stock,name_unique
49926D109,KN,KNOWLES CORP COM,Stock,name_unique
G5214E103,KNDI,KANDI TECHNOLOGIES GROUP INC,USD ORD SHS,name_unique
498894104,KNF,KNIFE RIVER CORP COMMON STOCK,Stock,name_unique
G5269C101,KNSA,"Kiniksa Pharmaceuticals International, plc Class A",COM,name_unique
02215L209,KNTK,KINETIK HOLDINGS INC COM NEW CL A,Stock,name_unique
191216100,KO,COCA COLA CO,COM,name_unique
50015M109,KOD,KODIAK SCIENCES INC,COM,name_unique
277461406,KODK,EASTMAN KODAK CO,COM NEW,name_unique
50060P106,KOP,KOPPERS HOLDINGS INC,COM,name_unique
500600101,KOPN,KOPIN CORP,COMMON STOCK,name_unique
500688106,KOS,KOSMOS ENERGY LTD,COM,name_unique
500692108,KOSS,KOSS CORP,COM,name_unique
485859110,KPLT,KATAPULT HOLDINGS INC,*W EXP 06/09/202,name_unique
485859201,KPLT,KATAPULT HOLDINGS INC,COM NEW,name_unique
49721T507,KPRX,KIORA PHARMACEUTICALS INC,COM,name_unique
48576U106,KPTI,KARYOPHARM THERAPEUTICS INC,COM,name_unique
48576U205,KPTI,KARYOPHARM THERAPEUTICS INC,COMMON STOCK,name_unique
501044101,KR,KROGER CO COM,Stock,name_unique
49427F108,KRC,KILROY REALTY CORP COM,REIT,name_unique
49803T102,KRG,KITE REALTY GROUP TRUST,COMMON STOCK,name_unique
49803T300,KRG,KITE REALTY GROUP TRUST COM NEW,REIT,name_unique
759910102,KRMD,KORU MEDICAL SYSTEMS INC,COMMON STOCK,name_unique
50105F105,KRO,KRONOS WORLDWIDE INC COM,Stock,name_unique
492327101,KROS,KEROS THERAPEUTICS INC COM,Stock,name_unique
500946108,KRRO,KORRO BIO INC,COMMON STOCK,name_unique
48563L101,KRT,KARAT PACKAGING INC,COM,name_unique
501270102,KRUS,KURA SUSHI USA INC,CL A COM,name_unique
501147102,KRYS,KRYSTAL BIOTECH INC COM,Stock,name_unique
501147902,KRYS,KRYSTAL BIOTECH INC,Com,name_unique
49907V201,KSCP,KNIGHTSCOPE INC CLASS A,Equity,name_unique
500255104,KSS,KOHLS CORP,COM,name_unique
48268K101,KT,KT CORP SPONSORED ADR,ADR,name_unique
50050N103,KTB,KONTOOR BRANDS INC,COM,name_unique
50111T107,KTB,KONTOOR BRANDS INC,COM,name_unique
493144109,KTCC,KEY TRONIC CORP,COM,name_unique
70261F111,KTTA,PASITHEA THERAPEUTICS CORP,*W EXP 08/12/202,name_unique
70261F202,KTTA,PASITHEA THERAPEUTICS CORP,COM NEW,name_unique
50127T109,KURA,KURA ONCOLOGY INC COM,Stock,name_unique
25382T507,KUST,KUSTOM ENTERTAINMENT INC,COM NEW,name_unique
25382T606,KUST,KUSTOM ENTERTAINMENT INC,COM,name_unique
49177J102,KVUE,KENVUE INC COM,Stock,name_unique
G5331N101,KYIV,KYIVSTAR GROUP LTD,ORD SHS,name_unique
G5331N119,KYIV,KYIVSTAR GROUP LTD,*W EXP 08/14/203,name_unique
501575104,KYMR,KYMERA THERAPEUTICS INC,COM,name_unique
31572Q881,KYNB,KYNTRA BIO INC,COM NEW,name_unique
501976104,KYTX,KYVERNA THERAPEUTICS INC,COMMON STOCK,name_unique
540424108,L,LOEWS CORP COM,Stock,name_unique
540424207,L,LOEWS CORP,COMMON STOCK,name_unique
34385P108,LAB,STANDARD BIOTOOLS INC,COM,name_unique
53680Q207,LAC,LITHIUM AMERICAS CORP COM,COM,name_unique
53681J954,LAC,LITHIUM AMERICAS CORP,EQUITY,name_unique
G79483106,LAES,SEALSQ CORP,CMN,name_unique
512815101,LAMR,LAMAR ADVERTISING,COMMON STOCK,name_unique
512816109,LAMR,LAMAR ADVERTISING CO CL A,REIT,name_unique
376549101,LAND,GLADSTONE LAND CORP,REIT,name_unique
H5012F103,LAR,LITHIUM ARGENTINA AG,COM SHS,name_unique
51504L107,LARK,LANDMARK BANCORP INC,COMMON STOCK,name_unique
51807Q100,LASE,LASER PHOTONICS CORP,COM,name_unique
65487K100,LASR,NLIGHT INC,COM,name_unique
126327105,LAW,CS DISCO INC,COM,name_unique
77106A108,LAWR,ROBOT CONSULTING CO LTD,SPONSORED ADS,name_unique
52110M109,LAZ,LAZARD INC,COM,name_unique
G54050102,LAZ,LAZARD LTD-CL A,COM,name_unique
514952100,LB,LANDBRIDGE COMPANY LLC,CL A,name_unique
53115L104,LBRT,LIBERTY ENERGY INC,COM CL A,name_unique
50180M108,LBRX,LB PHARMACEUTICALS INC,COMMON STOCK,name_unique
G5480U104,LBTYA,LIBERTY GLOBAL PLC,SHS CL A,name_ambiguous_class_suffix
G61188101,LBTYA,LIBERTY GLOBAL LTD,COM CL A,name_ambiguous_class_suffix
G61188119,LBTYB,LIBERTY GLOBAL LTD,COM CL B,name_ambiguous_class_suffix
G5353S103,LCCC,LAKESHORE ACQUISITION III CO,USD ORD SHS,name_unique
Q56120134,LCFY,LOCAFY LIMITED,SHS NEW,name_unique
Q56120142,LCFY,LOCAFY LIMITED,*W EXP 03/29/202,name_unique
549498103,LCID,Lucid Group Inc,COM,name_unique
549498202,LCID,LUCID GROUP INC COM NEW,Stock,name_unique
501812AB7,LCII,LCI INDUSTRIES,COM,name_unique
50181P100,LCNB,LCNB CORP,COM,name_unique
53222Q103,LCUT,Lifetime Brands Inc,COM,name_unique
53946R106,LDI,LOANDEPOT INC,COM CL A,name_unique
525327102,LDOS,LEIDOS HOLDINGS INC COM,Stock,name_unique
51509F105,LE,LANDS  END INC,COMMON STOCK,name_unique
521865105,LEA,LEAR CORP COM,COM,name_unique
521865204,LEA,LEAR CORP COM NEW,Stock,name_unique
816645204,LEDS,SEMILEDS CORP,COM NEW,name_unique
523768109,LEE,Lee Enterprises Inc,COM,name_unique
523768406,LEE,LEE ENTERPRISES INC,COM,name_unique
52472M101,LEGH,LEGACY HOUSING CORP,COMMON STOCK,name_unique
526057104,LEN,LENNAR CORP CL A,Stock,override
526057302,LEN-B,LENNAR CORP CL B,Stock,override
52635N103,LENZ,LENZ THERAPEUTICS INC,COM,name_unique
527064208,LESL,LESLIES INC,CMN,name_unique
15638E109,LEU,CENTRUS ENERGY CORP CLASS A,COM,name_unique
15643U104,LEU,CENTRUS ENERGY CORP,CL A,name_unique
52736R102,LEVI,LEVI STRAUSS & CO NEW CL A COM STK,Stock,name_unique
52886N406,LEXX,Lexaria Bioscience Corp Com New,Common Stock,name_unique
53216B104,LFMD,LIFEMD INC,COM,name_unique
53228F101,LFST,LIFESTANCE HEALTH GROUP INC,COM,name_unique
55025L108,LFT,LUMENT FINANCE TRUST INC,COM,name_unique
53222K205,LFVN,LIFEVANTAGE CORP,COMMON STOCK,name_unique
M8216Q309,LFWD,LIFEWARD LTD,SHS,name_unique
G57037114,LGCL,LUCAS GC LTD,CL A NEW,name_unique
50187T106,LGIH,LGI HOMES INC COM,Stock,name_unique
52476L109,LGN,LEGENCE CORP,CL A,name_unique
53220K504,LGND,LIGAND PHARMACEUTICALS INC,COM NEW,name_unique
517097101,LGO,LARGO INC,COM,name_unique
54303L203,LGVN,LONGEVERON INC,CL A NEW,name_unique
008183113,LIDR,AEYE INC,*W EXP 09/30/202,name_unique
008183204,LIDR,AEYE INC,CL A NEW,name_unique
828174102,LIEN,CHICAGO ATLANTIC BDC INC,COM,name_unique
532206109,LIF,LIFE360 INC,COM,name_unique
G9001E102,LILA,LIBERTY LATIN AMERICA LTD,COM CL A,name_ambiguous_class_suffix
53271X108,LIMN,LIMINATUS PHARMA INC.,CMN,name_unique
000S9YS76,LIN,LINDE PLC,COM,name_unique
53223L109,LIN,LINDE PLC,Common stock,name_unique
G5494J103,LIN,Linde PLC,COM,name_unique
SBNZHB812,LIN,LINDE PLC,EQUITY,name_unique
SBQWND435,LIN,LINDE PLC,EQUITY,name_unique
53566V106,LINE,LINEAGE INC COM,REIT,name_unique
536020100,LINE,"Lineage, Inc.",COM,name_unique
53626N102,LION,LIONSGATE STUDIOS CORP COM,Stock,name_unique
55279B301,LITS,LITE STRATEGY INC,COM,name_unique
538142308,LIVE,LIVE VENTURES INC,COM NEW,name_unique
G5509L101,LIVN,LIVANOVA PLC,SHS,name_unique
501889208,LKQ,LKQ CORP COM,Stock,name_unique
532457108,LLY,ELI LILLY & CO COM,Stock,name_unique
525558201,LMAT,LEMAITRE VASCULAR INC,COM,name_unique
52567D107,LMND,LEMONADE INC,COM,name_unique
532746104,LMNR,LIMONEIRA CO,COMMON STOCK,name_unique
539830109,LMT,LOCKHEED MARTIN CORP COM,Stock,name_unique
29350E203,LNAI,LUNAI BIOWORKS INC,COM SHS,name_unique
29350E302,LNAI,LUNAI BIOWORKS INC,COM SHS,name_unique
016411R20,LNG,Cheniere Energy Ord Shs,COM,name_unique
16411R208,LNG,CHENIERE ENERGY INC COM NEW,Stock,name_unique
16411RAK5,LNG,CHENIERE ENERGY,BCO,name_unique
535555106,LNN,LINDSAY CORP,COMMON STOCK,name_unique
52634L108,LNSR,LENSAR INC,COM,name_unique
018802108,LNT,ALLIANT ENERGY CORP COM,Stock,name_unique
51655R200,LNZA,LANZATECH GLOBAL INC,CMN,name_unique
53803X105,LOB,LIVE OAK BANCSHARES INC,COMMON STOCK,name_unique
G00350119,LOBO,LOBO TECHNOLOGIES LTD,ORD SHS CL A,name_unique
268603107,LOCO,EL POLLO LOCO HOLDINGS INC,COMMON STOCK,name_unique
04746L203,LONA,LeonaBio Inc,COM,name_unique
54738L109,LOVE,LOVESAC CO/THE,COMMON STOCK,name_unique
42222G108,LOW,Lowes Companies Inc,LOW,name_unique
G5S86M100,LPAA,LAUNCH ONE ACQUISITION CORP,SHS CLASS A,name_unique
G5S86M118,LPAA,LAUNCH ONE ACQUISITION CORP,TRUS,name_unique
G5S86M126,LPAA,LAUNCH ONE ACQUISITION CORP,*W EXP 06/01/203,name_unique
G5S87A105,LPBB,LAUNCH TWO ACQUISITION CORP.,ORD SHS CL A,name_unique
G5S87A113,LPBB,LAUNCH TWO ACQUISITION CORP.,*W EXP 10/09/202,name_unique
53630X203,LPCN,LIPOCINE INC NEW,COM NEW,name_unique
Y2106R110,LPG,DORIAN LPG LTD,SHS USD,name_unique
52012V100,LPLA,LPL Financial Holdings Inc.,Common,name_unique
53635D202,LQDA,LIQUIDIA CORPORATION COM NEW,Stock,name_unique
53635D203,LQDA,LIQUIDIA CORPORATION,COM NEW,name_unique
512807108,LRCX,Lam Research Corp,COM,name_unique
512807306,LRCX,LAM RESEARCH CORP,COM NEW,name_unique
50172T301,LRHC,LA ROSA HOLDINGS CORP,COM PAR,name_unique
517125100,LRMR,LARIMAR THERAPEUTICS INC,COM,name_unique
86333M108,LRN,STRIDE INC COM,Stock,name_unique
64107N206,LSAK,LESAKA TECHNOLOGIES INC,CMN,name_unique
518415104,LSCC,LATTICE SEMICONDUCTOR CORP COM,Stock,name_unique
53229C107,LSPD,Lightspeed Commerce Inc,COM,name_unique
53229C958,LSPD,LIGHTSPEED COMMERCE INC,EQUITY,name_unique
128058302,LSTA,LISATA THERAPEUTICS INC,COM,name_unique
53224K104,LTBR,LIGHTBRIDGE CORP,COMMON STOCK,name_unique
53224K302,LTBR,LIGHTBRIDGE CORP,COMMON STOCK,name_unique
53190C102,LTH,LIFE TIME GROUP HOLDINGS INC COMMON STOCK,Stock,name_unique
53226Q108,LTH,LIFE TIME GROUP HOLDINGS INC,COM,name_unique
51654W101,LTRN,LANTERN PHARMA INC,COM,name_unique
516548203,LTRX,LANTRONIX INC,COMMON STOCK,name_unique
516548997,LTRX,LANTRONIX INC,COMMON STOCK,name_unique
54948X109,LUCD,LUCID DIAGNOSTICS INC,COM,name_unique
45791D117,LUCY,INNOVATIVE EYEWEAR INC,*W EXP 08/16/202,name_unique
45791D208,LUCY,INNOVATIVE EYEWEAR INC,COM NEW,name_unique
550021109,LULU,LULULEMON ATHLETICA INC COM,Stock,name_unique
156700106,LUMN,LUMEN TECHNOLOGIES INC,COM,name_unique
550241103,LUMN,LUMEN TECHNOLOGIES INC,COM,name_unique
550277107,LUMN,LUMEN TECHNOLOGIES INC,COM,name_unique
745848101,LUNG,PULMONX CORP,COM,name_unique
46125A100,LUNR,INTUITIVE MACHINES INC,CLASS A COM,name_unique
55003A207,LVLU,LULUS FASHION LOUNGE HOLDING,COM NEW,name_unique
53814X300,LVO,LIVEONE INC,COM NEW,name_unique
517834107,LVS,LAS VEGAS SANDS CORP COM,Stock,name_unique
53838J105,LVWR,LIVEWIRE GROUP INC,COMMON STOCK,name_unique
G5490M100,LWAC,LIGHTWAVE ACQUISITION CORP,USD CL A ORD SHS,name_unique
G5490M126,LWAC,LIGHTWAVE ACQUISITION CORP,*W EXP 06/06/203,name_unique
531914109,LWAY,LIFEWAY FOODS INC,COMMON STOCK,name_unique
532275104,LWLG,LIGHTWAVE LOGIC INC,COM,name_unique
52886X107,LXEO,LEXEO THERAPEUTICS INC,COMMON STOCK,name_unique
G5698W116,LXFR,LUXFER HOLDINGS PLC,COMMON STOCK,name_unique
529043309,LXP,LXP INDUSTRIAL TRUST,PREF CONV,name_unique
529043408,LXP,LXP INDUSTRIAL TRUST,COM,name_unique
528872302,LXRX,LEXICON PHARMACEUTICALS INC,COMMON STOCK,name_unique
502160104,LXU,LSB INDUSTRIES INC,COMMON STOCK,name_unique
55083R104,LYEL,"Lyell Immunopharma, Inc.",COM,name_unique
55083R203,LYEL,LYELL IMMUNOPHARMA INC COM NEW,Stock,name_unique
55087P104,LYFT,LYFT INC,CL A COM,name_unique
50216C108,LYTS,LSI INDUSTRIES INC,COMMON STOCK,name_unique
538034109,LYV,LIVE NATION ENTERTAINMENT INC COM,Stock,name_unique
52466B103,LZ,LEGALZOOM COM INC,COM,name_unique
505336107,LZB,LA Z BOY INC,COM,name_unique
G5568L117,LZM,LIFEZONE METALS LIMITED,*W EXP 07/05/202,name_unique
55616P104,M,MACYS INC COM,Stock,name_unique
57636Q104,MA,MASTERCARD INCORPORATED,CL A,name_unique
G4453R115,MAAS,MAASE INC.,CMN,name_unique
554382101,MAC,MACERICH CO,COM,name_unique
55939A107,MAGN,MAGNERA CORP,COMMON STOCK,name_unique
56146T103,MAMA,MAMAS CREATIONS INC COM,Stock,name_unique
G6053R106,MAMK,MAXSMAKING INC,SHS CL A,name_unique
57628N101,MAMO,MASSIMO GROUP,COM,name_unique
562750109,MANH,MANHATTAN ASSOCIATES INC,COM,name_unique
92971A109,MAPS,WM TECHNOLOGY INC,COM                        *D*,name_unique
92971A117,MAPS,WM TECHNOLOGY INC,*W EXP 06/16/202,name_unique
565788106,MARA,MARA HOLDINGS INC COM,Stock,name_unique
G8849D128,MASK,3 E NETWORK TECHNOLOGY GROUP,SHS NEW CL A,name_unique
65443P102,MASS,908 DEVICES INC COM,Stock,name_unique
808541106,MATV,MATIV HOLDINGS INC,COMMON STOCK,name_unique
57686G105,MATX,MATSON INC COM,Stock,name_unique
58450V104,MAX,MEDIAALPHA INC,CL A,name_unique
578473100,MAYS,MAYS J W INC,COM,name_unique
578784100,MAZE,MAZE THERAPEUTICS INC COM,Stock,name_unique
G6001H101,MB,MASTERBEEF GROUP,SHS,name_unique
57638P104,MBC,MASTERBRAND INC,COMMON STOCK,name_unique
55262C100,MBI,MBIA INC,COMMON STOCK,name_unique
62818Q302,MBIO,MUSTANG BIO INC,COM,name_unique
60741F104,MBLY,MOBILEYE GLOBAL INC,COMMON CLASS A,name_unique
60855D408,MBRX,MOLECULIN BIOTECH INC,COM,name_unique
587376104,MBWM,MERCANTILE BANK CORP,COMMON STOCK,name_unique
55287L101,MBX,MBX BIOSCIENCES INC COM,Stock,name_unique
60786M105,MC,MOELIS & CO,CL A,name_unique
591774104,MCB,METROPOLITAN BANK HOLDING CO,COMMON STOCK,name_unique
59165J105,MCBS,METROCITY BANKSHARES INC,COMMON STOCK,name_unique
580135101,MCD,MCDONALDS CORP COM,Stock,name_unique
G98659116,MCGA,YORKVILLE ACQUISITION CORP.,SHS CL A,name_unique
G98659124,MCGA,YORKVILLE ACQUISITION CORP.,*W EXP 06/06/203,name_unique
595017104,MCHP,MICROCHIP TECHNOLOGY INC. COM,Stock,name_unique
595017302,MCHP,MICROCHIP TECHNOLOGY INC.,DEP SHS REPSTG,name_unique
595017BG8,MCHP,MICROCHIP TECHNOLOGY INC,FIXED INCOME,name_unique
56624R108,MCHX,MARCHEX INC,CMN,name_unique
581557103,MCK,MCKESSON CORP,COM,name_unique
58155Q103,MCK,MCKESSON CORP COM,Stock,name_unique
81750R201,MCRB,SERES THERAPEUTICS INC,CMN,name_unique
609027107,MCRI,MONARCH CASINO & RESORT INC,COM,name_unique
566330106,MCS,MARCUS CORPORATION,COMMON STOCK,name_unique
58502B106,MD,PEDIATRIX MEDICAL GROUP INC,COM,name_unique
705324101,MD,PEDIATRIX MEDICAL GROUP INC,COMMON STOCK,name_unique
84757T105,MDAI,SPECTRAL AI INC,COM CL A,name_unique
60937P106,MDB,MONGODB INC CL A,Stock,name_unique
58471K111,MDCX,MEDICUS PHARMA LTD,*W EXP 11/15/202,name_unique
58471K202,MDCX,MEDICUS PHARMA LTD,COM,name_unique
558868105,MDGL,MADRIGAL PHARMACEUTICALS INC COM,Stock,name_unique
58403P402,MDRR,MEDALIST DIVERSIFIED INC,COM,name_unique
00BTN1Y11,MDT,MEDTRONIC PLC,COM,name_unique
585055106,MDT,Medtronic Inc,Equity,name_unique
BTN1Y11US,MDT,Medtronic,MDT,name_unique
M68830112,MDWD,MEDIWOUND LTD,COMMON STOCK,name_unique
602496101,MDXG,MIMEDX GROUP INC,COM,name_unique
B5950S113,MDXH,MDXHEALTH SA,SHS NEW,name_unique
578605107,MEC,MAYVILLE ENGINEERING CO INC,COMMON STOCK,name_unique
58470H101,MED,MEDIFAST INC COM,Stock,name_unique
G5865E121,MEGL,MAGIC EMPIRE GLOBAL LTD,SHS NEW CL A,name_unique
591520200,MEI,METHODE ELECTRONICS INC,COMMON STOCK,name_unique
58733R102,MELI,MERCADOLIBRE INC,COM,name_unique
58733RAG7,MELI,MERCADOLIBRE INC,COM,name_unique
59151K108,MEOH,METHANEX CORP COM,Stock,name_unique
59151K959,MEOH,METHANEX CORP,EQUITY,name_unique
59156R108,MET,METLIFE INC COM,Stock,name_unique
59156R504,MET,METLIFE INC,Common Stock,name_unique
03030M102,META,META PLATFORMS INC,CL A,name_unique
30303M102,META,META PLATFORMS INC,CL A,name_unique
75134P303,METCB,Ramaco Resources Inc,COM CL B,name_ambiguous_class_suffix
002492519,MFC,Manulife Financial Corp,Common Stock - Foreign,name_unique
56501R957,MFC,MANULIFE FINANCIAL CORP,EQUITY,name_unique
006591014,MFG,Mizuho Financial Group Inc,Common Stock - Foreign,name_unique
60687Y109,MFG,MIZUHO FINANCIAL GROUP INC SPONSORED ADR,ADR,name_unique
583928106,MFIN,MEDALLION FINANCIAL CORP,COMMON STOCK,name_unique
60649T107,MG,MISTRAS GROUP INC,COMMON STOCK,name_unique
002554475,MGA,Magna International Inc,Common Stock - Foreign,name_unique
559222955,MGA,MAGNA INTERNATIONAL INC,EQUITY,name_unique
55277P104,MGEE,MGE ENERGY INC,COM,name_unique
552953101,MGM,MGM RESORTS INTERNATIONAL,COM,name_unique
55955D100,MGNI,MAGNITE INC COM,Stock,name_unique
556099109,MGNX,MACROGENICS INC,COM,name_unique
55303J106,MGPI,MGP INGREDIENTS INC NEW,COM,name_unique
580589109,MGRC,MCGRATH RENTCORP,COM,name_unique
G6005A102,MGRT,MEGA FORTUNE CO LTD,USD ORD SHS,name_unique
56270V205,MGRX,MANGOCEUTICALS INC,CMN,name_unique
G59665102,MGTX,MEIRAGTX HOLDINGS PLC,COMMON STOCK,name_unique
59102M104,MGX,METAGENOMI THERAPEUTICS INC,COM,name_unique
559663109,MGY,MAGNOLIA OIL & GAS CORP,CL A,name_unique
55977T109,MGYR,MAGYAR BANCORP INC COM,Stock,name_unique
55977T208,MGYR,MAGYAR BANCORP INC,COM,name_unique
580907103,MH,MCGRAW HILL INC,COM,name_unique
55305B101,MHO,M/I HOMES INC,COM,name_unique
596278101,MIDD,MIDDLEBY CORP,COM,name_unique
596278119,MIDD,MIDDLEBY CORP,COM SHS,name_unique
602566309,MIND,MIND TECHNOLOGY INC,COM NEW,name_unique
60471A101,MIR,MIRION TECHNOLOGIES INC,COM CL A,name_unique
60458C104,MIRA,MIRA PHARMACEUTICALS INC,COM,name_unique
604749101,MIRM,MIRUM PHARMACEUTICALS INC,COM,name_unique
59935V107,MIST,Milestone Pharmaceuticals Inc,COM,name_unique
G6209W124,MKDW,MKDWELL TECH INC,ORD SHS NEW,name_unique
570535104,MKL,MARKEL GROUP INC COM,Stock,name_unique
55306N104,MKSI,MKS INC. COM,Stock,name_unique
55306NAB0,MKSI,MKS INC,CV BND,name_unique
57064P206,MKTW,MARKETWISE INC,COMMON STOCK,name_unique
G6223S117,MLEC,MOOLEC SCIENCE SA,*W EXP 01/30/202,name_unique
G6223S125,MLEC,MOOLEC SCIENCE SA,ORDINARY SHARES,name_unique
G6077Y400,MLGO,MICROALGO INC,SHS CL A,name_unique
600544100,MLKN,MILLERKNOLL INC,COM,name_unique
589207100,MLM,MARTIN MARIETTA MATERIALS INC,COM,name_unique
603170101,MLYS,MINERALYS THERAPEUTICS INC,COM,name_unique
604059105,MMM,3M COMPANY,COMMON STOCK,name_unique
88579Y101,MMM,3M CO COM,Stock,name_unique
577933104,MMS,MAXIMUS INC,COM,name_unique
56400P201,MNKD,MANNKIND CORP,COM,name_unique
56400P706,MNKD,MANNKIND CORP COM NEW,Stock,name_unique
58468P206,MNOV,MEDICINOVA INC,COM NEW,name_unique
61023L207,MNPR,MONOPAR THERAPEUTICS INC,COMMON STOCK,name_unique
610236101,MNRO,MONRO INC,COMMON STOCK,name_unique
56064Y100,MNSB,MAINSTREET BANCSHARES INC,COMMON STOCK,name_unique
61174X109,MNST,MONSTER BEVERAGE CORP NEW COM,Stock,name_unique
61175W101,MNST,MONSTER BEVERAGE CORP,COM,name_unique
61218C103,MNTK,MONTAUK RENEWABLES INC,COMMON STOCK,name_unique
55318A108,MNTN,MNTN INC,CL A,name_unique
60879E408,MNTS,MOMENTUS INC,COM CL A,name_unique
G6202B119,MNY,MONEYHERO LIMITED,*W EXP 09/13/202,name_unique
022095103,MO,ALTRIA GROUP INC,COM,name_unique
02209S103,MO,ALTRIA GROUP INC COM,Stock,name_unique
02209SBD4,MO,"ALTRIA GROUP, INC",BCO,name_unique
60742B110,MOB,MOBILICOM LTD,*W EXP 08/31/202,name_unique
Q6297L120,MOB,MOBILICOM LTD,ORD SHS NEW,name_unique
60743G100,MOBX,MOBIX LABS INC,COM CL A,name_unique
60743G118,MOBX,MOBIX LABS INC,*W EXP 12/21/202,name_unique
60743G209,MOBX,MOBIX LABS INC,COM CL A NEW               *A*,name_unique
60785L306,MODD,"Modular Medical, Inc.",COM,name_unique
615394202,MOG-A,MOOG INC CL A,Stock,name_ambiguous_class_suffix
615394301,MOG-B,MOOG INC,CL B,name_ambiguous_class_suffix
60855R100,MOH,MOLINA HEALTHCARE INC,COM,name_unique
617700109,MORN,MORNINGSTAR INC COM,Stock,name_unique
61945A107,MOS,MOSAIC CO,COMMON STOCK,name_unique
61945C103,MOS,MOSAIC CO COM,Stock,name_unique
624580106,MOV,MOVADO GROUP INC COM,Stock,name_unique
62459M305,MOVE,CORVEX INC,COM NEW,name_unique
59540G107,MPB,MID PENN BANCORP INC,COMMON STOCK,name_unique
56585AAS1,MPC,MARATHON PETROLEUM CORP,COM,name_unique
58463J304,MPT,MEDICAL PROPERTIES TRUST INC COM,REIT,name_unique
57142B104,MQ,MARQETA INC,CLASS A COM,name_unique
30041T104,MRAM,EVERSPIN TECHNOLOGIES INC,COMMON STOCK,name_unique
589331105,MRK,Merck & Co Inc Com,COM,name_unique
589331107,MRK,Merck & Co Inc,COM,name_unique
58933Y105,MRK,MERCK & CO INC COM,Stock,name_unique
58933Y108,MRK,Merck & Co.,COM,name_unique
57055L206,MRKR,MARKER THERAPEUTICS INC,COM NEW,name_unique
590106100,MRLN,MERLIN INC,COM,name_unique
60770K107,MRNA,MODERNA INC,COM,name_unique
60052N102,MRP,MILLROSE PROPERTIES INC,COM CL A,name_unique
573075108,MRTN,MARTEN TRANSPORT LTD,COMMON STOCK,name_unique
573874104,MRVL,MARVELL TECHNOLOGY INC COM,Stock,name_unique
G5876H105,MRVL,Marvell Technology Group,COM,name_unique
00BMT7GT6,MRX,Marex Group plc,COM,name_unique
G5S37H101,MRX,MAREX GROUP PLC,COMMON STOCK,name_unique
G5T40M104,MRX,Marex Group Limited,Equity,name_unique
617446448,MS,MORGAN STANLEY COM NEW,Stock,name_unique
61745P502,MS,MORGAN STANLEY,COMMON STOCK,name_unique
61746BEF9,MS,MORGAN STANLEY,BCO,name_unique
61762V200,MS,MORGAN STANLEY,Common Stock,name_unique
553498106,MSA,MSA SAFETY INC COM,Stock,name_unique
456948108,MSAI,MULTISENSOR AI HOLDINGS INC,COM,name_unique
456948207,MSAI,MULTISENSOR AI HOLDINGS INC,COM,name_unique
597742105,MSBI,MIDLAND STATES BANCORP INC,COMMON STOCK,name_unique
55354G100,MSCI,MSCI INC COM,Stock,name_unique
584918014,MSFT,Microsoft Corp,COM,name_unique
594918104,MSFT,MICROSOFT CORP,COM,name_unique
59491810R,MSFT,MICROSOFT CORP,COMMON STOCK,name_unique
594918404,MSFT,MICROSOFT CORP,COM,name_unique
62011B201,MSGM,MOTORSPORT GAMES INC,CL A NEW,name_unique
G6007A100,MSGY,MASONGLORY LTD,ORD SHS,name_unique
620076109,MSI,MOTOROLA SOLUTIONS INC,COMMON STOCK,name_unique
620076307,MSI,MOTOROLA SOLUTIONS INC COM NEW,Stock,name_unique
80401L803,MSLE,SATELLOS BIOSCIENCE INC,COM,name_unique
560667107,MSS,MAISON SOLUTIONS INC,COM CL A,name_unique
560667305,MSS,MAISON SOLUTIONS INC,CL A COM,name_unique
594972408,MSTR,STRATEGY INC CL A NEW,Stock,name_unique
594972887,MSTR,STRATEGY INC,SERIES A PERP PF,name_unique
594972AS0,MSTR,Strategy Inc,GLOBAL,name_unique
00BYPBS67,MT,ArcelorMittal SA,Common Stock - Foreign,name_unique
G6181K122,MTC,MMTEC INC,SHS NEW,name_unique
57665R106,MTCH,Match Group,COM,name_unique
57667L107,MTCH,MATCH GROUP INC NEW,COM,name_unique
592688105,MTD,METTLER TOLEDO INTERNATIONAL COM,Stock,name_unique
M68057104,MTEK,MARIS TECH LTD,ORDINARY SHARES,name_unique
M68057112,MTEK,MARIS TECH LTD,*W EXP 02/04/202,name_unique
563771203,MTEX,MANNATECH INC,COM NEW,name_unique
59001A102,MTH,MERITAGE HOMES CORP COM,Stock,name_unique
59001ABF8,MTH,MERITAGE HOMES CORP,FIXED INCOME,name_unique
91879Q109,MTN,VAIL RESORTS INC,COM,name_unique
576690101,MTRN,MATERION CORP,COM,name_unique
576853105,MTRX,MATRIX SERVICE CO,COMMON STOCK,name_unique
887399103,MTUS,METALLUS INC,COMMON STOCK,name_unique
64132R503,MTVA,METAVIA INC,COM USD0.001,name_unique
563571405,MTW,MANITOWOC CO INC,COM NEW,name_unique
603158106,MTX,MINERALS TECHNOLOGIES INC COM,Stock,name_unique
576323109,MTZ,MASTEC INC COM,Stock,name_unique
595112103,MU,MICRON TECHNOLOGY INC,COM,name_unique
595112AB9,MU,Micron Technology Inc.,COM,name_unique
006335171,MUFG,Mitsubishi UFJ Financial Group Inc,Common Stock - Foreign,name_unique
606822104,MUFG,MITSUBISHI UFJ FINANCIAL GROUP SPONSORED ADS,ADR,name_unique
J44497105,MUFG,MITSUBISHI UFJ FINANCIAL GROUP INC,FOREIGN,name_unique
O63351716,MUFG,Mitsubishi UFJ Financial Group,COM,name_unique
626717102,MUR,MURPHY OIL CORP COM,Stock,name_unique
626755102,MUSA,MURPHY USA INC COM,Stock,name_unique
58039P305,MUX,MCEWEN INC.,COM NEW,name_unique
553810102,MVBF,MVB FINANCIAL CORP,COMMON STOCK,name_unique
594960304,MVIS,MICROVISION INC DEL,COM NEW,name_unique
594960403,MVIS,MICROVISION INC,COM NEW,name_unique
59516C106,MVST,MICROVAST HOLDINGS INC,COM,name_unique
59516C114,MVST,MICROVAST HOLDINGS INC,*W EXP 07/23/202,name_unique
624758207,MWA,MUELLER WATER PRODUCTS INC,COMMON STOCK,name_unique
55933J203,MX,MAGNACHIP SEMICONDUCTOR CORP,CMN,name_unique
57777K106,MXCT,MAXCYTE INC,COM,name_unique
5777K1061,MXCT,"MaxCyte, Inc.",COM,name_unique
592835102,MXF,Mexico Fund Inc/The,COM,name_unique
57776J100,MXL,MAXLINEAR INC,COM,name_unique
628464109,MYE,MYERS INDUSTRIES INC,COMMON STOCK,name_unique
33751L105,MYFW,FIRST WESTERN FINANCIAL INC,COMMON STOCK,name_unique
62855J104,MYGN,MYRIAD GENETICS INC,COM,name_unique
72815G108,MYPS,PLAYSTUDIOS INC,CLASS A COM,name_unique
72815G116,MYPS,PLAYSTUDIOS INC,*W EXP 99/99/999,name_unique
55405W104,MYRG,MYR GROUP INC,COM,name_unique
62844N406,MYSZ,MY SIZE INC,COM NEW,name_unique
513847103,MZTI,MARZETTI COMPANY,COM,name_unique
62878D100,NABL,N-ABLE INC COMMON STOCK,Stock,name_unique
171077407,NAGE,NIAGEN BIOSCIENCE INC,COM NEW,name_unique
49457M106,NAKA,NAKAMOTO INC,Common Stock,name_unique
49457M205,NAKA,NAKAMOTO INC,COM,name_unique
G63638103,NAMM,NAMIB MINERALS,SHS,name_unique
G65773106,NAT,NORDIC AMERICAN TANKERS LTD,COMMON STOCK,name_unique
63001N106,NATL,NCR ATLEOS CORPORATION,COM SHS,name_unique
63909J108,NAUT,NAUTILUS BIOTECHNOLOGY INC,COM,name_unique
63938C108,NAVI,NAVIENT CORPORATION COM,Stock,name_unique
63945M107,NBBK,NB BANCORP INC,COM,name_unique
N97284108,NBIS,NEBIUS GROUP N.V.,SHS CLASS A,name_unique
64125C109,NBIX,NEUROCRINE BIOSCIENCES INC,COM,name_unique
00BK953M8,NBR,NABORS INDUSTRIES LTD,COM,name_unique
G6359F103,NBR,Nabors Industries,COM,name_unique
G6359F137,NBR,NABORS INDUSTRIES LTD,SHS,name_unique
628778102,NBTB,NBT BANCORP INC COM,Stock,name_unique
629579103,NC,NACCO INDUSTRIES INC CLASS A,COM,name_unique
H5835A109,NCEL,NEWCELX LTD,FOREIGN,name_unique
62886HBW0,NCLH,Norwegian Cruise Line Holdings Ltd,CONV,name_unique
635309206,NCMI,NATIONAL CINEMEDIA INC,COMMON STOCK,name_unique
63947X101,NCNO,NCINO INC,COM,name_unique
64113L111,NCPL,NETCAPITAL INC,*W EXP 07/12/202,name_unique
64113L202,NCPL,NETCAPITAL INC,COM NEW,name_unique
655186500,NCRA,NOCERA INC,COM,name_unique
G48049103,NCT,INTERCONT CAYMAN LTD,ORD SHS CL A,name_unique
G48049111,NCT,INTERCONT CAYMAN LTD,COM,name_unique
88337K401,NCTY,THE9 LTD,SPON ADS,name_unique
631103108,NDAQ,NASDAQ INC COM,Stock,name_unique
65540B105,NDLS,NOODLES & CO,COM CL A,name_unique
65540B303,NDLS,NOODLES & CO,CL A NEW,name_unique
29273B500,NDRA,ENDRA LIFE SCIENCES INC,COM,name_unique
655663102,NDSN,NORDSON CORP,COM,name_unique
655663AA0,NDSN,NORDSON CORP,BCO,name_unique
G65422100,NE,NOBLE CORP,COMMON STOCK,name_unique
G65431135,NE,NOBLE CORP PLC,*W EXP 02/04/202,name_unique
G65431150,NE,NOBLE CORP PLC,*W EXP 02/04/202,name_unique
H5833N103,NE,NOBLE CORP,COMMON STOCK-FO,name_unique
065339F10,NEE,NextEra Energy Ord Shs,COM,name_unique
302571104,NEE,Nextera Energy,Common,name_unique
65339F101,NEE,NEXTERA ENERGY INC COM,Stock,name_unique
65339F119,NEE,NEXTERA ENERGY INC,CMN,name_unique
65339F655,NEE,NEXTERA ENERGY INC,CONV,name_unique
65339F663,NEE,NEXTERA ENERGY INC,CMN,name_unique
G6483G209,NEGG,NEWEGG COMMERCE INC,SHS NEW,name_unique
64049M209,NEO,NEOGENOMICS INC,COM NEW,name_unique
640491106,NEOG,NEOGEN CORP,COM,name_unique
64051M709,NEON,NEONODE INC,CMN,name_unique
640655106,NEOV,NEOVOLTA INC,CMN,name_unique
640655114,NEOV,NEOVOLTA INC,*W EXP 04/01/202,name_unique
640671400,NEPH,NEPHROS INC,COM,name_unique
603380106,NERV,MINERVA NEUROSCIENCES INC COM NEW,Stock,name_unique
603380205,NERV,MINERVA NEUROSCIENCES INC,COM NEW,name_unique
603380206,NERV,MINERVA NEUROSCIENCES INC,COM NEW,name_unique
18915M107,NET,CLOUDFLARE INC CL A COM,Stock,name_unique
651587107,NEU,NEWMARKET CORP COM,Stock,name_unique
64136E102,NEUP,NEUPHORIA THERAPEUTICS INC,COM,name_unique
652526203,NEWT,NEWTEKONE INC,COM NEW,name_unique
65346E204,NEXM,NEXMETALS MINING CORP.,COM NEW,name_unique
65346E208,NEXM,NEXMETALS MINING CORP.,COM NEW,name_unique
89484T104,NEXN,Nexxen International LTD,SPON ADR,name_unique
M8T80P204,NEXN,NEXXEN INTERNATIONAL LTD,COMMON STOCK,name_unique
M61472110,NEXR,NEXERA TECHNOLOGIES LTD,*W EXP 08/26/202,name_unique
M61472151,NEXR,NEXERA TECHNOLOGIES LTD,SHS NEW 2026,name_unique
65342K105,NEXT,NEXTDECADE CORP,COM,name_unique
644393100,NFE,NEW FORTRESS ENERGY INC,COM CL A,name_unique
636180101,NFG,NATIONAL FUEL GAS CO COM,Stock,name_unique
64110L106,NFLX,NETFLIX INC.,COM,name_unique
64082X203,NGEN,NERVGEN PHARMA CORP,COM,name_unique
64135M105,NGNE,NEUROGENE INC,COMMON STOCK,name_unique
63886Q109,NGS,NATURAL GAS SERVICES GROUP,COMMON STOCK,name_unique
45688C107,NGVT,INGEVITY CORP COM,Stock,name_unique
63888P406,NHTC,NATURAL HEALTH TRENDS CORP,COM,name_unique
065473P10,NI,NiSource Ord Shs,COM,name_unique
65473P105,NI,NISOURCE INC COM,Stock,name_unique
65473P600,NI,NISOURCE INC,COMMON STOCK,name_unique
00654E106,NIC,NICOLET BANKSHARES INC,COM,name_unique
65406E102,NIC,NICOLET BANKSHARES INC,COM,name_unique
G63755105,NIQ,NIQ GLOBAL INTELLIGENCE PLC,ORDINARY SHARES,name_unique
G0544E113,NIVF,NEWGENIVF GROUP LIMITED,*W EXP 04/03/202,name_unique
G0544E147,NIVF,NEWGENIVF GROUP LIMITED,SHS NEW CL A,name_unique
75630B113,NIXX,NIXXY INC,*W EXP 07/02/202,name_unique
75630B303,NIXX,NIXXY INC COM NEW,Stock,name_unique
75630B402,NIXX,NIXXY INC,COM NEW,name_unique
654106103,NKE,NIKE INC CL B,Stock,name_unique
640268108,NKTR,NEKTAR THERAPEUTICS,COMMON STOCK,name_unique
640268306,NKTR,NEKTAR THERAPEUTICS,COMMON STOCK,name_unique
65487U108,NKTX,NKARTA INC,COMMON STOCK,name_unique
629156407,NL,NLI HOLDINGS INC,COMMON STOCK,name_unique
035710821,NLY,ANNALY CAPITAL MANAGEMENT,SPI,name_unique
65250K105,NMAX,NEWSMAX INC,COMMON STOCK,name_unique
66979W842,NMG,NOUVEAU MONDE GRAPHITE INC,COM NEW,name_unique
G6375X104,NMP,NMP ACQUISITION CORP,CL A,name_unique
640979100,NMRA,NEUMORA THERAPEUTICS INC.,CMN,name_unique
65158N102,NMRK,NEWMARK GROUP INC,CL A,name_unique
65345N106,NN,NEXTNAV INC,COMMON STOCK,name_unique
65345N114,NN,NEXTNAV INC,*W EXP 99/99/999,name_unique
00BNG8PQ9,NNBR,NN Group NV,Common Stock - Foreign,name_unique
629337106,NNBR,NN INC,COM,name_unique
63010H108,NNE,NANO NUCLEAR ENERGY INC,COM,name_unique
64031N108,NNI,NELNET INC,CL A,name_unique
637417106,NNN,NNN REIT INC COM,REIT,name_unique
G0367B105,NNNN,ANBIO BIOTECHNOLOGY,SHS CL A,name_unique
M70700105,NNOX,NANO X IMAGING LTD,ORD SHS,name_unique
65342T106,NODK,NI HOLDINGS INC,COMMON STOCK,name_unique
12664M103,NOEM,CO2 ENERGY TRANSITION CORP,COM,name_unique
12664M111,NOEM,CO2 ENERGY TRANSITION CORP,*W EXP 08/17/202,name_unique
665531109,NOG,NORTHERN OIL AND GAS INC,COM,name_unique
665531307,NOG,NORTHERN OIL & GAS INC COM,Stock,name_unique
SBQFJGK57,NOMD,NOMAD FOODS LTD,EQUITY,name_unique
62955J103,NOV,NOV INC COM,Stock,name_unique
67000B104,NOVT,NOVANTA INC,COM,name_unique
67000B203,NOVT,NOVANTA INC,CONV PR,name_unique
81762P102,NOW,SERVICENOW INC COM,Stock,name_unique
91762P102,NOW,SERVICENOW INC,COM,name_unique
66661N886,NPB,NORTHPOINTE BANCSHARES INC,COMMON STOCK,name_unique
641288105,NPCE,NEUROPACE INC,COMMON STOCK,name_unique
651718504,NPKI,NPK INTERNATIONAL INC,COMMON STOCK,name_unique
29355X107,NPO,ENPRO INC,COM,name_unique
64107A105,NPWR,NET POWER INC,COMMON STOCK,name_unique
637372202,NRC,NRC HEALTH,COMMON STOCK,name_unique
64082B102,NRDS,NERDWALLET INC CL A,COMMON STOCK,name_unique
64081V109,NRDY,NERDY INC,CL A COM,name_unique
65342V101,NREF,NEXPOINT REAL ESTATE FINANCE,REIT,name_unique
062937750,NRG,NRG Energy Ord Shs,COM,name_unique
629377508,NRG,NRG ENERGY INC COM NEW,Stock,name_unique
29280W109,NRGV,ENERGY VAULT HOLDINGS INC,COMMON STOCK,name_unique
666762109,NRIM,NORTHRIM BANCORP INC,COMMON STOCK,name_unique
67080M103,NRIX,NURIX THERAPEUTICS INC,COMMON STOCK,name_unique
63900P608,NRP,NATURAL RESOURCE PARTNERS LP,CMN,name_unique
M74240108,NRSN,NEUROSENSE THERAPEUTICS LTD,FOREIGN,name_unique
M74240116,NRSN,NEUROSENSE THERAPEUTICS LTD,*W EXP 11/10/202,name_unique
629444118,NRXP,NRX PHARMACEUTICALS INC,*W EXP 05/24/202,name_unique
629444209,NRXP,NRX PHARMACEUTICALS INC,COM NEW,name_unique
45765U103,NSIT,INSIGHT ENTERPRISES INC,COM,name_unique
45578Q107,NSP,INSPERITY INC,COM,name_unique
45778Q107,NSP,INSPERITY INC,COM,name_unique
45779A846,NSPR,INSPIREMD INC,COM,name_unique
6293JP109,NSTS,NSTS BANCORP INC,COM,name_unique
64110D104,NTAP,NETAPP INC COM,Stock,name_unique
G6427C108,NTCL,NETCLASS TECHNOLOGY INC,SHS CL A,name_unique
64111Q104,NTGR,NETGEAR INC,COMMON STOCK,name_unique
45826J105,NTLA,INTELLIA THERAPEUTICS INC,COM,name_unique
67059N108,NTNX,NUTANIX INC CL A,Stock,name_unique
00BDRJLN0,NTR,Nutrien Ltd,Common Stock - Foreign,name_unique
67077M108,NTR,NUTRIEN LTD COM,Stock,name_unique
67077M959,NTR,NUTRIEN LTD,EQUITY,name_unique
632307104,NTRA,NATERA INC COM,Stock,name_unique
67092M125,NTRB,NUTRIBAND INC,*W EXP 99/99/999,name_unique
67092M208,NTRB,NUTRIBAND INC,COM NEW,name_unique
826598609,NTRP,NEXTTRIP INC,COM,name_unique
64119N608,NTSK,NETSKOPE INC CL A,COMMON STOCK,name_unique
64119V303,NTST,NETSTREIT CORP,COM,name_unique
64115A402,NTWK,NETSOL TECHNOLOGIES INC,COM PAR $.001,name_unique
63905A200,NTZ,NATUZZI S P A,SPON ADS,name_unique
SBN6NP198,NU,NU HOLDINGS LTD CLASS A,EQUITY,name_unique
64428N117,NUAI,NEW ERA ENERGY & DIGITAL INC,*W EXP 12/06/202,name_unique
670346105,NUE,NUCOR CORP COM,Stock,name_unique
67018T105,NUS,NU SKIN ENTERPRISES INC,CL A,name_unique
67079U306,NUTX,NUTEX HEALTH INC,COM,name_unique
67080N101,NUVB,NUVATION BIO INC COM CL A,Stock,name_unique
67113Y702,NUWE,NUWELLIS INC,COM NEW,name_unique
67113Y801,NUWE,NUWELLIS INC,COM,name_unique
670002104,NVAX,NOVAVAX INC,COMMON STOCK,name_unique
670002401,NVAX,NOVAVAX INC,COM NEW,name_unique
G6674U108,NVCR,NOVOCURE LTD,ORD SHS,name_unique
67080T108,NVCT,NUVECTIS PHARMA INC,COMMON STOCK,name_unique
67066G104,NVDA,NVIDIA CORPORATION,COM,name_unique
67066G107,NVDA,NVIDIA CORP,Equity,name_unique
629445206,NVEC,NVE CORP COM NEW,Stock,name_unique
006534161,NVMI,Nova Ltd,Common Stock - Foreign,name_unique
653416909,NVMI,NOVA LTD,EQUITY,name_unique
M7516K103,NVMI,NOVA LTD COM,Stock,name_unique
G50716102,NVNI,NVNI GROUP LTD,SHS,name_unique
G50716128,NVNI,NVNI GROUP LIMITED,ORD SHS NEW,name_unique
29415J205,NVNO,ENVVENO MEDICAL CORPORATION,COM,name_unique
00BP6KMJ1,NVO,Novo Nordisk A/S,Common Stock - Foreign,name_unique
670100205,NVO,NOVO-NORDISK A S ADR,ADR,name_unique
670100905,NVO,NOVO-NORDISK A S,ADR,name_unique
K7314N152,NVO,Novo Nordisk A/S ADR,NVO,name_unique
62944T105,NVR,NVR INC COM,Stock,name_unique
29390K102,NVRI,ENVIRI CORP,COM,name_unique
415864107,NVRI,ENVIRI CORP,COM,name_unique
007103065,NVS,Novartis AG,Common Stock - Foreign,name_unique
66987V109,NVS,NOVARTIS AG SPONSORED ADR,ADR,name_unique
H5820Q150,NVS,Novartis AG,FOREIGN,name_unique
29415F104,NVST,ENVISTA HOLDINGS CORPORATION,COM,name_unique
63938E104,NVTS,NAVITAS SEMICONDUCTOR CORP,Small US Val Eq,name_unique
63942X106,NVTS,NAVITAS SEMICONDUCTOR CORP COM,Stock,name_unique
67079Y100,NVVE,NUVVE HOLDING CORP,COMMON STOCK,name_unique
67079Y407,NVVE,NUVVE HOLDING CORP,COM SHS,name_unique
67079Y506,NVVE,Nuvve Holding Corp,COM,name_unique
67010L100,NVX,NOVONIX LIMITED,SPONSORED ADS,name_unique
667340103,NWBI,NORTHWEST BANCSHARES INC COM,Stock,name_unique
668074305,NWE,NORTHWESTERN ENERGY GROUP INC COM NEW,Stock,name_unique
669549107,NWFL,NORWOOD FINANCIAL CORP,COMMON STOCK,name_unique
651229106,NWL,NEWELL BRANDS INC COM,Stock,name_unique
667746101,NWPX,NWPX INFRASTRUCTURE INC,COM,name_unique
65249B208,NWS,NEWS CORP NEW,CL B,override
65249B109,NWSA,NEWS CORP NEW CL A,Stock,override
78577G301,NWTG,NEWTON GOLF COMPANY INC,COM,name_unique
65345M108,NXDR,NEXTDOOR HOLDINGS INC,COM CL A,name_unique
65340P106,NXE,NEXGEN ENERGY LTD COM,Stock,name_unique
65340P957,NXE,NEXGEN ENERGY LTD,EQUITY,name_unique
65344E107,NXGL,NEXGEL INC,COM,name_unique
65344E115,NXGL,NEXGEL INC,*W EXP 12/27/202,name_unique
65345B201,NXL,NEXALIN TECHNOLOGY INC COM,Stock,name_unique
N6596X109,NXPI,NXP SEMICONDUCTORS N V COM,Stock,name_unique
68557F100,NXPL,NEXTPLAT CORP COM NEW,Stock,name_unique
68557F118,NXPL,NEXTPLAT CORP,*W EXP 06/02/202,name_unique
68557F209,NXPL,NEXTPLAT CORP,COM NEW,name_unique
68557F308,NXPL,NEXTPLAT CORP,COM,name_unique
65336K103,NXST,NEXSTAR MEDIA GROUP INC COMMON STOCK,Stock,name_unique
00653E105,NXT,NEXTPOWER INC,CLASS A COM,name_unique
06529E105,NXT,NEXTPOWER INC,CLASS A COM,name_unique
58345P102,NXT,NEXTPOWER INC,CLASS A COM,name_unique
65290E101,NXT,NEXTPOWER INC CLASS A COM,Stock,name_unique
65290E105,NXT,NEXTPOWER INC,CLASS A COM,name_unique
65343E207,NXTC,NEXTCURE INC,COM NEW,name_unique
80512Q501,NXTS,NEXENTIS TECHNOLOGIES INC,COM NEW,name_unique
80512Q600,NXTS,NEXENTIS TECHNOLOGIES INC,COM,name_unique
961884301,NXTT,NEXT TECHNOLOGY HOLDING INC,COM,name_unique
652941105,NXXT,NEXTNRG INC,COM,name_unique
ACI1XQXJ2,NYAX,NAYAX LTD,EQUITY,name_unique
M7S750159,NYAX,NAYAX LTD,SHS,name_unique
756109104,O,REALTY INCOME CORP COM,REIT,name_unique
68218J103,OABI,OMNIAB INC,COMMON STOCK,name_unique
68218J111,OABI,OMNIAB INC,*W EXP 99/99/999,name_unique
68621T102,OBK,ORIGIN BANCORP INC,COMMON STOCK,name_unique
690742101,OC,OWENS CORNING NEW,COM,name_unique
683827208,OCC,OPTICAL CABLE CORP,COM NEW,name_unique
G6796W123,OCG,ORIENTAL CULTURE HOLDING LTD,ORD SHS NEW,name_unique
G6796W131,OCG,ORIENTAL CULTURE HOLDING LTD,ORD SHS NEW,name_unique
67577C105,OCGN,OCUGEN INC,COMMON STOCK,name_unique
H5870P102,OCS,OCULIS HOLDING AG,CMN,name_unique
H5870P110,OCS,OCULIS HOLDING AG,*W EXP 03/06/202,name_unique
67576A100,OCUL,OCULAR THERAPEUTIX INC,COM,name_unique
001197490,ODD,ODDITY TECH LTD,COM,name_unique
679580100,ODFL,OLD DOMINION FREIGHT LINE INC COM,Stock,name_unique
81063V204,ODYS,ODYSIGHT AI INC,COM NEW,name_unique
L72967109,OEC,ORION S.A.,COM,name_unique
G6713S106,OFAL,OFA GROUP,USD CL A ORD SHS,name_unique
67103X102,OFG,OFG BANCORP,COM,name_unique
68752M108,OFIX,ORTHOFIX MEDICAL INC,COMMON STOCK,name_unique
682095104,OFLX,OMEGA FLEX INC,COMMON STOCK,name_unique
675222400,OGC,OCEANAGOLD CORP,COM NEW,name_unique
675222996,OGC,OCEANAGOLD CORP,EQUITY,name_unique
670837103,OGE,OGE ENERGY CORP,COM,name_unique
68617J100,OGI,ORGANIGRAM GLOBAL INC,COM,name_unique
68622V106,OGN,ORGANON & CO COMMON STOCK,Stock,name_unique
68235P108,OGS,ONE GAS INC COM,Stock,name_unique
681936BH2,OHI,Omega Healthcare Investors Inc,COM,name_unique
G3R95P108,OIO,OIO GROUP,SHS,name_unique
G3R95P124,OIO,OIO GROUP,ORD SHS,name_unique
068268010,OKE,Oneok Ord Shs,COM,name_unique
682680103,OKE,ONEOK INC NEW,COM,name_unique
02156V109,OKLO,OKLO INC,COM CL A,name_unique
679295105,OKTA,OKTA INC CL A,Stock,name_unique
68277Q105,OKUR,ONKURE THERAPEUTICS INC,COM CL A,name_unique
G6724L116,OKYO,OKYO PHARMA LTD,SHS NEW,name_unique
67086U406,OLB,OLB GROUP INC,COM,name_unique
68062P106,OLMA,OLEMA PHARMACEUTICALS INC,COM,name_unique
680665205,OLN,OLIN CORP,COM PAR $1,name_unique
78418A703,OLOX,OLENOX INDUSTRIES INC,COM NEW,name_unique
78418A802,OLOX,OLENOX INDUSTRIES INC,COM NEW,name_unique
682406103,OLP,ONE LIBERTY PROPERTIES INC,REIT,name_unique
690145107,OM,OUTSET MEDICAL INC,COM,name_unique
681919106,OMC,OMNICOM GROUP INC COM,Stock,name_unique
68213N109,OMCL,OMNICELL COM COM,Stock,name_unique
68170A108,OMDA,OMADA HEALTH INC,COM,name_unique
682143102,OMER,OMEROS CORP,COM,name_unique
G6S38M123,OMH,OHMYHOME LTD,ORD SHS CL A,name_unique
G6755S105,OMSE,OMS   ENERGY     TECHNOLOGIES      INC,ORD       SHS,name_unique
682189105,ON,ON SEMICONDUCTOR CORP COM,Stock,name_unique
G6757R105,ONCH,1RT ACQUISITION CORP.,USD CL A ORD SHS,name_unique
G6757R113,ONCH,1RT ACQUISITION CORP.,*W EXP 06/26/203,name_unique
68237Q302,ONCO,ONCONETIX INC,COM,name_unique
68237Q401,ONCO,ONCONETIX INC,COM,name_unique
682310875,ONCY,ONCOLYTICS BIOTECH INC,COM NEW,name_unique
68237V103,ONCY,ONCOLYTICS BIOTECH INC,COM NEW,name_unique
68236H204,ONDS,ONDAS INC,COM NEW,name_unique
G6826S100,ONEG,ONECONSTRUCTION GROUP LTD,SHS,name_unique
68280L101,ONEW,ONEWATER MARINE INC CL A,COMMON STOCK,name_unique
68277K124,ONFO,ONFOLIO HOLDINGS INC,*W EXP 01/02/202,name_unique
68277K207,ONFO,ONFOLIO HOLDINGS INC,COM NEW,name_unique
675746606,ONIT,ONITY GROUP INC,COMMON STOCK,name_unique
68629Y103,ONL,ORION PROPERTIES INC COM,REIT,name_unique
68270C103,ONMD,Onemednet Corp Cl A,Common Stock,name_unique
683344105,ONTO,ONTO INNOVATION INC COM,Stock,name_unique
683416101,OOMA,OOMA INC,COMMON STOCK,name_unique
67623L307,OPAD,OFFERPAD SOLUTIONS INC,COM CL A,name_unique
67623L505,OPAD,OFFERPAD SOLUTIONS INC,COM CL A,name_unique
67109R109,OPBK,OP BANCORP,COMMON STOCK,name_unique
68404L201,OPCH,OPTION CARE HEALTH INC COM NEW,Stock,name_unique
683712103,OPEN,OPENDOOR TECHNOLOGIES INC,COM,name_unique
68386H103,OPFI,OPPFI INC,COMMON STOCK,name_unique
68375N103,OPK,OPKO HEALTH INC,COM,name_unique
48238T109,OPLN,OPENLANE INC,COM,name_unique
68376D104,OPRT,OPORTUN FINANCIAL CORP,COMMON STOCK,name_unique
68401U204,OPRX,OPTIMIZERX CORP,COM NEW,name_unique
02156K103,OPTU,OPTIMUM COMMUNICATIONS INC,CL A,name_unique
683797104,OPY,OPPENHEIMER HOLDINGS CL A,COMMON STOCK,name_unique
68390D957,OR,OR ROYALTIES INC,EQUITY,name_unique
686688102,ORA,ORMAT TECHNOLOGIES INC,COM,name_unique
22890A302,ORBS,EIGHTCO HOLDINGS INC,COMMON STOCK,name_unique
68389X105,ORCL,ORACLE CORP COM,Stock,name_unique
68389X10R,ORCL,ORACLE CORP,COMMON STOCK,name_unique
68389X204,ORCL,ORACLE CORP,6.5 DEP CUM SR D,name_unique
68621F102,ORGO,ORGANOGENESIS HOLDINGS INC,COMMON STOCK,name_unique
68622P109,ORIC,ORIC PHARMACEUTICALS INC,COM,name_unique
68627G104,ORIO,ORION DIGITAL CORP,CMN,name_unique
687604108,ORKA,ORUKA THERAPEUTICS INC COM,Stock,name_unique
G6781F119,ORKT,ORANGEKLOUD TECHNOLOGY INC,SHS CL A NEW,name_unique
68403P203,ORMP,ORAMED PHARMACEUTICALS INC,COM NEW,name_unique
68628V308,ORN,ORION GROUP HOLDINGS INC,COMMON STOCK,name_unique
680277100,OSBC,OLD SECOND BANCORP INC,COMMON STOCK,name_unique
687793109,OSCR,OSCAR HEALTH INC,CL A,name_unique
023139884,OSG,OCTAVE SPECIALTY GROUP INC,COM NEW,name_unique
671044105,OSIS,OSI SYSTEMS INC,COM,name_unique
688239201,OSK,OSHKOSH CORP COM,Stock,name_unique
68287N100,OSPN,ONESPAN INC,COM,name_unique
68840D102,OSRH,OSR HEALTH INC,COM,name_unique
68840D110,OSRH,OSR HEALTH INC,*W EXP 02/09/202,name_unique
68247W109,OSS,ONE STOP SYSTEMS INC,COMMON STOCK,name_unique
68554V108,OSUR,ORASURE TECHNOLOGIES INC,COMMON STOCK,name_unique
P73684113,OSW,ONESPAWORLD HOLDINGS LIMITED,COM,name_unique
002260824,OTEX,Open Text Corp,Common Stock - Foreign,name_unique
683715106,OTEX,OPEN TEXT CORP COM,Stock,name_unique
683715957,OTEX,OPEN TEXT CORP,EQUITY,name_unique
68902V107,OTIS,OTIS WORLDWIDE CORP COM,Stock,name_unique
69012T305,OTLK,OUTLOOK THERAPEUTICS INC,COM,name_unique
689648103,OTTR,OTTER TAIL CORP,COM,name_unique
68989M101,OUST,OUSTER INC CLASS A,CL A,name_unique
68989M103,OUST,Ouster Inc,COM,name_unique
68989M202,OUST,OUSTER INC COM NEW,Stock,name_unique
69007J106,OUT,OUTFRONT MEDIA INC,COMMON STOCK,name_unique
69007J304,OUT,OUTFRONT MEDIA INC,COM NEW,name_unique
690469101,OVID,OVID THERAPEUTICS INC,COMMON STOCK,name_unique
671807105,OVLY,OAK VALLEY BANCORP,COMMON STOCK,name_unique
69047Q102,OVV,OVINTIV INC,COM,name_unique
69120X206,OWLT,OWLET INC,CL A NEW,name_unique
691497309,OXM,OXFORD INDUSTRIES INC,COMMON STOCK,name_unique
06417N202,OZK,BANK OZK,Pref,name_unique
002669272,PAAS,Pan American Silver Corp,Common Stock - Foreign,name_unique
697900959,PAAS,PAN AMERICAN SILVER CORP,EQUITY,name_unique
G7117W107,PACH,PIONEER ACQUISITION I CORP,CL A ORD SHS,name_unique
G7117W115,PACH,PIONEER ACQUISITION I CORP,*W EXP 06/16/203,name_unique
75321W103,PACK,RANPAK HOLDINGS CORP,COMMON STOCK,name_unique
69380Q107,PACS,PACS GROUP INC,COM SHS,name_unique
G68707101,PAGS,PAGSEGURO DIGITAL LTD,COM CL A,name_unique
71742Q106,PAHC,PHIBRO ANIMAL HEALTH CORP,CL A COM,name_unique
74317M104,PAL,Proficient Auto Logistics Inc,COM,name_unique
696389402,PALI,PALISADE BIO INC,COMMON STOCK,name_unique
693149106,PAMT,PAMT CORP,COMMON STOCK,name_unique
G6891L105,PANL,PANGAEA LOGISTICS SOLUTIONS,COMMON STOCK,name_unique
697435105,PANW,PALO ALTO NETWORKS INC,COM,name_unique
698884103,PAR,PAR TECHNOLOGY CORP DEL,COMMON STOCK,name_unique
702712209,PASG,PASSAGE BIO INC,COM NEW,name_unique
G5880S105,PASW,PING AN BIOMEDICAL CO LTD,USD ORD SHS,name_unique
G5880S113,PASW,PING AN BIOMEDICAL CO LTD,CL A USD ORD SHS,name_unique
90364P105,PATH,UIPATH INC,CL A,name_unique
70387R502,PAVM,PAVMED INC,COM,name_unique
74269M102,PAVM,PAVMED INC,COM,name_unique
G69451105,PAX,PATRIA INVESTMENTS LIMITED,COM CL A,name_unique
70432V102,PAYC,PAYCOM SOFTWARE INC COM,Stock,name_unique
70451X104,PAYO,PAYONEER GLOBAL INC,COM,name_unique
70451A104,PAYS,PAYSIGN INC,COM,name_unique
704323531,PAYX,PAYCHEX INC,Common Stock,name_unique
704326107,PAYX,PAYCHEX INC COM,Stock,name_unique
743606105,PB,PROSPERITY BANCSHARES INC,COM,name_unique
00B4PT2P8,PBA,PEMBINA PIPELINE CORP,Common Stock - Foreign,name_unique
706327103,PBA,PEMBINA PIPELINE CORP COM,Stock,name_unique
706327954,PBA,PEMBINA PIPELINE CORP,EQUITY,name_unique
69318G106,PBF,PBF ENERGY INC,CL A,name_unique
74449F118,PBM,PSYENCE BIOMEDICAL LTD,*W EXP 01/22/202,name_unique
74449F407,PBM,PSYENCE BIOMEDICAL LTD,COM SHS,name_unique
714236106,PBT,PERMIAN BASIN ROYALTY TRUST,COM,name_unique
74587V107,PBYI,PUMA BIOTECHNOLOGY INC,COMMON STOCK,name_unique
G7257A105,PCAP,PROCAP ACQUISITION CORP,SHS CL A,name_unique
G7257A121,PCAP,PROCAP ACQUISITION CORP,*W EXP 05/16/203,name_unique
693718108,PCAR,PACCAR INC COM,Stock,name_unique
69320M109,PCB,PCB BANCORP,COMMON STOCK,name_unique
740163100,PCB,PCB BANCORP COM,Stock,name_unique
69331C108,PCG,PG&E CORP COM,Stock,name_unique
69331C306,PCG,PG&E CORP,CMN,name_unique
74275K108,PCOR,PROCORE TECHNOLOGIES INC COM,Stock,name_unique
695127100,PCRX,PACIRA BIOSCIENCES INC COM,Stock,name_unique
74275C403,PCSA,PROCESSA PHARMACEUTICALS INC,COM SHS,name_unique
74623V103,PCT,PURECYCLE TECHNOLOGIES INC,COM,name_unique
74623V111,PCT,PURECYCLE TECHNOLOGIES INC,*W EXP 03/17/202,name_unique
92243G108,PCVX,VAXCYTE INC COM,Stock,name_unique
92243G109,PCVX,VAXCYTE INC,COM,name_unique
746228303,PCYO,PURE CYCLE CORP,COMMON STOCK,name_unique
69553P100,PD,PAGERDUTY INC COM,Stock,name_unique
74265M205,PDEX,PRO DEX INC,COMMON STOCK,name_unique
693282105,PDFS,PDF SOLUTIONS INC,COMMON STOCK,name_unique
732344106,PDLB,PONCE FINANCIAL GROUP INC,COMMON STOCK,name_unique
720190206,PDM,PIEDMONT REALTY TRUST INC,COM CL A,name_unique
74022D407,PDS,PRECISION DRILLING CORP COM NEW,Stock,name_unique
74022D951,PDS,PRECISION DRILLING CORP,EQUITY,name_unique
70465T107,PDSB,PDS BIOTECHNOLOGY CORP,COM,name_unique
80359A114,PDYN,PALLADYNE AI CORP,*W EXP 09/24/202,name_unique
80359A205,PDYN,PALLADYNE AI CORP,COMMON STOCK,name_unique
709789101,PEBO,PEOPLES BANCORP INC,COM,name_unique
70553Y100,PECO,PHILLIPS EDISON & CO,COM,name_unique
71844V201,PECO,PHILLIPS EDISON & CO INC COMMON STOCK,REIT,name_unique
074457310,PEG,Public Service Enterprise Group Ord Shs,COM,name_unique
705573103,PEGA,PEGASYSTEMS INC COM,Stock,name_unique
70975L107,PEN,PENUMBRA INC COM,Stock,name_unique
706915105,PENG,PENGUIN SOLUTIONS INC COM,Stock,name_unique
707569109,PENN,PENN ENTERTAINMENT INC COM,Stock,name_unique
713448108,PEP,PEPSICO INC COM,Stock,name_unique
71344810R,PEP,PEPSICO INC,COMMON STOCK,name_unique
713317105,PEPG,PEPGEN INC COM,Stock,name_unique
G7006A109,PERF,PERFECT CORP,CL A ORD SHS,name_unique
G7006A117,PERF,PERFECT CORP,*W EXP 10/28/202,name_unique
M78673114,PERI,Perion Network Ltd,COM,name_unique
716382106,PETS,PETMED EXPRESS INC,COM,name_unique
G7173H101,PFAI,PINNACLE FOOD GROUP LTD,SHS CL A,name_unique
717081103,PFE,PFIZER INC COM,Stock,name_unique
71708110R,PFE,PFIZER INC,COMMON STOCK,name_unique
74251V102,PFG,PRINCIPAL FINANCIAL GROUP INC COM,Stock,name_unique
713755106,PFGC,PERFORMANCE FOOD GROUP CO,COM,name_unique
71377A103,PFGC,PERFORMANCE FOOD GROUP CO COM,Stock,name_unique
711040105,PFIS,PEOPLES FINANCIAL SERVICES,COMMON STOCK,name_unique
74319X108,PFSA,PROFUSA INC,COM,name_unique
74319X207,PFSA,PROFUSA INC,COM,name_unique
74319X306,PFSA,Profusa Inc,COM,name_unique
71742W103,PFX,PHENIXFIN CORP,COM,name_unique
741718109,PG,PROCTER & GAMBLE CO,Common Stock,name_unique
742718109,PG,PROCTER & GAMBLE CO COM,Stock,name_unique
G8089R100,PGAC,PANTAGES CAPITAL ACQUISITION,CMN,name_unique
74017N105,PGEN,PRECIGEN INC,COM,name_unique
00743E107,PGNY,PROGYNY INC,COM,name_unique
07434E107,PGNY,PROGYNY INC,COM,name_unique
74340E103,PGNY,PROGYNY INC COM,Stock,name_unique
M7S64L107,PGY,PAGAYA TECHNOLOGIES LTD,*W EXP 99/99/999,name_unique
M7S64L115,PGY,Pagaya Technologies Ltd.,CL A,name_unique
M7S64L123,PGY,PAGAYA TECHNOLOGIES LTD,CL A NEW,name_unique
701094104,PH,PARKER-HANNIFIN CORP COM,Stock,name_unique
71722W107,PHAT,PHATHOM PHARMACEUTICALS INC,COMMON STOCK,name_unique
005986622,PHG,Koninklijke Philips NV,Common Stock - Foreign,name_unique
N7637U112,PHG,Koninklijke Philips NV,COM,name_unique
69344D408,PHI,PLDT INC SPONSORED ADR,ADR,name_unique
71880K101,PHIN,PHINIA INC,COMMON STOCK,name_unique
71880W501,PHIO,PHIO PHARMACEUTICALS CORP,COM NEW,name_unique
G7075R108,PHOE,PHOENIX ASIA HOLDINGS LTD,ORD SHS,name_unique
71944F106,PHR,PHREESIA INC,COM,name_unique
71948P209,PHUN,PHUNWARE INC,COM NEW,name_unique
N69605109,PHVS,PHARVARIS N V,COM,name_unique
453204109,PI,IMPINJ INC,COM,name_unique
731068102,PII,POLARIS INC COM,Stock,name_unique
744413105,PIII,P3 HEALTH PARTNERS INC,COM CL A,name_unique
744413204,PIII,P3 HEALTH PARTNERS INC,COM CL A NEW,name_unique
02083X103,PINE,ALPINE INCOME PROPERTY TRUST,REIT,name_unique
693439200,PINS,PINTEREST INC CLASS A,COM,name_unique
72352L106,PINS,PINTEREST INC CL A,Stock,name_unique
725352L10,PINS,PINTEREST INC,COM,name_unique
724078100,PIPR,PIPER SANDLER COMPANIES,COM,name_unique
724078209,PIPR,PIPER SANDLER COMPANIES,COM NEW,name_unique
69343T107,PJT,PJT PARTNERS INC,COM CL A,name_unique
700517105,PK,PARK HOTELS & RESORTS INC COM,REIT,name_unique
700885106,PKBK,PARKE BANCORP INC,COMMON STOCK,name_unique
70014A104,PKE,PARK AEROSPACE CORP,COM,name_unique
700666100,PKOH,PARK OHIO HOLDINGS CORP,COMMON STOCK,name_unique
23344K102,PL,PLANET LABS PBC,COM,name_unique
72703X106,PL,PLANET LABS PBC,COM CL A,name_unique
72703X114,PL,PLANET LABS PBC,*W EXP 12/06/202,name_unique
719405102,PLAB,PHOTRONICS INC,COM,name_unique
729273102,PLBC,PLUMAS BANCORP,COMMON STOCK,name_unique
G71604105,PLBL,POLIBELI GROUP LTD,CL A ORD SHS,name_unique
72814P109,PLBY,PLAYBOY INC,COM,name_unique
74340W103,PLD,PROLOGIS INC. COM,REIT,name_unique
74340W202,PLD,Prologis Inc,PLDGP,name_unique
743410102,PLD,Prologis,COM,name_unique
G7134A104,PLMK,PLUM ACQUISITION CORP IV,SHS CL A,name_unique
G7134A120,PLMK,PLUM ACQUISITION CORP IV,*W EXP 08/19/202,name_unique
25960R105,PLOW,DOUGLAS DYNAMICS INC,COM,name_unique
729139105,PLRX,PLIANT THERAPEUTICS INC,COM,name_unique
M79549206,PLRZ,Polyrizon Ltd,ORD SHS,name_unique
74587B101,PLSE,PULSE BIOSCIENCES INC,COMMON STOCK,name_unique
72815L107,PLTK,PLAYTIKA HOLDING CORP,COMMON STOCK,name_unique
69608A108,PLTR,PALANTIR TECHNOLOGIES INC CL A,Stock,name_unique
69608A109,PLTR,Palantir Technologies,COM,name_unique
72919P103,PLUG,PLUG POWER INC,COMMON STOCK,name_unique
72942G203,PLUR,PLURI INC,COM NEW,name_unique
294268107,PLUS,EPLUS INC,COM,name_unique
729132100,PLXS,PLEXUS CORP COM,Stock,name_unique
G7200G118,PMAX,POWELL MAX LIMITED,ORD SHS CL A,name_unique
71715X104,PMCB,PHARMACYTE BIOTECH INC,COMMON STOCK,name_unique
71715X203,PMCB,PHARMACYTE BIOTECH INC,COM NEW,name_unique
Y708VV108,PMEC,PRIMECH HOLDINGS LTD.,SHS,name_unique
74346M505,PMN,PROMIS NEUROSCIENCES INC,COM SHS,name_unique
G7010A111,PMTR,PERIMETER ACQUISITION CORP I,*W EXP 05/13/203,name_unique
G7010A129,PMTR,PERIMETER ACQUISITION CORP I,COM CL A,name_unique
12634H200,PMTS,CPI CARD GROUP INC,COMMON STOCK,name_unique
69353Y103,PMVP,PMV PHARMACEUTICALS INC,COM,name_unique
G8221K138,PN,PN SMART ENERGY LTD,CL A ORD SHS,name_unique
709631105,PNR,Pentair Inc,COM,name_unique
H6169Q108,PNR,Pentair Inc,PNR,name_unique
SBLS09M33,PNR,PENTAIR PLC,COM,name_unique
00742E108,PNRG,PRIMEENERGY RESOURCES CORP,COM,name_unique
74158E104,PNRG,PRIMEENERGY RESOURCES CORP,COMMON STOCK,name_unique
74158E108,PNRG,PRIMEENERGY RESOURCES CORP,COM,name_unique
00708E113,PNTG,PENNANT GROUP INC,COM,name_unique
70805E109,PNTG,PENNANT GROUP INC,COM,name_unique
70805E113,PNTG,PENNANT GROUP INC,COM,name_unique
22275C105,PODC,PODCASTONE INC,COM,name_unique
74736M100,PODC,PODCASTONE INC,COM,name_unique
45784L103,PODD,INSULET CORP,COM,name_unique
45784P101,PODD,INSULET CORP COM,Stock,name_unique
73044W302,POET,POET TECHNOLOGIES INC,COM NEW,name_unique
G26745102,POLE,ANDRETTI ACQUISITION CORP II,ORD SHS CL A,name_unique
G26745128,POLE,ANDRETTI ACQUISITION CORP II,*W EXP 06/01/203,name_unique
73278L105,POOL,POOL CORP,COM,name_unique
739276103,POWI,POWER INTEGRATIONS INC COM,Stock,name_unique
00175J107,POWW,OUTDOOR HOLDING CO,COMMON STOCK,name_unique
721467108,PPC,PILGRIMS PRIDE CORP,COMMON STOCK,name_unique
72147K108,PPC,PILGRIMS PRIDE CORP COM,Stock,name_unique
74346N701,PPCB,PROPANC BIOPHARMA INC,COM NEW,name_unique
74346N800,PPCB,PROPANC BIOPHARMA INC,COM NEW,name_unique
693506BK2,PPG,"PPG INDUSTRIES, INC.",Common,name_unique
69351T106,PPL,PPL CORP COM,Stock,name_unique
69351T866,PPL,PPL CORP,CONV,name_unique
709051106,PPL,PPL Corporation,COM,name_unique
714266103,PPTA,PERPETUA RESOURCES CORP,COM,name_unique
71424F105,PR,PERMIAN RESOURCES CORP CLASS A COM,Stock,name_unique
69354N106,PRAA,PRA GROUP INC,COMMON STOCK,name_unique
733245104,PRCH,PORCH GROUP INC,COM,name_unique
74276L105,PRCT,PROCEPT BIOROBOTICS CORP,COM,name_unique
G72245114,PRE,PRENETICS GLOBAL LTD,*W EXP 05/18/202,name_unique
G72245122,PRE,PRENETICS GLOBAL LTD,CMN,name_unique
M77798201,PRFX,PRF TECHNOLOGIES LTD,SHS NEW,name_unique
74319R101,PRG,PROG HOLDINGS INC,COM NPV,name_unique
20731J409,PRHI,PRESURANCE HOLDINGS INC,COM NEW,name_unique
741589105,PRI,PRIMERICA CORP,COMMON STOCK,name_unique
74164M108,PRI,PRIMERICA INC,COM,name_unique
81282V100,PRKS,UNITED PARKS & RESORTS INC,COM,name_unique
743713109,PRLB,PROTO LABS INC,COM,name_unique
74065P101,PRLD,PRELUDE THERAPEUTICS INC,CMN,name_unique
71385M107,PRM,PERIMETER SOLUTIONS INC,COMMON STOCK,name_unique
L7579L106,PRM,PERIMETER SOLUTIONS SA,COMMON STOCK-FO,name_unique
74168J101,PRME,PRIME MEDICINE INC,COM,name_unique
74291D104,PROK,PROKIDNEY CORP,CMN,name_unique
G7S53R104,PROK,ProKidney Corp.,CLASS A ORD SHS,name_unique
74640Y106,PRPL,PURPLE INNOVATION INC,CMN,name_unique
74019L602,PRPO,PRECIPIO INC,COM,name_unique
71360T200,PRSO,PERASO INC,COM,name_unique
74275G107,PRTH,PRIORITY TECHNOLOGY HOLDINGS,COMMON STOCK,name_unique
14427M107,PRTS,CARPARTS COM INC COM,Stock,name_unique
14427M206,PRTS,CARPARTS COM INC,COM,name_unique
74276R102,PRVA,PRIVIA HEALTH GROUP INC,COM,name_unique
M7S13T102,PRZO,PARAZERO TECHNOLOGIES LTD,SHS,name_unique
74460D109,PSA,PUBLIC STORAGE COM,REIT,name_unique
G6964L206,PSFE,PAYSAFE LIMITED,SHS,name_unique
Y67305121,PSHG,PERFORMANCE SHIPPING INC COMMON SHARES,Stock,name_unique
Y67305154,PSHG,PERFORMANCE SHIPPING INC,FOREIGN,name_unique
69932A204,PSKY,PARAMOUNT SKYDANCE CORP,COM CL B,name_unique
741511109,PSMT,PRICESMART INC COM,Stock,name_unique
70202L102,PSN,PARSONS CORP DEL COM,Stock,name_unique
71535D106,PSNL,PERSONALIS INC,COMMON STOCK,name_unique
000677608,PSO,Pearson PLC,Common Stock - Foreign,name_unique
705015105,PSO,PEARSON PLC SPONSORED ADR,ADR,name_unique
693691107,PSQH,PSQ HOLDINGS INC,CL A,name_unique
693691206,PSQH,PSQ Holdings Inc,Equity,name_unique
73757R102,PSTL,POSTAL REALTY TRUST INC,CL A,name_unique
718546104,PSX,PHILLIPS 66 COM,Stock,name_unique
69370C100,PTC,PTC INC COM,Stock,name_unique
69366J200,PTCT,PTC THERAPEUTICS INC,COM,name_unique
703481101,PTEN,PATTERSON-UTI ENERGY INC,COM,name_unique
00744E106,PTGX,PROTAGONIST THERAPEUTICS INC,COM,name_unique
38141G107,PTGX,PROTAGONIST THERAPEUTICS INC,COM,name_unique
74366E102,PTGX,PROTAGONIST THERAPEUTICS INC,COM,name_unique
74366E106,PTGX,PROTAGONIST THERAPEUTICS INC,COM,name_unique
G7377S127,PTLE,PTL LTD,COM CL A,name_unique
73642K106,PTLO,PORTILLOS INC,COM CL A,name_unique
70614W100,PTON,PELOTON INTERACTIVE INC,CL A COM,name_unique
70339W104,PTRN,PATTERN GROUP INC,COM SER A,name_unique
74467Q103,PUBM,PUBMATIC INC CLASS A,COMMON STOCK,name_unique
000709954,PUK,Prudential PLC,Common Stock - Foreign,name_unique
74435K204,PUK,PRUDENTIAL PLC ADR,ADR,name_unique
74584P301,PULM,PULMATRIX INC,COM,name_unique
74347M108,PUMP,PROPETRO HOLDING CORP,COMMON STOCK,name_unique
697947109,PVLA,PALVELLA THERAPEUTICS INC,COMMON STOCK,name_unique
71367G102,PWP,PERELLA WEINBERG PARTNERS,COMMON STOCK,name_unique
72581M404,PXLW,PIXELWORKS INC,COM,name_unique
Y71726130,PXS,PYXIS TANKERS INC,COM NEW,name_unique
M8001Q126,PYPD,POLYPID LTD,COM,name_unique
747324101,PYXS,PYXIS ONCOLOGY INC COMMON STOCK,Stock,name_unique
26740W109,QBTS,D-WAVE QUANTUM INC,COM,name_unique
62856X300,QCLS,Q C Technologies Inc,COM,name_unique
74727A104,QCRH,QCR HOLDINGS INC,COMMON STOCK,name_unique
219798105,QDEL,QUIDELORTHO CORP COM,Stock,name_unique
74838J101,QDEL,QUIDELORTHO CORP,COM,name_unique
74841A105,QETA,Quetta Acquisition Corp Com,Common Stock,name_unique
BV6JKC906,QGEN,QIAGEN N.V.,EQUITY,name_unique
74758T303,QLYS,QUALYS INC COM,Stock,name_unique
22053A107,QNCX,QUINCE THERAPEUTICS INC COM,Stock,name_unique
22053A206,QNCX,QUINCE THERAPEUTICS INC COM,Stock,name_unique
22053A305,QNCX,QUINCE THERAPEUTICS INC COM,Stock,name_unique
74874Q100,QNST,QUINSTREET INC,COM,name_unique
74764Y205,QNTM,QUANTUM BIOPHARMA LTD,CL B SUB VTG SHS,name_unique
747CNT053,QNTM,QUANTUM BIOPHARMA,Common Stock,name_unique
74736K101,QRVO,QORVO INC COM,Stock,name_unique
74767V109,QS,QUANTUMSCAPE CORP COM CL A,Stock,name_unique
G7314B104,QSEA,QUARTZSEA ACQUISITION CORP,ORD SHS,name_unique
74765K105,QSI,QUANTUM SI INC,COM CL A,name_unique
74765K113,QSI,QUANTUM SI INC,*W EXP 06/10/202,name_unique
00BTF8CF0,QSR,Restaurant Brands International Inc,Common Stock - Foreign,name_unique
74766Q101,QTRX,QUANTERIX CORP,COMMON STOCK,name_unique
746964105,QTTB,Q32 BIO INC,Common Stock,name_unique
747301109,QUAD,QUAD GRAPHICS INC,COMMON STOCK,name_unique
74766W108,QUBT,QUANTUM COMPUTING INC,COM,name_unique
74837P405,QUIK,QUICKLOGIC CORP,COMMON STOCK,name_unique
G7387B106,QUMS,QUANTUMSPHERE ACQUISITION CO,ORD SHS,name_unique
82846G405,QXO,QXO INC,COM NEW,name_unique
82846H405,QXO,QXO INC COM NEW,Stock,name_unique
82846H504,QXO,QXO INC,CMN,name_unique
G75751100,RAC,RITHM ACQUISITION CORP,CL A,name_unique
G75751118,RAC,RITHM ACQUISITION CORP,W EXP 99/99/999,name_unique
N3167Y103,RACE,FERRARI N V COM,Stock,name_unique
750940108,RAL,RALLIANT CORP,COM,name_unique
75383L102,RAPP,RAPPORT THERAPEUTICS INC COM,Stock,name_unique
754198109,RAVE,RAVE RESTAURANT GROUP INC,COM,name_unique
00BMWGTH9,RBA,RB Global Inc,Common Stock - Foreign,name_unique
749351107,RBA,RB GLOBAL INC,COM,name_unique
74935Q107,RBA,RB GLOBAL INC COM,Stock,name_unique
74935Q958,RBA,RB GLOBAL INC,EQUITY,name_unique
74930B105,RBB,RBB BANCORP,COMMON STOCK,name_unique
762544104,RBBN,RIBBON COMMUNICATIONS INC,COMMON STOCK,name_unique
75524B104,RBC,RBC BEARINGS INC COM,Stock,name_unique
762093102,RBKB,RHINEBECK BANCORP INC,COMMON STOCK,name_unique
771049103,RBLX,ROBLOX CORP CL A,Stock,name_unique
Y73118104,RBNE,ROBIN ENERGY LTD ORD SHS NEW,Stock,name_unique
Y73118112,RBNE,ROBIN ENERGY LTD,ORD SHS NEW,name_unique
781154109,RBRK,RUBRIK INC.,CL A,name_unique
75574U101,RC,READY CAPITAL CORP,COM,name_unique
75574U838,RC,READY CAPITAL CORP,Pref,name_unique
05380C102,RCEL,AVITA MEDICAL INC,COM,name_unique
775109200,RCI,ROGERS COMMUNICATIONS INC CL B,Stock,name_unique
77313F106,RCKT,ROCKET PHARMACEUTICALS INC,COM,name_unique
77313F114,RCKT,ROCKET PHARMACEUTICALS INC,*W EXP 09/02/202,name_unique
774515100,RCKY,ROCKY BRANDS INC,COMMON STOCK,name_unique
000886286,RCL,ROYAL CARIBBEAN CRUISES LTD,COM,name_unique
LR0008862,RCL,Royal Caribbean Cruises Ltd.,COM,name_unique
749360400,RCMT,RCM TECHNOLOGIES INC,COMMON STOCK,name_unique
G7415M132,RCON,RECON TECHNOLOGY LTD,SHS NEW CL A,name_unique
03969F109,RCUS,ARCUS BIOSCIENCES INC,COM,name_unique
G7576K107,RDAC,RISING DRAGON ACQUISITION CO,SHS,name_unique
G7515A103,RDAG,REPUBLIC DIGITAL ACQUISITION,USD CL A ORD SHS,name_unique
G7515A129,RDAG,REPUBLIC DIGITAL ACQUISITION,W EXP 05/01/203,name_unique
M81865111,RDCM,Radcom Ltd,COM,name_unique
75734B100,RDDT,REDDIT INC CL A,Stock,name_unique
G2124G120,RDGT,RIDGETECH INC,SHS NEW,name_unique
G2124G203,RDGT,RIDGETECH INC,SHS NEW,name_unique
750236101,RDN,RADIAN GROUP INC COM,Stock,name_unique
750491102,RDNT,RADNET INC,COM,name_unique
781386305,RDNW,RIDENOW GROUP INC,COM CL B,name_unique
75704L104,RDVT,RED VIOLET INC,COMMON STOCK,name_unique
75776W103,RDW,REDWIRE CORPORATION,COM,name_unique
M81873107,RDWR,RADWARE LTD,COMMON STOCK,name_unique
00BQ2KJW4,RDY,Dr Reddy's Laboratories Ltd,Common Stock - Foreign,name_unique
G7606H108,RDZN,ROADZEN INC,CMN,name_unique
75618M305,REBN,REBORN COFFEE INC,COM NEW,name_unique
760911107,REFR,RESEARCH FRONTIERS INC,COM,name_unique
75886F107,REGN,REGENERON PHARMACEUTICALS COM,Stock,name_unique
75886F907,REGN,REGENERON PHARMACEUTICALS,COM,name_unique
759419104,REKR,REKOR SYSTEMS INC,COM,name_unique
75960P104,RELY,REMITLY GLOBAL INC,COM,name_unique
76010Y103,RENT,"Rent the Runway, Inc.",COM CL A,name_unique
76010Y202,RENT,RENT THE RUNWAY INC,CL A NEW,name_unique
78637J402,RENX,RENX ENTERPRISES CORP,COM,name_unique
76029N106,REPL,REPLIMUNE GROUP INC,COMMON STOCK,name_unique
749660106,RES,RPC INC,COMMON STOCK,name_unique
G75271133,RETO,RETO ECO SOLUTIONS INC,SHS NEW CL A,name_unique
G75271406,RETO,RETO ECO SOLUTIONS INC,SHS NEW CL A,name_unique
76135L804,REVB,REVELATION BIOSCIENCES INC,COM 2025,name_unique
761624105,REX,REX AMERICAN RESOURCES CORP,COMMON STOCK,name_unique
76118Y104,REZI,RESIDEO TECHNOLOGIES INC COM,Stock,name_unique
7591EP100,RF,REGIONS FINANCIAL CORP NEW COM,Stock,name_unique
G75389109,RFAI,RF ACQUISITION CORP II,SHS,name_unique
75062E106,RFL,Rafael Holdings Inc Class B,COM,name_unique
74955L103,RGCO,RGC RESOURCES INC,COMMON STOCK,name_unique
759916109,RGEN,REPLIGEN CORP COM,Stock,name_unique
780287108,RGLD,ROYAL GOLD INC,COM,name_unique
75901B107,RGNX,REGENXBIO INC,COM,name_unique
76122Q105,RGP,RESOURCES CONNECTION INC,COM,name_unique
864159108,RGR,STURM RUGER & CO INC,COM,name_unique
758932107,RGS,REGIS CORP,COM,name_unique
758932206,RGS,REGIS CORPORATION,COM SHS,name_unique
78081T104,RGT,ROYCE GLOBAL TRUST INC,COM,name_unique
76655K103,RGTI,RIGETTI COMPUTING INC COMMON STOCK,Stock,name_unique
76655K111,RGTI,RIGETTI COMPUTING INC,*W EXP 03/02/202,name_unique
74967X103,RH,RH,COM,name_unique
770323103,RHI,ROBERT HALF INC. COM,Stock,name_unique
G7552W109,RIBB,RIBBON ACQUISITION CORP,ORD SHS CL A,name_unique
74934Q108,RICK,RCI HOSPITALITY HOLDINGS INC,COMMON STOCK,name_unique
893830BW8,RIG,TRANSOCEAN INC,DEB   4.625% 9/3,name_unique
G90073100,RIG,TRANSOCEAN INC,COMMON STOCK,name_unique
G90078109,RIG,"TRANSOCEAN, INC",COMMON STOCK,name_unique
766559603,RIGL,RIGEL PHARMACEUTICALS INC,COMMON STOCK,name_unique
766559702,RIGL,RIGEL PHARMACEUTICALS INC,COMMON STOCK,name_unique
000718875,RIO,Rio Tinto PLC,Common Stock - Foreign,name_unique
006220103,RIO,Rio Tinto Ltd,Common Stock - Foreign,name_unique
767204100,RIO,RIO TINTO PLC SPONSORED ADR,ADR,name_unique
O07188752,RIO,Rio Tinto,COM,name_unique
767292105,RIOT,RIOT PLATFORMS INC,COM,name_unique
64828T201,RITM,RITHM CAPITAL CORP COM NEW,REIT,name_unique
767711105,RITM,RITHM CAPITAL CORP,COM,name_unique
754037103,RJF,RAYMOND JAMES FINANCIAL INC,COM,name_unique
039014204,RKDA,ARCADIA BIOSCIENCES INC COM,Stock,name_unique
039014303,RKDA,ARCADIA BIOSCIENCES INC,COM,name_unique
773121108,RKLB,ROCKET LAB CORP COM,Stock,name_unique
751212101,RL,RALPH LAUREN CORP,CL A,name_unique
75943R102,RLAY,RELAY THERAPEUTICS INC COM,Stock,name_unique
749607107,RLI,RLI CORP COM,Stock,name_unique
75955J402,RLMD,RELMADA THERAPEUTICS INC,COMMON STOCK,name_unique
75120L209,RLYB,RALLYBIO CORP,COM,name_unique
75902K106,RM,REGIONAL MANAGEMENT CORP,COMMON STOCK,name_unique
750917106,RMBS,RAMBUS INC DEL COM,Stock,name_unique
02369M102,RMCO,ROYALTY MANAGEMENT HOLDING CORPORATION,CLASS A COMMON STOCK,name_unique
761152107,RMD,RESMED INC COM,Stock,name_unique
G7410G106,RMSG,REAL MESSENGER CORP.,SHS CL A,name_unique
816212302,RNAC,CARTESIAN THERAPEUTICS INC,COMMON STOCK,name_unique
89357L501,RNAZ,TRANSCODE THERAPEUTICS INC,COM NEW 2025,name_unique
76680R206,RNG,RINGCENTRAL INC,CL A,name_unique
75282U104,RNGR,RANGER ENERGY SERVICES CL A,COMMON STOCK,name_unique
G7498P127,RNR,RENAISSANCERE HOLDINGS LTD,SNP,name_unique
00760E111,RNST,RENASANT CORP,COM,name_unique
07597E111,RNST,RENASANT CORP,COM,name_unique
75970E107,RNST,RENASANT CORP,COM,name_unique
00887A204,RNTX,REIN THERAPEUTICS INC,COM NEW,name_unique
G7500M120,RNW,RENEW ENERGY GLOBAL PLC,*W EXP 08/21/202,name_unique
75989R107,RNXT,RENOVORX INC,COM NEW,name_unique
21044C107,ROAD,CONSTRUCTION PARTNERS INC,COM CL A,name_unique
775133101,ROG,ROGERS CORP COM,Stock,name_unique
773903109,ROK,ROCKWELL AUTOMATION INC COM,Stock,name_unique
77543R102,ROKU,ROKU INC COM CL A,Stock,name_unique
775711104,ROL,ROLLINS INC COM,Stock,name_unique
77664L108,ROOT,ROOT INC,COMMON STOCK,name_unique
776696106,ROP,ROPER TECHNOLOGIES INC COM,Stock,name_unique
778296103,ROST,ROSS STORES INC COM,Stock,name_unique
753422104,RPD,RAPID7 INC COM,Stock,name_unique
75340L104,RPID,RAPID MICRO BIOSYSTEMS INC,CLASS A COM,name_unique
G7709Q104,RPRX,ROYALTY PHARMA PLC,SHS CLASS A,name_unique
765504105,RR,RICHTECH ROBOTICS INC CL B,COMMON STOCK,name_unique
75686R202,RRBI,RED RIVER BANCSHARES INC,COMMON STOCK,name_unique
75700L108,RRR,RED ROCK RESORTS INC,CL A,name_unique
758750103,RRX,REGAL REXNORD CORPORATION,COM,name_unique
75946W405,RS,RELIANCE INC,COM,name_unique
759509102,RS,RELIANCE INC,COM,name_unique
782011100,RSI,RUSH STREET INTERACTIVE INC,COM,name_unique
761025105,RSSS,RESEARCH SOLUTIONS INC,CMN,name_unique
76119X105,RSVR,RESERVOIR MEDIA INC,COMMON STOCK,name_unique
00755E105,RTX,RTX CORPORATION,COM,name_unique
075513105,RTX,RTX CORP,COMMON STOCK,name_unique
59022W596,RTX,RTX CORP,COM,name_unique
75513E101,RTX,RTX CORPORATION COM,Stock,name_unique
75513E105,RTX,RTX CORPORATION,COM,name_unique
75513E109,RTX,RTX CORPORATION,COM,name_unique
75513E113,RTX,RTX CORPORATION,COM,name_unique
Y1250N115,RUBI,RUBICO INC,COM,name_unique
Y1250N123,RUBI,Rubico Inc,COM,name_unique
Y1250N131,RUBI,RUBICO INC,COM NEW,name_unique
78137L105,RUM,RUM GROUP INC COM CL A,Stock,name_unique
78137L113,RUM,RUM GROUP INC,*W EXP 09/16/202,name_unique
86771W105,RUN,SUNRUN INC,COM,name_unique
76156B107,RVLV,REVOLVE GROUP INC,CL A,name_unique
76155X100,RVMD,REVOLUTION MEDICINES INC COM,Stock,name_unique
76155X118,RVMD,REVOLUTION MEDICINES INC,*W EXP 12/17/202,name_unique
769397100,RVSB,RIVERVIEW BANCORP INC,COM,name_unique
M8186D114,RVSN,RAIL VISION LTD,*W EXP 03/27/202,name_unique
M8186D122,RVSN,Rail Vision Ltd,COM,name_unique
M8186D205,RVSN,RAIL VISION LTD,SHS NEW,name_unique
780910105,RVT,ROYCE SMALL CAP TRUST INC,COM,name_unique
714046109,RVTY,REVVITY INC,COM,name_unique
78163D100,RWAY,RUNWAY GROWTH FINANCE CORP,COM,name_unique
758075402,RWT,REDWOOD TRUST INC,COM,name_unique
74982T103,RXO,RXO INC COMMON STOCK,Stock,name_unique
78349D107,RXST,RXSIGHT INC,COM,name_unique
750102105,RXT,RACKSPACE TECHNOLOGY INC,COM,name_unique
002754383,RY,Royal Bank of Canada,Common Stock - Foreign,name_unique
780087953,RY,ROYAL BANK OF CANADA,EQUITY,name_unique
78351F107,RYAN,RYAN SPECIALTY HOLDINGS INC CL A,Stock,name_unique
G7710T105,RYET,RUANYUN EDAI TECHNOLOGY INC,SHS,name_unique
00853E404,RYM,RYTHM INC,COM NEW,name_unique
754907103,RYN,RAYONIER INC COM,REIT,name_unique
75508XAA4,RYN,RAYONIER,COM,name_unique
J65729105,RYOJ,RYOJBABA CO LTD,COM,name_unique
76243J105,RYTM,RHYTHM PHARMACEUTICALS INC COM,Stock,name_unique
783754104,RYZ,RYERSON HOLDING CORP,COMMON STOCK,name_unique
76200L309,RZLT,REZOLUTE INC,COMMON STOCK,name_unique
G75398100,RZLV,REZOLVE AI PLC ORD SHS,Stock,name_unique
G75398118,RZLV,Rezolve AI PLC,*W EXP 08/15/20,name_unique
81730H109,S,SENTINELONE INC,CL A,name_unique
811916105,SA,SEABRIDGE GOLD INC,COM                        *D*,name_unique
811916956,SA,SEABRIDGE GOLD INC,EQUITY,name_unique
811927102,SA,SEABRIDGE GOLD INC COM,Stock,name_unique
811927953,SA,SEABRIDGE GOLD INC,EQUITY,name_unique
78573M104,SABR,SABRE CORP,COM,name_unique
78397T202,SABS,SAB BIOTHERAPEUTICS INC,COMMON STOCK,name_unique
78397T203,SABS,SAB BIOTHERAPEUTICS INC,COM NEW,name_unique
78645L100,SAFE,SAFEHOLD INC,COMMON STOCK,name_unique
78646V107,SAFE,SAFEHOLD INC,COM,name_unique
98400U103,SAFX,XCF GLOBAL INC,COM CL A,name_unique
G7779D108,SAGT,SAGTEC GLOBAL LTD,COM CLASS A,name_unique
83545G102,SAH,SONIC AUTOMOTIVE INC,CL A,name_unique
78709Y105,SAIA,SAIA INC,COM,name_unique
G7852T202,SAIH,SAIHEAT LTD,SHS CL A,name_unique
78781J109,SAIL,SAILPOINT INC COM,Stock,name_unique
78781P105,SAIL,SAILPOINT,COMMON STOCK,name_unique
100557107,SAM,BOSTON BEER INC CL A,Stock,name_unique
799566104,SANA,SANA BIOTECHNOLOGY INC,COM,name_unique
80100R408,SANG,SANGOMA TECHNOLOGIES CORP,COM NEW,name_unique
801056102,SANM,SANMINA CORP COM,Stock,name_unique
004846288,SAP,SAP SE,Common Stock - Foreign,name_unique
803050205,SAP,SAP SE,SAP,name_unique
D66992104,SAP,SAP SE,ADR,name_unique
85423L103,SARO,STANDARDAERO INC COM,Stock,name_unique
80401C100,SATL,SATELLOGIC INC,COM CL A,name_unique
80401C118,SATL,SATELLOGIC INC,*W EXP 01/25/202,name_unique
G7823S101,SATL,SATELLOGIC INC,CLASS A ORD SHS,name_unique
Y7388L103,SB,SAFE BULKERS INC,COMMON STOCK,name_unique
Y7388L129,SB,SAFE BULKERS,Listed Stock,name_unique
78388J106,SBAC,SBA COMMUNICATIONS CORP,COMMON STOCK,name_unique
78410G104,SBAC,SBA COMMUNICATIONS CORP CL A,REIT,name_unique
820014405,SBET,SHARPLINK INC,COM NEW,name_unique
867781502,SBFM,SUNSHINE BIOPHARMA INC,*W EXP 99/99/999,name_unique
867781700,SBFM,SUNSHINE BIOPHARMA INC,COM,name_unique
867781809,SBFM,SUNSHINE BIOPHARMA INC,COMMON STOCK,name_unique
829242106,SBGI,SINCLAIR INC CL A,Stock,name_unique
143816842,SBLK,Star Bulk Carriers,COM,name_unique
Y8162K204,SBLK,STAR BULK CARRIERS CORP.,SHS PAR,name_unique
785688102,SBR,SABINE ROYALTY TRUST,Common Stock,name_unique
78573L106,SBRA,SABRA HEALTH CARE REIT INC COM,REIT,name_unique
84470P109,SBSI,SOUTHSIDE BANCSHARES INC,COMMON STOCK,name_unique
82575P107,SBSW,SIBANYE STILLWATER LTD SPONSORED ADR,ADR,name_unique
855244109,SBUX,STARBUCKS CORP COM,Stock,name_unique
G81354105,SBXD,SILVERBOX CORP IV,SHS CL A,name_unique
G81354113,SBXD,SILVERBOX CORP IV,Private Common Stock,name_unique
G81354121,SBXD,SILVERBOX CORP IV,*W EXP 08/19/202,name_unique
84265V105,SCCO,SOUTHERN COPPER CORP,COM,name_unique
807066105,SCHL,SCHOLASTIC CORP COM,Stock,name_unique
808513015,SCHW,SCHWAB CHARLES CORP NEW,COM,name_unique
808513105,SCHW,SCHWAB CHARLES CORP COM,Stock,name_unique
83368E200,SCKT,SOCKET MOBILE INC,COM NEW,name_unique
858586100,SCL,STEPAN CO,COM,name_unique
80880W114,SCLX,SCILEX HOLDING CO,*W EXP 11/10/202,name_unique
80880W205,SCLX,SCILEX HOLDING CO,COM NEW,name_unique
20564W105,SCOR,COMSCORE INC,COM,name_unique
20564W204,SCOR,COMSCORE INC,COM NEW,name_unique
806037107,SCSC,SCANSOURCE INC,COM,name_unique
88583P203,SCWO,374WATER INC,COM,name_unique
811292101,SCYX,SCYNEXIS INC COM NEW,Common Stock,name_unique
811292200,SCYX,SCYNEXIS INC,COM NEW,name_unique
811292309,SCYX,SCYNEXIS INC,COM,name_unique
80007P869,SD,SANDRIDGE ENERGY INC,COMMON STOCK,name_unique
G85727108,SDA,SUNCAR TECHNOLOGY GROUP INC,CL A,name_unique
G85727116,SDA,SUNCAR TECHNOLOGY GROUP INC,*W EXP 05/17/202,name_unique
80810D103,SDGR,SCHRODINGER INC COM,Stock,name_unique
83207R107,SDHC,SMITH DOUGLAS HOMES CORP,COM SHS CL A,name_unique
627333404,SDOT,SADOT GROUP INC,COM,name_unique
627333503,SDOT,SADOT GROUP INC,COM,name_unique
G7997W102,SDRL,SEADRILL LIMITED,COMMON STOCK,name_unique
854936200,SDST,STARDUST POWER INC.,COMMON STOCK,name_unique
92854T209,SEAT,VIVID SEATS INC,COM CL A,name_unique
083417M10,SEDG,Solaredge Technologies Ord Shs,COM,name_unique
83417M104,SEDG,SOLAREDGE TECHNOLOGIES INC,COM,name_unique
G67828205,SEED,ORIGIN AGRITECH LIMITED,SHS NEW,name_unique
81578P106,SEER,SEER INC,COM CL A,name_unique
812215200,SEG,SEAPORT ENTERTAINMENT GROUP,COMMON STOCK,name_unique
37955N106,SELF,GLOBAL SELF STORAGE INC,CMN,name_unique
817070501,SENEA,SENECA FOODS CORP NEW,CL A,name_ambiguous_class_suffix
817070105,SENEB,SENECA FOODS CORP NEW,CL B,name_ambiguous_class_suffix
81727U303,SENS,SENSEONICS HOLDINGS INC,COMMON STOCK,name_unique
81734D104,SEPN,SEPTERNA INC COM,Stock,name_unique
81749D107,SERA,SERA PROGNOSTICS INC,CMN,name_unique
78397Q109,SES,SES AI CORPORATION,CL A COM,name_unique
00818E105,SEVN,SEVEN HILLS REALTY TRUST,COM,name_unique
81784E101,SEVN,SEVEN HILLS REALTY TRUST,REIT,name_unique
81784E105,SEVN,SEVEN HILLS REALTY TRUST,COM,name_unique
78435P105,SEZL,SEZZLE INC,COM,name_unique
81768T108,SFBS,SERVISFIRST BANCSHARES INC,COM,name_unique
832248207,SFD,SMITHFIELD FOODS INC,COMMON STOCK,name_unique
860897107,SFIX,STITCH FIX INC,COM CL A,name_unique
G7738W106,SFL,SFL CORP LTD,COMMON STOCK,name_unique
842873101,SFST,SOUTHERN FIRST BANCSHARES,COMMON STOCK,name_unique
87043Q108,SG,SWEETGREEN INC,COM CL A,name_unique
786598300,SGA,SAGA COMMUNICATIONS INC,CL A NEW,name_unique
G8588X103,SGHC,SUPER GROUP SGHC LIMITED,ORD SHS,name_unique
82657M105,SGHT,SIGHT SCIENCES INC,COMMON STOCK,name_unique
88023U101,SGI,SOMNIGROUP INTERNATIONAL INC COM,Stock,name_unique
826599102,SGML,SIGMA LITHIUM CORPORATION COM,Stock,name_unique
784933103,SGRP,SPAR GROUP INC,COM,name_unique
86881A100,SGRY,SURGERY PARTNERS INC,COM,name_unique
819047101,SHAK,SHAKE SHACK INC,CL A,name_unique
825107105,SHBI,SHORE BANCSHARES INC,COMMON STOCK,name_unique
83601L102,SHC,SOTERA HEALTH CO,COM,name_unique
83601L103,SHC,SOTERA HEALTH CO,COM,name_unique
824430300,SHFS,SHF HOLDINGS INC,CL A NEW,name_unique
82455M109,SHIM,SHIMMICK CORPORATION,COM,name_unique
82489W107,SHLS,SHOALS TECHNOLOGIES GROUP INC CL A,Stock,name_unique
N68722102,SHMD,SCHMID GROUP N.V.,EURO SHS CL A,name_unique
N68722110,SHMD,SCHMID GROUP N.V.,*W EXP 04/30/202,name_unique
00BX865C7,SHOP,Shopify Inc,Common Stock - Foreign,name_unique
82509L107,SHOP,SHOPIFY INC,CL A SUB VTG SHS,name_unique
82509L958,SHOP,SHOPIFY INC   CLASS A,EQUITY,name_unique
62482R107,SHW,Sherwin-williams co/the,COM,name_unique
824348106,SHW,SHERWIN WILLIAMS CO COM,Stock,name_unique
82537J108,SI,SHOULDER INNOVATIONS INC,COMMON STOCK,name_unique
825704109,SIBN,SI BONE INC,COM,name_unique
826165102,SIDU,SIDUS SPACE INC CL A COM NEW,Stock,name_unique
826165201,SIDU,SIDUS SPACE INC CL A,COMMON STOCK,name_unique
826917106,SIGA,SIGA TECHNOLOGIES INC,COMMON STOCK,name_unique
852066208,SII,SPROTT INC,COM NEW,name_unique
852066968,SII,SPROTT INC,EQUITY,name_unique
85210B201,SII,SPROTT,Junior Gold Miners ETF,name_unique
M84116108,SILC,SILICOM LTD,ORD,name_unique
82711P201,SILO,SILO PHARMA INC,cs,name_unique
82711P300,SILO,SILO PHARMA INC,COM,name_unique
G8431T101,SIMA,SIM Acquisition I Corp,Equity,name_unique
G8431T119,SIMA,SIM ACQUISITION CORP. I,*W EXP 06/01/203,name_unique
G8431T127,SIMA,SIM ACQUISITION CORP. I,TRUS,name_unique
829392703,SINT,SINTX TECHNOLOGIES INC,COM NEW,name_unique
829401108,SION,SIONNA THERAPEUTICS INC,COMMON STOCK,name_unique
82981J851,SITC,SITE CENTERS CORP,REIT,name_unique
82982L103,SITE,SITEONE LANDSCAPE SUPPLY INC,COM,name_unique
82982T106,SITM,SITIME CORP COM,Stock,name_unique
G7864D112,SJ,SCIENJOY HOLDING CORP,CLASS A ORD,name_unique
83056P913,SKE,SKEENA RESOURCES LTD,EQUITY,name_unique
83066P200,SKIL,Skillsoft Corp.,Common,name_unique
83066P309,SKIL,SKILLSOFT CORP,CL A,name_unique
88331L108,SKIN,SKINHEALTH SYSTEMS INC,COM CL A,name_unique
G8292E102,SKK,SKK HOLDINGS LIMITED,cs,name_unique
G8292E110,SKK,SKK HOLDINGS LIMITED,CL A ORD SHS NEW,name_unique
78440P306,SKM,SK TELECOM CO LTD SPONSORED ADR,ADR,name_unique
875465106,SKT,TANGER INC,COM,name_unique
826647106,SKY,CHAMPION HOMES INC,COM,name_unique
830830105,SKY,CHAMPION HOMES INC,COM,name_unique
83085C107,SKYH,SKY HARBOUR GROUP CORP,COMMON STOCK,name_unique
83087C204,SKYQ,SKY QUARRY INC.,COMMON STOCK,name_unique
83087C303,SKYQ,SKY QUARRY INC,COM NEW,name_unique
830879102,SKYW,SKYWEST INC COM,Stock,name_unique
00785E109,SKYX,SKYX PLATFORMS CORP,COM,name_unique
78471E105,SKYX,SKYX PLATFORMS CORP,COM,name_unique
78471E109,SKYX,SKYX PLATFORMS CORP,COM,name_unique
826919102,SLAB,SILICON LABORATORIES INC COM,Stock,name_unique
080685710,SLB,SLB Ord Shs,COM,name_unique
806517504,SLB,SLB,COM,name_unique
806857108,SLB,SLB LIMITED COM STK,Stock,name_unique
00834E208,SLDB,SOLID BIOSCIENCES INC,COM NEW,name_unique
83422E105,SLDB,SOLID BIOSCIENCES INC COM NEW,Stock,name_unique
83422E204,SLDB,SOLID BIOSCIENCES INC,COMMON STOCK,name_unique
83422N105,SLDP,SOLID POWER INC,CLASS A COM,name_unique
86804F509,SLE,SUPER LEAGUE ENTERPRISE INC,COM NEW,name_unique
002566124,SLF,Sun Life Financial Inc,Common Stock - Foreign,name_unique
866796105,SLF,SUN LIFE FINANCIAL INC. COM,Stock,name_unique
866796956,SLF,SUN LIFE FINANCIAL INC,EQUITY,name_unique
78440X804,SLG,SL GREEN REALTY CORP,COMMON STOCK,name_unique
M8694L103,SLGL,SOL GEL TECHNOLOGIES,SHS,name_unique
M8694L137,SLGL,SOL-GEL TECHNOLOGIES LTD,SHS NEW,name_unique
78442A109,SLM,SLM HOLDING CORP,COMMON STOCK,name_unique
78442P106,SLM,SLM CORP COM,Stock,name_unique
78490FKW8,SLM,SLM CORP,BCO,name_unique
G13311116,SLMT,BRERA HOLDINGS PLC,COM CL B NEW,name_unique
G13311132,SLMT,BRERA HOLDINGS PLC,CL B 2026,name_unique
82686Q101,SLN,SILENCE THERAPEUTICS PLC,ADS,name_unique
85236P101,SLNG,STABILIS SOLUTIONS INC,COM,name_unique
583543301,SLNH,SOLUNA HOLDINGS INC,COM NEW,name_unique
829214105,SLP,SIMULATIONS PLUS INC,COM,name_unique
816307300,SLQT,SELECTQUOTE INC,COM,name_unique
630079101,SLSN,SOLESENCE INC,COM,name_unique
871332102,SLVM,SYLVAMO CORP,COMMON STOCK,name_unique
G1281K114,SLXN,SILEXION THERAPEUTICS CORP,*W EXP 08/15/202,name_unique
G1281K130,SLXN,SILEXION THERAPEUTICS CORP,ORD SHS NEW,name_unique
G1281K148,SLXN,SILEXION THERAPEUTICS CORP,ORD SHS NEW,name_unique
78454L100,SM,SM ENERGY COMPANY COM,Stock,name_unique
843380106,SMBC,SOUTHERN MISSOURI BANCORP,COMMON STOCK,name_unique
83190L208,SMBK,SMARTFINANCIAL INC,COMMON STOCK,name_unique
86614G101,SMC,SUMMIT MIDSTREAM CORP,COMMON STOCK,name_unique
86800U104,SMCI,"Super Micro Computer, Inc.",SMCI,name_unique
86800U105,SMCI,SUPER MICRO COMPUTER INC,COM,name_unique
86800U302,SMCI,SUPER MICRO COMPUTER INC COM NEW,Stock,name_unique
86800U500,SMCI,SUPER MICRO COMPUTER INC,7 DEP CM SR A WI,name_unique
810186106,SMG,SCOTTS MIRACLE-GRO CO,CL A,name_unique
832156103,SMID,SMITH MIDLAND CORP,COMMON STOCK,name_unique
86627T108,SMMT,SUMMIT THERAPEUTICS INC,COMMON STOCK,name_unique
82900L102,SMPL,SIMPLY GOOD FOODS CO COM,Stock,name_unique
83193G107,SMRT,SMARTRENT INC,COMMON STOCK,name_unique
832154405,SMSI,SMITH MICRO SOFTWARE INC,COM SHS,name_unique
832154504,SMSI,SMITH MICRO SOFTWARE INC,COM NEW,name_unique
816850101,SMTC,SEMTECH CORP COM,Stock,name_unique
79957L100,SMTI,SANARA MEDTECH INC,COMMON STOCK,name_unique
83193D203,SMTK,SMARTKEM INC,COM NEW,name_unique
M84137104,SMWB,SIMILARWEB LTD,SHS,name_unique
MB4137104,SMWB,Similarweb Ltd.,COM,name_unique
83419H103,SMXT,SOLARMAX TECHNOLOGY INC,COM SHS,name_unique
833034101,SNA,SNAP ON INC COM,Stock,name_unique
83301J100,SNAL,SNAIL INC,CLASS A COM,name_unique
83304A106,SNAP,SNAP INC,CL A,name_unique
83304AAH9,SNAP,SNAP INC,FIXED INCOME,name_unique
83191H107,SND,SMART SAND INC,COM,name_unique
140475203,SNDA,SONIDA SENIOR LIVING INC,COMMON STOCK,name_unique
80004C101,SNDK,SanDisk Corporation,COM,name_unique
80004C200,SNDK,SANDISK CORP,COM,name_unique
83307B101,SNDL,SNDL INC,COM,name_unique
80689H102,SNDR,SCHNEIDER NATIONAL INC,CL B,name_unique
87164F105,SNDX,SYNDAX PHARMACEUTICALS INC,COM,name_unique
81720R604,SNES,SENESTECH INC,COM NEW,name_unique
84760T104,SNEX,STONEX GROUP INC,COM,name_unique
861896108,SNEX,STONEX GROUP INC,COM,name_unique
834223604,SNGX,SOLIGENIX INC,COM NEW,name_unique
000922320,SNN,Smith & Nephew PLC,Common Stock - Foreign,name_unique
83558L303,SNOA,SONOMA PHARMACEUTICALS INC,COM,name_unique
833445126,SNOW,SNOWFLAKE INC,COM CL A,name_unique
871607107,SNPS,SYNOPSYS INC COM,Stock,name_unique
81728N100,SNT,SENSTAR TECHNOLOGIES CORP,CMN,name_unique
G8062B114,SNTG,SENTAGE HOLDINGS INC,SHS NEW CL A,name_unique
816944102,SNTI,SENTI BIOSCIENCES HOLDINGS,COM NEW,name_unique
81726A209,SNTI,"Senti Biosciences, Inc.",COM NEW,name_unique
80303D305,SNWV,SANUWAVE HEALTH INC,CMN,name_unique
87162W100,SNX,TD SYNNEX CORPORATION COM,Stock,name_unique
87165D109,SNYR,SYNERGY CHC CORP COM NEW,Stock,name_unique
87165D208,SNYR,SYNERGY CHC CORP,COM NEW,name_unique
084258710,SO,Southern Ord Shs,COM,name_unique
842162109,SO,SOUTHERN CO,COM,name_unique
842587107,SO,SOUTHERN CO COM,Stock,name_unique
842587842,SO,SOUTHERN CO,CMN,name_unique
842587ED5,SO,SOUTHERN CO,FIXED INCOME,name_unique
00BMZMBC3,SOBO,South Bow Corp,Common Stock - Foreign,name_unique
83671M105,SOBO,SOUTH BOW CORP COM,Stock,name_unique
83671M956,SOBO,SOUTH BOW CORP,EQUITY,name_unique
833592405,SOBR,SOBR SAFE INC,COM,name_unique
78574H104,SOC,SABLE OFFSHORE CORP,COM SHS,name_unique
83406F102,SOFI,SOFI TECHNOLOGIES INC COM,Stock,name_unique
08344M101,SOLV,SOLVENTUM CORP,COM,name_unique
83548F408,SONM,DNA X INC,COM,name_unique
83570H108,SONO,SONOS INC,COM,name_unique
H82027105,SOPH,SOPHIA GENETICS SA,ORDINARY SHARES,name_unique
G8946B108,SORA,ASIASTRATEGY,ORD SHS,name_unique
G8274W104,SOS,SOS LIMITED,ORD SHS CL A,name_unique
835483108,SOTK,SONO TEK CORP,COM,name_unique
G82745103,SOUL,SOULPOWER ACQUISITION CORP,USD CL A ORD SHS,name_unique
G82745129,SOUL,SOULPOWER ACQUISITION CORP,TRUS,name_unique
836100107,SOUN,SOUNDHOUND AI INC CLASS A COM,Stock,name_unique
836100115,SOUN,SOUNDHOUND AI INC,*W EXP 04/26/202,name_unique
84612H106,SOWG,SOW GOOD INC,cs,name_unique
84612H304,SOWG,SOW GOOD INC,COM,name_unique
78642D101,SPAI,SAFE PRO GROUP INC,COM,name_unique
M87095309,SPCB,SUPERCOM LTD NEW,ORD SHS,name_unique
92766K106,SPCE,VIRGIN GALACTIC HOLDINGS INC,COMMON STOCK,name_unique
92766K403,SPCE,VIRGIN GALACTIC HOLDINGS INC,COMMON STOCK,name_unique
83946P107,SPFI,SOUTH PLAINS FINANCIAL INC,COM,name_unique
78409V104,SPGI,S&P GLOBAL INC COM,Stock,name_unique
78409V112,SPGI,S&P GLOBAL INC,COM SHS,name_unique
55826T102,SPHR,SPHERE ENTERTAINMENT CO CL A,Stock,name_unique
848560108,SPIR,"SPIRE GLOBAL, INC.",COM,name_unique
848560306,SPIR,SPIRE GLOBAL INC,COMMON STOCK,name_unique
G8316B100,SPKL,Spark I Acquisition Corp Ord Shs,Common Stock,name_unique
G8316B118,SPKL,SPARK I ACQUISITION CORP,*W EXP 10/01/203,name_unique
G8192H106,SPNT,SIRIUSPOINT LTD,COM,name_unique
84863T106,SPOK,SPOK HOLDINGS INC,COMMON STOCK,name_unique
L8681T102,SPOT,SPOTIFY TECHNOLOGY S A,SHS,name_unique
G8192U115,SPPL,SIMPPLE LTD,SHS NEW,name_unique
85209E108,SPRB,"Spruce Biosciences, Inc.",COM,name_unique
85209E208,SPRB,SPRUCE BIOSCIENCES INC,COM NEW,name_unique
M82618139,SPRC,SCISPARC LTD,COM NEW,name_unique
84833T103,SPRO,SPERO THERAPEUTICS INC,COM,name_unique
9837FR100,SPRU,SPRUCE POWER HOLDING CORP,COMMON STOCK,name_unique
9837FR209,SPRU,SPRUCE POWER HOLDING CORP,COM NEW,name_unique
82835W108,SPRY,ARS PHARMACEUTICALS INC,COM,name_unique
85209W109,SPT,SPROUT SOCIAL INC,COM CL A,name_unique
20460L104,SPWR,SUNPOWER INC,COM,name_unique
20460L112,SPWR,SUNPOWER INC,*W EXP 07/31/202,name_unique
00785E107,SPXC,SPX TECHNOLOGIES INC,COM,name_unique
78473E103,SPXC,SPX TECHNOLOGIES INC,COM,name_unique
78473E107,SPXC,SPX TECHNOLOGIES INC,COM,name_unique
848565107,SR,SPIRE CORP,Equities,name_unique
84857L101,SR,SPIRE INC,COM,name_unique
H8088L103,SRAD,SPORTRADAR GROUP AG,COM,name_unique
85227J106,SRBK,SR BANCORP INC,COMMON STOCK,name_unique
336901103,SRCE,1ST SOURCE CORP COM,Stock,name_unique
081685110,SRE,Sempra Ord Shs,COM,name_unique
816851109,SRE,SEMPRA COM,Stock,name_unique
816851909,SRE,Sempra,Common Stock,name_unique
868927203,SRFM,SURF AIR MOBILITY INC,CMN,name_unique
86183P102,SRI,STONERIDGE INC,COMMON STOCK,name_unique
G7T96K107,SRL,SCULLY ROYALTY LTD,COM SHS,name_unique
803607100,SRPT,SAREPTA THERAPEUTICS INC,COM,name_unique
092667104,SRTA,STRATA CRITICAL MEDICAL INC,CL A COM,name_unique
092667112,SRTA,STRATA CRITICAL MEDICAL INC,*W EXP 05/07/202,name_unique
81728J109,SRTS,SENSUS HEALTHCARE INC,COM,name_unique
N81409125,SSM,SONO GROUP N V,SHS NEW,name_unique
784730954,SSRM,SSR MINING INC,EQUITY,name_unique
82481B208,SSRM,SSR MINING INC,ADR,name_unique
87200P208,SST,SYSTEM1 INC,CL A COM,name_unique
82536T107,SSTI,SOUNDTHINKING INC,COM,name_unique
825690100,SSTK,SHUTTERSTOCK INC COM,Stock,name_unique
825CSH034,SSTK,SHUTTERSTOCK INC COM,COM,name_unique
M85548101,SSYS,STRATASYS LTD,SHS,name_unique
G8060M102,ST,Sensata Technologies Holding Plc,SHS,name_unique
N7902X106,ST,SENSATA TECHNOLOGIES HOLDING,COMMON STOCK-FO,name_unique
85254J102,STAG,STAG INDUSTRIAL INC,COM,name_unique
G84092116,STAK,STAK INC,SHS CL A,name_unique
783859101,STBA,S & T BANCORP INC COM,Stock,name_unique
859152100,STE,STERIS CORP,COMMON STOCK,name_unique
G84720104,STE,STERIS PLC,COM,name_unique
85859N300,STEM,STEM INC COM NEW,Stock,name_unique
85914M107,STEP,STEPSTONE GROUP INC,COM CL A,name_unique
101507101,STEW,SRH TOTAL RETURN FUND INC,COM,name_unique
09073N300,STEX,STREAMEX CORP,COM,name_unique
86300W107,STEX,STREAMEX CORP,COM,name_unique
85256A109,STGW,STAGWELL INC,COM CL A,name_unique
85512C105,STHO,STAR GROUP LP,CMN,name_unique
834212201,STI,SOLIDION TECHNOLOGY INC,COM NEW,name_unique
64131A105,STIM,NEURONETICS INC,COM,name_unique
83411A205,STKE,SOL STRATEGIES INC,COM,name_unique
858119100,STLD,STEEL DYNAMICS INC COM,Stock,name_unique
85472N109,STN,STANTEC INC COM,Stock,name_unique
85472N950,STN,STANTEC INC,EQUITY,name_unique
G85158106,STNE,STONECO LTD,COM CL A,name_unique
Y7542C106,STNG,SCORPIO TANKERS INC,COMMON STOCK-FO,name_unique
Y7542C130,STNG,SCORPIO TANKERS INC,SHS,name_unique
86150R107,STOK,STOKE THERAPEUTICS INC,COM,name_unique
859241101,STRL,STERLING INFRASTRUCTURE INC COM,Stock,name_unique
869367201,STRO,SUTRO BIOPHARMA INC,COMMON STOCK,name_unique
443787205,STRR,STAR EQUITY HOLDINGS INC,COM NEW,name_unique
863111100,STRT,STRATTEC SECURITY CORP,COMMON STOCK,name_unique
78463X798,STT,STATE STREET,COMMON STOCK,name_unique
78464A730,STT,STATE STREET,COMMON STOCK,name_unique
82024L103,STTK,SHATTUCK LABS INC,COMMON STOCK,name_unique
86384P109,STUB,STUBHUB HOLDINGS INC CLASS A,COMMON STOCK,name_unique
T9224W109,STVN,STEVANATO GROUP S P A ORD SHS,Stock,name_unique
00BKVD2N4,STX,SEAGATE TECHNOLOGY HOLDINGS,COM,name_unique
G7945J104,STX,SEAGATE TECHNOLOGY,COMMON STOCK,name_unique
SBKVD2N45,STX,SEAGATE TECHNOLOGY HOLDINGS PLC,EQUITY,name_unique
21036P108,STZ,CONSTELLATION BRANDS INC CL A,Stock,name_unique
00B3NB1P2,SU,Suncor Energy Inc,Common Stock - Foreign,name_unique
867224107,SU,SUNCOR ENERGY INC NEW COM,Stock,name_unique
867224958,SU,SUNCOR ENERGY INC,EQUITY,name_unique
59982U200,SUIG,SUI GROUP HOLDINGS LIMITED,COM NEW,name_unique
868459108,SUPN,SUPERNUS PHARMACEUTICALS,COM,name_unique
86882L204,SURG,SURGEPAYS INC,COM NEW,name_unique
P8696W104,SVA,SINOVAC BIOTECH LTD,SHS,name_unique
82728C102,SVCO,SILVACO GROUP INC,COMMON STOCK,name_unique
805111101,SVRA,SAVARA INC,COM,name_unique
Y6430L178,SVRN,OCEANPAL INC,COM,name_unique
00BRK49M5,SW,SMURFIT WESTROCK PLC,COM,name_unique
86260J102,SWAG,STRAN & CO INC,COMMON STOCK,name_unique
86260J110,SWAG,STRAN & COMPANY INC,*W EXP 99/99/999,name_unique
831754106,SWBI,SMITH & WESSON BRANDS INC,COM,name_unique
831756101,SWBI,"SMITH & WESSON BRANDS, INC.",COM,name_unique
51819L107,SWIM,LATHAM GROUP INC,COMMON STOCK,name_unique
854502101,SWK,STANLEY BLACK & DECKER INC COM,Stock,name_unique
83088M102,SWKS,SKYWORKS SOLUTIONS INC COM,Stock,name_unique
G86302117,SWVL,SWVL HOLDINGS CORP,*W EXP 99/99/999,name_unique
G86302125,SWVL,SWVL HOLDINGS CORP,CLASS A ORD NEW,name_unique
870875101,SWZ,TOTAL RETURN SECURITIES FUND,COM,name_unique
86722A103,SXC,SUNCOKE ENERGY INC,COMMON STOCK,name_unique
81725T100,SXT,SENSIENT TECHNOLOGIES CORP,COM,name_unique
83356Q108,SY,SO YOUNG INTERNATIONAL INC,SPONSORED ADS,name_unique
87165B103,SYF,SYNCHRONY FINANCIAL COM,Stock,name_unique
863667101,SYK,STRYKER CORPORATION COM,Stock,name_unique
86366710R,SYK,STRYKER CORP,COMMON STOCK,name_unique
87151X101,SYM,SYMBOTIC INC,COMMON STOCK,name_unique
87157D109,SYNA,SYNAPTICS INC COM,Stock,name_unique
871655106,SYPR,SYPRIS SOLUTIONS INC,COM,name_unique
00773J202,SYRE,SPYRE THERAPEUTICS INC,COM NEW,name_unique
009810862,SYY,Sysco Corp,COM,name_unique
871829107,SYY,SYSCO CORP COM,Stock,name_unique
G8193F109,SZZL,SIZZLE ACQUISITION CORP. II,USD CL A ORD SHS,name_unique
G8193F125,SZZL,SIZZLE ACQUISITION CORP. II,TRUS,name_unique
00206R102,T,AT&T INC,COM,name_unique
00206R10R,T,AT&T INC,COMMON STOCK,name_unique
BJ5954919,T,AT&T INC.,Common,name_unique
089346D10,TAC,TransAlta Ord Shs,COM,name_unique
89346D107,TAC,TRANSALTA CORP,COM,name_unique
89346D958,TAC,TRANSALTA CORP,EQUITY,name_unique
G8901A103,TACH,TITAN ACQUISITION CORP,CL A,name_unique
G8901A111,TACH,TITAN ACQUISITION CORP,*W EXP 05/16/203,name_unique
G1051H101,TACO,BERTO ACQUISITION CORP,ORD SHS,name_unique
G1051H119,TACO,BERTO ACQUISITION CORP,W EXP 05/01/203,name_unique
892918103,TACT,TRANSACT TECHNOLOGIES INC,CMN,name_unique
87484T108,TALO,TALOS ENERGY INC,COM,name_unique
G8675V135,TAOP,TAOPING INC,ORD SHS NEW,name_unique
87167T300,TAOX,TAO SYNERGIES INC,COM,name_unique
60871R100,TAP-A,MOLSON COORS BEVERAGE CO,CL A,name_ambiguous_class_suffix
74365U107,TARA,PROTARA THERAPEUTICS INC,COM STK,name_unique
87650L103,TARS,TARSUS PHARMACEUTICALS INC,COMMON STOCK,name_unique
87652V109,TASK,TASKUS INC,CLASS A COM,name_unique
M8740S227,TATT,TAT TECHNOLOGIES LTD,ORD NEW,name_unique
G86880104,TAVI,TAVIA ACQUISITION CORP,SHS,name_unique
877163105,TAYD,TAYLOR DEVICES INC,COMMON STOCK,name_unique
G0896C103,TBBB,BBB Foods Inc,COM,name_unique
05969A105,TBBK,BANCORP INC DEL,COM,name_unique
87252P106,TBCH,TURTLE BEACH CORP,COM,name_unique
900450206,TBCH,TURTLE BEACH CORP,COMMON STOCK,name_unique
89785X101,TBI,TRUEBLUE INC,COMMON STOCK,name_unique
M8744T106,TBLA,TABOOLA.COM LTD,ORD SHS,name_unique
M8744T114,TBLA,TABOOLA.COM LTD,*W EXP 99/99/999,name_unique
87507T101,TBN,TAMBORAN RESOURCES CORP,COMMON STOCK,name_unique
G8807B106,TBPH,THERAVANCE BIOPHARMA INC,COM,name_unique
896095106,TCBK,TRICO BANCSHARES,COMMON STOCK,name_unique
88422P109,TCBX,THIRD COAST BANCSHARES INC,COM,name_unique
98973P309,TCRT,ALAUNOS THERAPEUTICS INC,COM NEW,name_unique
89854M101,TCRX,Tscan Therapeutics Inc,COM,name_unique
002897222,TD,Toronto-Dominion Bank/The,Common Stock - Foreign,name_unique
891160954,TD,TORONTO DOMINION BANK,EQUITY,name_unique
36472T109,TDAY,USA TODAY CO INC,COM,name_unique
893641100,TDG,TRANSDIGM GROUP INC COM,Stock,name_unique
G28385105,TDIC,DREAMLAND LTD,SHS CL A,name_unique
G28385121,TDIC,DREAMLAND LTD,CL A ORD SHS,name_unique
87918A105,TDOC,TELADOC HEALTH INC,COM,name_unique
89616X106,TDTH,TRIDENT DIGITAL TECH HOLDING,SPONSORED ADS,name_unique
89616X205,TDTH,TRIDENT DIGITAL TECH HOLDING,SPON ADS,name_unique
00886E106,TDUP,THREDUP INC,CL A,name_unique
88556E102,TDUP,THREDUP INC   CLASS A,COMMON STOCK,name_unique
88556E106,TDUP,THREDUP INC,CL A,name_unique
88642R109,TDW,TIDEWATER INC NEW COM,Stock,name_unique
879360105,TDY,TELEDYNE TECHNOLOGIES INC COM,Stock,name_unique
879360106,TDY,Teledyne Technologies,COM,name_unique
35834F104,TE,T1 ENERGY INC COM NEW,Stock,name_unique
35834F112,TE,T1 ENERGY INC,*W EXP 07/09/202,name_unique
96002R103,TEAD,Teads Holding Co.,COM,name_unique
049468101,TEAM,ATLASSIAN CORPORATION CL A,Stock,name_unique
G06242104,TEAM,ATLASSIAN CORPORATION PLC,COMMON STOCK-FO,name_unique
09073M104,TECH,BIO-TECHNE CORP,COM,name_unique
002879327,TECK,Teck Resources Ltd,Common Stock - Foreign,name_unique
878742204,TECK,TECK RESOURCES LTD CL B,Stock,name_unique
878972108,TECX,TECTONIC THERAPEUTIC INC,COMMON STOCK,name_unique
G87052109,TEL,TE CONNECTIVITY PLC ORD SHS,Stock,name_unique
H84989104,TEL,TE CONNECTIVITY LTD,SHS,name_unique
872381108,TELA,TELA BIO INC,COM,name_unique
87975F104,TELO,TELOMIR PHARMACEUTICALS INC,COM,name_unique
87989F101,TEM,TEMPUS AI INC CLASS A,Equity,name_unique
88023B103,TEM,TEMPUS AI INC CL A,Stock,name_unique
88032L605,TENX,TENAX THERAPEUTICS INC,COM NEW,name_unique
879273209,TEO,TELECOM ARGENTINA SA,SPON ADR REP B,name_unique
880770102,TER,TERADYNE INC COM,Stock,name_unique
880779103,TEX,TEREX CORP NEW COM,Stock,name_unique
86787E109,TFC,TRUIST FINANCIAL CORP,COM,name_unique
89832Q810,TFC,TRUIST FINANCIAL CORP,SPI,name_unique
00BDRXBF4,TFII,TFI INTERNATIONAL INC,COM,name_unique
87241L109,TFII,TFI INTERNATIONAL INC COM,Stock,name_unique
87241L950,TFII,TFI INTERNATIONAL INC,EQUITY,name_unique
00897E304,TFIN,TRIUMPH FINANCIAL INC,COM,name_unique
89679E102,TFIN,TRIUMPH FINANCIAL INC,COM,name_unique
89679E300,TFIN,TRIUMPH FINANCIAL INC,COM,name_unique
879369106,TFX,TELEFLEX INCORPORATED,COM,name_unique
894650100,TG,TREDEGAR CORP,COM,name_unique
G38268101,TGE,GENERATION ESSENTIALS GROUP,CLASS A ORD SHS,name_unique
G4149Y102,TGHL,THE GROWHUB LTD,COM CL A,name_unique
89458T403,TGL,TREASURE GLOBAL INC,COM,name_unique
87877F103,TGLS,Tecnoglass Holdings Inc,COM,name_unique
G87264100,TGLS,TECNOGLASS INC,COMMON STOCK,name_unique
00876E110,TGT,TARGET CORP,COM,name_unique
087612110,TGT,TARGET CORP,COMMON STOCK,name_unique
876120000,TGT,TARGET CORP,COM,name_unique
87612E106,TGT,TARGET CORP COM,Stock,name_unique
87612E110,TGT,TARGET CORP,COM,name_unique
87612E118,TGT,TARGET CORP,COM,name_unique
87712E106,TGT,TARGET CORP,COM,name_unique
88322Q108,TGTX,TG THERAPEUTICS INC COM,Stock,name_unique
87615L107,TH,TARGET HOSPITALITY CORP,COMMON STOCK,name_unique
88033G100,THC,TENET HEALTHCARE CORP,COMMON STOCK,name_unique
88033G107,THC,Tenet Healthcare Corp.,COM,name_unique
88033G407,THC,TENET HEALTHCARE CORP,COM NEW,name_unique
G8656L130,THCH,TH INTERNATIONAL LIMITED,SHS NEW,name_unique
37253A103,THRM,GENTHERM INC,COM,name_unique
00510N102,TIC,TIC SOLUTIONS INC,COMMON STOCK,name_unique
45783C101,TIL,"Instil Bio, Inc.",Common Stock,name_unique
45783C200,TIL,Instil Bio Inc,COM NEW,name_unique
458665304,TILE,INTERFACE INC,COM,name_unique
88822Q103,TIPT,TIPTREE INC,COMMON STOCK,name_unique
878155308,TISI,TEAM INC,COM NEW,name_unique
88830R101,TITN,TITAN MACHINERY INC,COMMON STOCK,name_unique
G2588N108,TJGC,TJGC GROUP LTD,SHS,name_unique
G2588N116,TJGC,TJGC GROUP LTD,SHS,name_unique
G8726T105,TK,TEEKAY CORP LTD,COMMON STOCK,name_unique
Y8564W103,TK,Teekay Inc,COM,name_unique
02080L102,TKNO,ALPHA TEKNOVA INC,COMMON STOCK,name_unique
87256C101,TKO,TKO GROUP HOLDINGS INC CL A,Stock,name_unique
887389104,TKR,TIMKEN CO,COM,name_unique
87538X105,TLF,TANDY LEATHER FACTORY INC,COM,name_unique
87422Q109,TLN,TALEN ENERGY CORP COM,Stock,name_unique
00444T209,TLPH,TALPHERA INC,COM NEW,name_unique
88688T100,TLRY,TILRAY BRANDS INC,COMMON STOCK,name_unique
88688T209,TLRY,TILRAY BRANDS INC,COM,name_unique
87969B101,TLS,TELOS CORPORATION,COMMON STOCK,name_unique
G88912103,TLSA,TIZIANA LIFE SCIENCES LTD,COMMON SHARES,name_unique
89680M101,TLSI,TRISALUS LIFE SCIENCES INC,COM,name_unique
886885102,TLYS,TILLYS INC,CL A,name_unique
006900643,TM,Toyota Motor Corp,Common Stock - Foreign,name_unique
891482102,TM,TOYOTA MOTOR CORP,ADR,name_unique
892331307,TM,TOYOTA MOTOR CORP ADS,ADR,name_unique
J92676113,TM,TOYOTA MOTOR CORP COM,CS,name_unique
87261Y106,TMC,TMC THE METALS CO INC,COMMON STOCK,name_unique
87261Y114,TMC,TMC THE METALS COMPANY INC,*W EXP 09/09/202,name_unique
89377M109,TMDX,TRANSMEDICS GROUP INC,COM,name_unique
89377MAB5,TMDX,TRANSMEDICS GROUP INC,CV BND,name_unique
883556102,TMO,THERMO FISHER SCIENTIFIC INC COM,Stock,name_unique
087259010,TMUS,T Mobile US Ord Shs,COM,name_unique
872590104,TMUS,T-MOBILE US INC COM,Stock,name_unique
880345103,TNC,TENNANT CO,COM,name_unique
875372203,TNDM,TANDEM DIABETES CARE INC,COM NEW,name_unique
896288107,TNET,TRINET GROUP INC COM,Stock,name_unique
87583X109,TNGX,TANGO THERAPEUTICS INC,COM,name_unique
87583X110,TNGX,TANGO THERAPEUTICS INC,COM,name_unique
G8726X106,TNK,TEEKAY TANKERS LTD CLASS A,COMMON STOCK,name_unique
G8924F121,TNMG,TNL MEDIAGENE,SHS,name_unique
88066N113,TNON,TENON MEDICAL INC,*W EXP 06/16/202,name_unique
88066N303,TNON,TENON MEDICAL INC,COM,name_unique
87990A106,TNYA,TENAYA THERAPEUTICS INC,CMN,name_unique
889478103,TOL,TOLL BROTHERS INC COM,Stock,name_unique
890023203,TOMZ,TOMI ENVIRONMENTAL SOLUTIONS,COM NEW,name_unique
92337U302,TONX,TON STRATEGY CO,COM,name_unique
G989A6102,TOP,TOP FINANCIAL GROUP LTD,SHS CL A,name_unique
888787108,TOST,TOAST INC CL A,Stock,name_unique
G8976D107,TOYO,TOYO CO LTD,CMN,name_unique
901109108,TPC,TUTOR PERINI CORP,COM,name_unique
878739200,TPCS,TECHPRECISION CORP,COM NEW,name_unique
872657101,TPG,TPG INC,COM CL A,name_unique
88262P102,TPL,TEXAS PACIFIC LAND CORPORATION COM,Stock,name_unique
876030107,TPR,TAPESTRY INC COM,Stock,name_unique
87978U108,TPST,"Tempest Therapeutics, Inc.",Common Stock,name_unique
87978U207,TPST,TEMPEST THERAPEUTICS INC,COM NEW,name_unique
700215304,TRAK,REPOSITRAK INC,COMMON STOCK,name_unique
68232V801,TRAW,TRAWS PHARMA INC COM NEW,Stock,name_unique
68232V884,TRAW,TRAWS PHARMA INC,COM NEW,name_unique
879080109,TRC,TEJON RANCH CO,COMMON STOCK,name_unique
29384C108,TRDA,ENTRADA THERAPEUTICS INC COM,Stock,name_unique
29384C908,TRDA,ENTRADA THERAPEUTICS INC,COM,name_unique
52603B107,TREE,LENDINGTREE INC,COM,name_unique
894675107,TREE,LENDINGTREE INC NEW,COM,name_unique
89531P105,TREX,TREX INC,COM,name_unique
896945201,TRIP,TRIPADVISOR INC,COM,name_unique
896239100,TRMB,TRIMBLE INC COM,Stock,name_unique
898402102,TRMK,TRUSTMARK CORP,COM,name_unique
45840Y500,TRNR,INTERACTIVE STRENGTH INC,COM NEW,name_unique
45840Y609,TRNR,INTERACTIVE STRENGTH INC,COM,name_unique
893529107,TRNS,TRANSCAT INC,COM,name_unique
85237B101,TRON,TRON INC,CMN,name_unique
74144T108,TROW,PRICE T ROWE GROUP INC COM,Stock,name_unique
00BJMY6G0,TRP,TC Energy Corp,Common Stock - Foreign,name_unique
087807B10,TRP,TC Energy Ord Shs,COM,name_unique
87807B107,TRP,TC ENERGY CORP,COM,name_unique
87807B909,TRP,TC ENERGY CORP,EQUITY,name_unique
896215209,TRS,TRIMAS CORP,COM NEW,name_unique
G9124M106,TRSG,TUNGRAY TECHNOLOGIES INC,USD CL A ORD SHS,name_unique
89400J107,TRU,TRANSUNION COM,Stock,name_unique
898202106,TRUP,TRUPANION INC,COM,name_unique
00894E113,TRV,TRAVELERS COMPANIES INC,COM,name_unique
089417113,TRV,TRAVELERS COMPANIES INC,COMMON STOCK,name_unique
89417E109,TRV,TRAVELERS COMPANIES INC COM,Stock,name_unique
89417E113,TRV,TRAVELERS COMPANIES INC,COM,name_unique
89532M101,TRVI,TREVI THERAPEUTICS INC COM,Stock,name_unique
879512309,TSAT,TELESAT CORP,CL A & CL B SHS,name_unique
887098101,TSBK,TIMBERLAND BANCORP INC,COMMON STOCK,name_unique
001082379,TSEM,Tower Semiconductor Ltd.,TSEM,name_unique
006320605,TSEM,Tower Semiconductor Ltd,Common Stock - Foreign,name_unique
632060901,TSEM,TOWER SEMICONDUCTOR LTD,EQUITY,name_unique
S28981736,TSEM,TOWER SEMICONDUCTOR LTD,EQUITY,name_unique
877619106,TSHA,TAYSHA GENE THERAPIES INC,COMMON STOCK,name_unique
88160R101,TSLA,TESLA INC,COM,name_unique
88160R102,TSLA,TESLA INC,COM,name_unique
006889106,TSM,Taiwan Semiconductor Manufacturing Co Ltd,Common Stock - Foreign,name_unique
902494103,TSN,TYSON FOODS INC CL A,Stock,name_unique
892231101,TSQ,TOWNSQUARE MEDIA INC,CL A,name_unique
87288V101,TSSI,TSS INC,COMMON STOCK,name_unique
00BK9ZQ96,TT,TRANE TECHNOLOGIES PLC,COM,name_unique
SBK9ZQ968,TT,TRANE TECHNOLOGIES PLC,EQUITY,name_unique
B9151N105,TTAM,TITAN AMERICA SA,COMMON STOCK,name_unique
88339J105,TTD,THE TRADE DESK INC COM CL A,Stock,name_unique
00B15C557,TTE,TOTALENERGIES SE,FOREIGN,name_unique
89151E109,TTE,TotalEnergies SE,SPONSORED ADS,name_unique
B15C55900,TTE,TOTALENERGIES SE,EQUITY,name_unique
SB15C5570,TTE,TOTALENERGIES,EQUITY,name_unique
ZZC26D665,TTE,TOTALENERGIES SE,ACT,name_unique
88162G103,TTEK,TETRA TECH INC NEW,COM,name_unique
88162GAB9,TTEK,TETRA TECH INC NEW,DBCV 2.250% 8/1,name_unique
87874R100,TTGT,TECHTARGET,COMMON STOCK,name_unique
87874R308,TTGT,TECHTARGET INC,COM NEW,name_unique
88162F105,TTI,TETRA TECHNOLOGIES INC DEL,COM,name_unique
87305R109,TTMI,TTM TECHNOLOGIES INC,COM,name_unique
874054109,TTWO,TAKE-TWO INTERACTIVE SOFTWARE COM,Stock,name_unique
87971M103,TU,TELUS CORPORATION,COM,name_unique
87971M202,TU,TELUS CORP,COMMON STOCK-FO,name_unique
87971M996,TU,Telus Corp.,COM,name_unique
45765Y204,TULP,BLOOMIA HOLDINGS INC,COM NEW,name_unique
56155L108,TUSK,MAMMOTH ENERGY SERVICES INC,COM,name_unique
40049J206,TV,GRUPO TELEVISA S A B,SPON ADR REP ORD,name_unique
140755307,TVRD,TVARDI THERAPEUTICS INC,COM,name_unique
89422G107,TVTX,TRAVERE THERAPEUTICS INC,COM,name_unique
674434303,TWAV,TAOWEAVE INC,COM,name_unique
87318A101,TWFG,TWFG INC,COM CL A,name_unique
88830M102,TWI,TITAN INTERNATIONAL INC,COMMON STOCK,name_unique
901476101,TWIN,TWIN DISC INC,COMMON STOCK,name_unique
90138F102,TWLO,TWILIO INC CL A,Stock,name_unique
90184D100,TWST,TWIST BIOSCIENCE CORP,COM,name_unique
88025U109,TXG,10X GENOMICS INC CL A COM,Stock,name_unique
88338N206,TXMD,THERAPEUTICSMD INC,COM NEW,name_unique
882184108,TXN,TEXAS INSTRUMENTS INC,COM,name_unique
69349H107,TXNM,TXNM ENERGY INC COM,Stock,name_unique
69349HAF4,TXNM,TXNM ENERGY INC,FIXED INCOME,name_unique
882681109,TXRH,TEXAS ROADHOUSE INC COM,Stock,name_unique
883203101,TXT,TEXTRON INC COM,Stock,name_unique
77867P104,TYGO,TIGO ENERGY INC COM,Stock,name_unique
88675P103,TYGO,TIGO ENERGY INC,CMN,name_unique
902252105,TYL,TYLER TECHNOLOGIES INC COM,Stock,name_unique
90240B106,TYRA,TYRA BIOSCIENCES INC,COMMON STOCK,name_unique
90240B107,TYRA,TYRA BIOSCIENCES INC,COM,name_unique
89421Q205,TZOO,TRAVELZOO,CMN,name_unique
91332U101,U,UNITY SOFTWARE INC COM,Stock,name_unique
91332UAB7,U,UNITY SOFTWARE INC,EQUITY,name_unique
911549103,UAMY,UNITED STATES ANTIMONY CORP,COM,name_unique
90353T100,UBER,UBER TECHNOLOGIES INC COM,Stock,name_unique
90353T105,UBER,UBER TECHNOLOGIES INC,UBER,name_unique
00BRJL176,UBS,UBS Group AG,Common Stock - Foreign,name_unique
22539U602,UBS,UBS AG,ETRA CRU OIL SHS,name_unique
22542D225,UBS,UBS AG,ETRA SILV SHS CO,name_unique
H8928X127,UBS,UBS AG,COMMON STOCK,name_unique
H8929J150,UBS,UBS AG,COMMON STOCK,name_unique
SBRJL1761,UBS,UBS GROUP AG,EQUITY,name_unique
G9520U116,UCAR,U POWER LTD,USD CL A ORD SHS,name_unique
G9520U124,UCAR,U POWER LTD,ORD SHS CL A,name_unique
902653104,UDR,UDR INC COM,REIT,name_unique
910340108,UFCS,UNITED FIRE GROUP INC,COMMON STOCK,name_unique
904677200,UFI,UNIFI INC,COM NEW,name_unique
90278Q108,UFPI,UFP INDUSTRIES INC,COM,name_unique
902673102,UFPT,UFP TECHNOLOGIES INC,COM,name_unique
910571108,UG,UNITED GUARDIAN INC,COM,name_unique
90353W103,UI,UBIQUITI INC,COM,name_unique
909214108,UIS,UNISYS CORP,COMMON STOCK,name_unique
909214306,UIS,UNISYS CORP,COMMON STOCK,name_unique
G9449A142,UK,UCOMMUNE INTERNATIONAL LTD,COM,name_unique
903899102,ULBI,ULTRALIFE CORP,COM,name_unique
35906P105,ULCC,FRONTIER CORP,COMMON STOCK,name_unique
91388P105,ULH,UNIVERSAL LOGISTICS HOLDINGS,COMMON STOCK,name_unique
903731107,ULS,UL SOLUTIONS INC,CLASS A COM SHS,name_unique
90384S303,ULTA,ULTA BEAUTY INC COM,Stock,name_unique
006916628,UMC,United Microelectronics Corp,Common Stock - Foreign,name_unique
905400107,UNB,UNION BANKSHARES INC,CMN,name_unique
90466Y202,UNCY,UNICYCIVE THERAPEUTICS INC,COMMON STOCK,name_unique
910581107,UNH,UnitedHealth Group Inc.,COM,name_unique
91324P102,UNH,UNITEDHEALTH GROUP INC COM,Stock,name_unique
912932100,UNIT,UNITI GROUP LLC,COM SHS,name_unique
91325V108,UNIT,UNITI GROUP INC,COM,name_unique
91327T100,UNIT,UNITI GROUP INC NEW,COM,name_unique
91529Y106,UNM,UNUM GROUP COM,Stock,name_unique
090781810,UNP,Union Pacific Ord Shs,COM,name_unique
09234E102,UNP,Union pacific corp,COM,name_unique
96328L205,UP,WHEELS UP EXPERIENCE INC,COM CL A,name_unique
96328L304,UP,WHEELS UP EXPERIENCE INC,COM CL A,name_unique
91678A107,UPB,UPSTREAM BIO INC,COMMON STOCK,name_unique
76009N100,UPBD,UPBOUND GROUP INC COM,Stock,name_unique
G9442G138,UPC,UNIVERSE PHARMACEUTICALS INC,CL A ORD SHS,name_unique
91544A109,UPLD,UPLAND SOFTWARE INC,COMMON STOCK,name_unique
91544A208,UPLD,UPLAND SOFTWARE INC,COM NEW,name_unique
91131210R,UPS,UNITED PARCEL SERVICE INC,COMMON STOCK,name_unique
911312205,UPS,United Parcel Service Inc,UPS,name_unique
91688F104,UPWK,UPWORK INC,COM,name_unique
91688FAB0,UPWK,UPWORK INC,COM,name_unique
39959A205,UPXI,UPEXI INC,CMN,name_unique
917047102,URBN,URBAN OUTFITTERS INC,COM,name_unique
M96088105,URGN,UROGEN PHARMA LTD,COMMON STOCK,name_unique
911363109,URI,UNITED RENTALS INC COM,Stock,name_unique
911365103,URI,UNITED RENTALS INC,COM,name_unique
91703D100,UROY,Uranium Royalty Corporation COM,COM,name_unique
91733P107,USAR,USA RARE EARTH INC COM,Stock,name_unique
90355N101,USCB,USCB FINANCIAL HOLDINGS INC,COMMON STOCK,name_unique
Y92335101,USEA,UNITED MARITIME CORPORATION,CMN,name_unique
917313108,USIO,USIO INC,CMN,name_unique
90328M107,USNA,USANA HEALTH SCIENCES INC,COMMON STOCK,name_unique
80337L108,USPH,U S PHYSICAL THERAPY,COM,name_unique
90337L108,USPH,U S PHYSICAL THERAPY,COM,name_unique
91307C102,UTHR,UNITED THERAPEUTICS CORP DEL COM,Stock,name_unique
913259107,UTL,UNITIL CORP COM,Stock,name_unique
917488108,UTMD,UTAH MEDICAL PRODUCTS INC,COMMON STOCK,name_unique
918076100,UTSI,UTSTARCOM INC,COMMON STOCK,name_unique
G9310A122,UTSI,UTSTARCOM HOLDINGS CORP,ORDINARY SHARES,name_unique
918090101,UTZ,UTZ BRANDS INC COM CL A,Stock,name_unique
91823B109,UWMC,UWM HOLDINGS CORPORATION,COM CL A,name_unique
G93Y0A104,UYSC,UY SCUTI ACQUISITION CORP.,CMN,name_unique
92826C839,V,VISA INC,COM CL A,name_unique
BW7615659,V,VISA INC.,Common,name_unique
928031103,VABK,VIRGINIA NATIONAL BANKSHARES,COMMON STOCK,name_unique
G9460G101,VAL,VALARIS LTD CL A,Stock,name_unique
920437100,VALU,VALUE LINE INC,COMMON STOCK,name_unique
45784J303,VATE,INNOVATE CORP,COM NEW,name_unique
92512J106,VBNK,VERSABANK NEW,COM,name_unique
92839U107,VC,VISTEON CORP,COMMON STOCK,name_unique
92839U206,VC,VISTEON CORP,COM NEW,name_unique
92346J108,VCEL,VERICEL CORP,COMMON STOCK,name_unique
G98218400,VCIG,VCI GLOBAL LTD,ORD NEW,name_unique
92337F107,VCYT,VERACYTE INC COM,Stock,name_unique
693489122,VEEA,VEEA INC,COM,name_unique
90177C200,VEEE,TWIN VEE POWERCATS CO,COM NEW,name_unique
90177C309,VEEE,TWIN VEE POWERCATS CO,COM,name_unique
92262D101,VEL,VELOCITY FINANCIAL INC,COMMON STOCK,name_unique
92259N302,VELO,VELO3D INC,COMMON STOCK,name_unique
92337R101,VERA,VERA THERAPEUTICS INC,COMMON STOCK,name_unique
92347M100,VERI,VERITONE INC,COM,name_unique
92536C103,VERU,VERU INC,COMMON STOCK,name_unique
92536C202,VERU,VERU INC,COM NEW,name_unique
92538J106,VERX,VERTEX INC,CL A,name_unique
923725105,VET,VERMILION ENERGY INC COM,Stock,name_unique
923725956,VET,VERMILION ENERGY INC,EQUITY,name_unique
918204108,VFC,V F CORP COM,Stock,name_unique
Y9390M103,VFS,VINFAST AUTO LTD,CMN,name_unique
Y9390M111,VFS,VINFAST AUTO LTD,*W EXP 08/11/202,name_unique
92333F101,VG,VENTURE GLOBAL INC,COM CL A,name_unique
923372106,VGAS,VERDE CLEAN FUELS INC,CLASS A COM,name_unique
923372114,VGAS,VERDE CLEAN FUELS INC,*W EXP 02/15/202,name_unique
92556W104,VIA,VIA TRANSPORTATION INC CL A,COMMON STOCK,name_unique
925550105,VIAV,VIAVI SOLUTIONS INC,COM,name_unique
126349109,VICI,Vici properties inc,COM,name_unique
925815102,VICR,VICOR CORP,COM,name_unique
00BRDXKH1,VIK,VIKING HOLDINGS LTD,COM,name_unique
G93A5A101,VIK,VIKING HOLDINGS LTD,ORD SHS,name_unique
G9451V109,VINP,VINCI COMPASS INVESTMENTS LTD,COM CL A,name_unique
92764N102,VIR,VIR BIOTECHNOLOGY INC,COM,name_unique
927651109,VIRC,VIRCO MFG CO,COM,name_unique
20337X109,VISN,VISTANCE NETWORKS INC,COM,name_unique
92847W103,VITL,VITAL FARMS INC,COM,name_unique
G9376R209,VIVO,VIVOPOWER PLC,CL A ORD SHS,name_unique
68620A302,VIVS,VIVOSIM LABS INC,COM,name_unique
46131J103,VKQ,INVESCO MUNICIPAL TRUST,COM,name_unique
92686J106,VKTX,VIKING THERAPEUTICS INC,COM,name_unique
M9607U107,VLN,VALENS SEMICONDUCTOR LTD,*W EXP 09/30/202,name_unique
M9607U115,VLN,VALENS SEMICONDUCTOR LTD,ORDINARY SHARES,name_unique
92663R105,VMD,VIEMED HEALTHCARE INC,COM,name_unique
921659108,VNDA,VANDA PHARMACEUTICALS INC,COM,name_unique
G9580A109,VNME,VENDOME ACQUISITION CORP I,COM CL A,name_unique
G9580A117,VNME,VENDOME ACQUISITION CORP I,*W EXP 07/03/202,name_unique
64361Q101,VNOM,VIPER ENERGY INC,CL A,name_unique
927959106,VNOM,VIPER ENERGY INC,COM,name_unique
92841M109,VNT,VONTIER CORP,COM,name_unique
928881101,VNT,VONTIER CORPORATION,COM,name_unique
929033207,VOR,VOR BIOPHARMA INC,COMMON STOCK,name_unique
92919F103,VOXR,VOX ROYALTY CORP,COMMON STOCK,name_unique
929089100,VOYA,VOYA FINANCIAL INC COM,Stock,name_unique
929089209,VOYA,VOYA FINANCIAL INC,Common Stock,name_unique
92835K103,VPG,VISHAY PRECISION GROUP INC,COM,name_unique
92335C106,VRA,VERA BRADLEY INC,COM,name_unique
G9495L125,VRAX,VIRAX BIOLABS GROUP LTD,SHS NEW,name_unique
G9495L133,VRAX,VIRAX BIOLABS GROUP LTD,ORD SHS,name_unique
92511W207,VRCA,VERRICA PHARMACEUTICALS INC,COM SHS,name_unique
92214X106,VREX,VAREX IMAGING CORP,COMMON STOCK,name_unique
92918V109,VRM,VROOM INC,COM,name_unique
92918V307,VRM,"VROOM, INC",COM NEW,name_unique
92346X206,VRME,VERIFYME INC,COM NEW,name_unique
92511U102,VRRM,VERRA MOBILITY CORP CL A COM STK,Stock,name_unique
92345Y106,VRSK,VERISK ANALYTICS INC COM,Stock,name_unique
92537N108,VRT,VERTIV HOLDINGS CO COM CL A,Stock,name_unique
92540Q106,VS,VERSUS SYSTEMS INC,COM,name_unique
92552V100,VSAT,VIASAT INC,COM,name_unique
918284100,VSEC,VSE CORP COM,Stock,name_unique
918284209,VSEC,VSE CORP,CONV,name_unique
253893101,VSEE,VSEE HEALTH INC COM,Stock,name_unique
92919Y102,VSEE,VSEE HEALTH INC,CMN,name_unique
928298108,VSH,VISHAY INTERTECHNOLOGY INC COM,Stock,name_unique
G9517U111,VSME,VS MEDIA HOLDINGS LTD.,CL A ORD SHS NEW,name_unique
092840M10,VST,Vistra Ord Shs,COM,name_unique
92840M102,VST,VISTRA CORP COM,Stock,name_unique
98740Y302,VSTD,VESTAND INC.,CL A NEW,name_unique
92337C203,VSTM,VERASTEM INC,COMMON STOCK,name_unique
29430C102,VSTS,VESTIS CORPORATION,COM SHS,name_unique
92840H400,VTGN,VISTAGEN THERAPEUTICS INC,COM,name_unique
11040G103,VTOL,BRISTOW GROUP INC,COM,name_unique
92276F100,VTR,VENTAS INC COM,REIT,name_unique
62854AAN4,VTRS,VIATRIS INC,UDD,name_unique
92556V106,VTRS,VIATRIS INC COM,Stock,name_unique
92556V906,VTRS,VIATRIS INC COM,Stock,name_unique
92852X103,VTS,VITESSE ENERGY INC COMMON STOCK,Stock,name_unique
92827K301,VTSI,VIRTRA INC,CMN,name_unique
918385204,VTVT,VTV THERAPEUTICS INC,CL A NEW,name_unique
92921W300,VUZI,VUZIX CORP,COM NEW,name_unique
92859E207,VVOS,VIVOS THERAPEUTICS INC,COM NEW,name_unique
92859E211,VVOS,VIVOS THERAPEUTICS INC,COM NEW,name_unique
92047W101,VVV,VALVOLINE INC COM,Stock,name_unique
92242T101,VVX,V2X INC,COM,name_unique
066644105,VWAV,VISIONWAVE HOLDINGS INC COM,Stock,name_unique
927950105,VWAV,VISIONWAVE HOLDINGS INC,COM,name_unique
927950113,VWAV,VISIONWAVE HOLDINGS INC,*W EXP 07/14/203,name_unique
92915B106,VYGR,VOYAGER THERAPEUTICS INC,COMMON STOCK,name_unique
00629E112,VYX,NCR VOYIX CORPORATION,COM,name_unique
62882E108,VYX,NCR VOYIX CORPORATION,COM,name_unique
62886E108,VYX,NCR VOYIX CORPORATION,COM,name_unique
62886E112,VYX,NCR VOYIX CORPORATION,COM,name_unique
92343V104,VZ,VERIZON COMMUNICATIONS INC COM,Stock,name_unique
92343V954,VZ,Verizon Communications,COM,name_unique
92343VEC4,VZ,VERIZON COMMUNICATIONS INC.,Common,name_unique
94419L101,W,WAYFAIR INC,CL A,name_unique
957090103,WABC,WESTAMERICA BANCORPORATION COM,Stock,name_unique
938824109,WAFD,WAFD INC,COM,name_unique
G9503X103,WALD,WALDENCAST PLC,CLASS A ORD SHS,name_unique
G9503X111,WALD,WALDENCAST PLC,*W EXP 07/27/202,name_unique
940610108,WASH,WASHINGTON TRUST BANCORP,COMMON STOCK,name_unique
29272C301,WATT,ENERGOUS CORP,CMN,name_unique
G9513S110,WBUY,WEBUY GLOBAL LTD,SHS NEW CL A,name_unique
00BYQFRK5,WCN,Waste Connections Inc,Common Stock - Foreign,name_unique
094106B10,WCN,Waste Connections Ord Shs,COM,name_unique
941053100,WCN,Waste Connections,COM,name_unique
94106B101,WCN,WASTE CONNECTIONS INC COM,Stock,name_unique
93148P102,WD,WALKER & DUNLOP INC,COM,name_unique
98138H101,WDAY,WORKDAY INC CL A,Stock,name_unique
958102105,WDC,WESTERN DIGITAL CORP COM,Stock,name_unique
929236107,WDFC,WD 40 CO COM,Stock,name_unique
94724R108,WEAV,WEAVE COMMUNICATIONS INC,COM,name_unique
92939U106,WEC,WEC ENERGY GROUP INC COM,Stock,name_unique
42217K106,WELL,WELLTOWER INC,COM,name_unique
94974N102,WELL,WELLTOWER INC,COM,name_unique
95040Q104,WELL,WELLTOWER INC COM,REIT,name_unique
95058W100,WEN,WENDYS CO COM,Stock,name_unique
G9R39C103,WENN,WEN ACQUISITION CORP,COM CL A,name_unique
G9R39C111,WENN,WEN ACQUISITION CORP,*W EXP 99/99/999,name_unique
950755108,WERN,WERNER ENTERPRISES INC,COM,name_unique
96145W103,WEST,WESTROCK COFFEE CO,COM,name_unique
961881208,WETH,WETOUCH TECHNOLOGY INC,COM NEW,name_unique
G9513A101,WETO,WETOUR ROBOTICS LTD,SHS,name_unique
96208T104,WEX,WEX INC,COM,name_unique
962149100,WEYS,WEYCO GROUP INC COM,Stock,name_unique
96327X200,WFCF,WHERE FOOD COMES FROM INC,COM NEW,name_unique
002951098,WFG,WEST FRASER TIMBER CO LTD,COM,name_unique
952845105,WFG,WEST FRASER TIMBER CO LTD COM,Stock,name_unique
952845956,WFG,WEST FRASER TIMBER CO LTD,EQUITY,name_unique
81663L200,WGS,GENEDX HOLDINGS CORP,COM CL A,name_unique
98311A105,WH,WYNDHAM HOTELS & RESORTS INC,COM,name_unique
127203107,WHD,CACTUS INC,CL A,name_unique
961765104,WHG,WESTWOOD HOLDINGS GROUP INC,COMMON STOCK,name_unique
00032Q104,WHWK,WHITEHAWK THERAPEUTICS INC,CMN,name_unique
G9687V204,WIMI,WIMI HOLOGRAM CLOUD INC,ORD SHS CL B NEW,name_unique
974250102,WINA,WINMARK CORP,COM,name_unique
974155103,WING,WINGSTOP INC COM,Stock,name_unique
001130178,WIX,WIX.COM LTD,COM,name_unique
98139A105,WK,WORKIVA INC COM CL A,Stock,name_unique
981475106,WKC,WORLD KINECT CORPORATION,COM,name_unique
98138J503,WKHS,WORKHORSE GROUP INC,COM NEW,name_unique
98139Q308,WKSP,WORKSPORT LTD,CMN,name_unique
96924N100,WLDN,WILLDAN GROUP INC,COM,name_unique
M97838193,WLDS,WEARABLE DEVICES LTD,*W EXP 09/12/202,name_unique
M97838219,WLDS,WEARABLE DEVICES LTD,*W EXP 09/12/202,name_unique
M97838300,WLDS,WEARABLE DEVICES LTD,SHS,name_unique
M97838409,WLDS,WEARABLE DEVICES LTD,SHS,name_unique
970646105,WLFC,WILLIS LEASE FINANCE CORP,COMMON STOCK,name_unique
960413102,WLK,WESTLAKE CORPORATION,COM,name_unique
094106L10,WM,Waste Management Ord Shs,COM,name_unique
941063109,WM,WASTE MANAGEMENT INC,COMMON STOCK,name_unique
94106K101,WM,WASTE MANAGEMENT INC,COMMON STOCK,name_unique
934550203,WMG,WARNER MUSIC GROUP CORP,COM CL A,name_unique
931142103,WMT,WALMART INC,COM,name_unique
929566107,WNC,WABASH NATIONAL CORP,COMMON STOCK,name_unique
958892101,WNEB,WESTERN NEW ENGLAND BANCORP,COMMON STOCK,name_unique
G9604C123,WNW,MEIWU TECHNOLOGY COMPANY LTD,SHS NEW,name_unique
G9604C131,WNW,MEIWU TECHNOLOGY COMPANY LTD,SHS NEW,name_unique
977852102,WOLF,WOLFSPEED INC DEL,COM,name_unique
97785W106,WOLF,WOLFSPEED INC COM,Stock,name_unique
97785W205,WOLF,WOLFSPEED INC DEL,EQUITY,name_unique
71601V105,WOOF,PETCO HEALTH AND WELLNESS CO,COMMON STOCK,name_unique
981811102,WOR,WORTHINGTON ENTERPRISES INC,COM,name_unique
00BF13KN5,WPM,Wheaton Precious Metals Corp,Common Stock - Foreign,name_unique
962879102,WPM,WHEATON PRECIOUS METALS CORP COM,Stock,name_unique
962879953,WPM,WHEATON PRECIOUS METALS CORP,EQUITY,name_unique
960908507,WPRT,WESTPORT FUEL SYSTEMS INC,CMN,name_unique
98212N107,WRAP,WRAP TECHNOLOGIES INC,COM,name_unique
084423102,WRB,BERKLEY W R CORP COM,Stock,name_unique
084423870,WRB,BERKLEY W R CORP,Common Stock,name_unique
93403J106,WRBY,WARBY PARKER INC CLASS A,COMMON STOCK,name_unique
950810101,WSBC,WESBANCO INC,COM,name_unique
969904101,WSM,WILLIAMS SONOMA INC COM,Stock,name_unique
942622101,WSO-B,WATSCO INC,CL B CONV,name_ambiguous_class_suffix
97717P104,WT,WISDOMTREE INC,COM,name_unique
95123P106,WTBA,WEST BANCORPORATION,COMMON STOCK,name_unique
G9717M109,WTG,WINTERGREEN ACQUISITION CORP,SHS,name_unique
92922P106,WTI,W & T OFFSHORE INC,COM,name_unique
029670G10,WTRG,Essential Utilities Ord Shs,COM,name_unique
94179J101,WTS,WATTS WATER TECHNOLOGIES INC,COM CL A,name_unique
942749102,WTS,WATTS WATER TECHNOLOGIES INC CL A,Stock,name_unique
81617J301,WTTR,SELECT WATER SOLUTIONS INC,CL A COM,name_unique
BRSYCC972,WTW,WILLIS TOWERS WATSON PLC,COM,name_unique
88080T104,WULF,TERAWULF INC,COM,name_unique
94352A104,WVE,Wave Life Sciences Inc.,COM,name_unique
98262P101,WW,WW INTERNATIONAL INC,COMMON STOCK,name_unique
980745103,WWD,WOODWARD INC COM,Stock,name_unique
096216610,WY,Weyerhaeuser Company,COM,name_unique
962166104,WY,WEYERHAEUSER CO COM NEW,REIT,name_unique
962166954,WY,Weyerhaeuser Co.,COM,name_unique
G96115103,WYFI,WHITEFIBER INC,COMMON STOCK,name_unique
983134107,WYNN,WYNN RESORTS LTD,COM,name_unique
08862L202,XAIR,BEYOND AIR INC,COM NEW,name_unique
08862L301,XAIR,Beyond Air Inc,COM,name_unique
984015602,XBIO,XENETIC BIOSCIENCES INC,COM,name_unique
98400H102,XBIT,XBIOTECH INC,COM,name_unique
98400V200,XBP,XBP GLOBAL HOLDINGS INC,COM NEW,name_unique
98370X103,XCH,XCHG LTD,SPONSORED ADS,name_unique
30205M201,XCUR,EXICURE INC,COM,name_unique
30205M309,XCUR,EXICURE INC,COM,name_unique
098389B10,XEL,Xcel Energy Ord Shs,COM,name_unique
98389B100,XEL,XCEL ENERGY INC COM,Stock,name_unique
98400M200,XELB,XCEL BRANDS INC,COM,name_unique
98420N105,XENE,XENON PHARMACEUTICALS INC COM,Stock,name_unique
00984E107,XERS,XERIS BIOPHARMA HOLDINGS INC,COM,name_unique
98422E103,XERS,XERIS BIOPHARMA HOLDINGS INC,COM,name_unique
98422E107,XERS,XERIS BIOPHARMA HOLDINGS INC,COM,name_unique
98422E115,XERS,XERIS BIOPHARMA HOLDINGS INC,COM,name_unique
98420X103,XFOR,"X4 Pharmaceuticals, Inc.",COM,name_unique
98420X202,XFOR,X4 PHARMACEUTICALS INC,COMMON STOCK,name_unique
30068X103,XGN,EXAGEN INC,COM,name_unique
984017103,XHR,XENIA HOTELS & RESORTS INC COM,REIT,name_unique
98422T100,XLO,Xilio Therapeutics Inc.,COM,name_unique
98422T209,XLO,XILIO THERAPEUTICS INC,COM,name_unique
98423F109,XMTR,XOMETRY INC,CLASS A COM,name_unique
98401F105,XNCR,XENCOR INC,COMMON STOCK,name_unique
98423B116,XOS,XOS INC,*W EXP 08/20/202,name_unique
98423B306,XOS,XOS INC,COM,name_unique
98423X100,XOS,XOS INC,COM,name_unique
G98239109,XP,XP INC CL A,Stock,name_unique
G98239210,XP,XP INC,CL A,name_unique
SBK4Y0520,XP,XP CLASS A INC,EQUITY,name_unique
98379L100,XPEL,XPEL INC,COM,name_unique
98423J101,XPER,XPERI INC,COMMON STOCK,name_unique
983793100,XPO,XPO INC COM,Stock,name_unique
G3314M109,XPRO,EXPRO LTD ORD SHS,Stock,name_unique
N3144W105,XPRO,EXPRO GROUP HOLDINGS NV,COMMON STOCK,name_unique
N33462107,XPRO,EXPRO GROUP HOLDINGS NV COM,Stock,name_unique
24906P109,XRAY,DENTSPLY SIRONA INC,COM,name_unique
37954A204,XRN,CHIRON REAL ESTATE INC,COMMON STOCK,name_unique
37954A303,XRN,CHIRON REAL ESTATE INC,REIT,name_unique
G0R38G104,XRPN,ARMADA ACQUISITION CORP II,COM CL A,name_unique
G0R38G112,XRPN,ARMADA ACQUISITION CORP II,*W EXP 05/21/203,name_unique
98420Q306,XRTX,XORTX THERAPEUTICS INC,COM,name_unique
98420Q405,XRTX,XORTX THERAPEUTICS INC,COM,name_unique
984121103,XRX,XEROX CORP,COM,name_unique
98421M106,XRX,XEROX HOLDINGS CORP,COMMON STOCK,name_unique
98421M114,XRX,XEROX HOLDINGS CORP,*W EXP 02/11/202,name_unique
98423K405,XTIA,XTI AEROSPACE INC,COM NEW,name_unique
98420U703,XWEL,XWELL INC COM NEW,Stock,name_unique
98420U802,XWEL,XWELL INC,COM NEW,name_unique
098419M10,XYL,Xylem Ord Shs,COM,name_unique
98416B104,XYL,XYLEM INC,COM,name_unique
98419M100,XYL,XYLEM INC COM,Stock,name_unique
852234103,XYZ,BLOCK INC CL A,Stock,name_unique
G9876W112,YAAS,YOUXIN TECHNOLOGY LTD,SHS CL A,name_unique
G98301107,YDES,YD BIO LTD,SHS,name_unique
G9835J103,YDES,YD BIO LTD,*W EXP 08/28/203,name_unique
G0137L110,YDKG,YUEDA DIGITAL HOLDING,ORD USD 4 CL A,name_unique
985817105,YELP,YELP INC CL A,Stock,name_unique
98585N106,YEXT,YEXT INC,COMMON STOCK,name_unique
98873Q209,YHGJ,YUNHONG GREEN CTI LTD,COM NEW,name_unique
98873N305,YJ,Yunji Inc,Common Stock,name_unique
987184108,YORW,YORK WATER CO,COMMON STOCK,name_unique
18467V109,YOU,CLEAR SECURE INC,COM CL A,name_unique
984245100,YPF,YPF SOCIEDAD ANONIMA,SPON ADR CL D,name_unique
G9877T100,YSXT,YSX TECH CO  LTD,SHS CL A,name_unique
G98338109,YTRA,Yatra Online Incorporated Ord SHS,Common Stock,name_unique
988498101,YUM,YUM BRANDS INC COM,Stock,name_unique
988498810,YUM,"Yum! Brands, Inc.",COM,name_unique
98983V105,YUMC,YUM CHINA HOLDINGS INC,COM,name_unique
BN2BD1907,YUMC,YUM CHINA HOLDINGS INC,EQUITY,name_unique
SBN2BD130,YUMC,YUM CHINA HOLDINGS INC,EQUITY,name_unique
831445507,YYAI,AIRWA  INC,COM    NEW,name_unique
831445606,YYAI,AIRWA INC,COM NEW,name_unique
G989MC106,ZBAO,ZHIBAO TECHNOLOGY INC,USD ORD CL A SHS,name_unique
98956P102,ZBH,ZIMMER BIOMET HOLDINGS INC COM,Stock,name_unique
98937L105,ZBIO,ZENAS BIOPHARMA INC COM,Stock,name_unique
989207105,ZBRA,ZEBRA TECHNOLOGIES CORPORATION CL A,Stock,name_unique
G9897X123,ZCMD,ZHONGCHAO INC,CL A ORD SHS,name_unique
G9897X149,ZCMD,ZHONGCHAO INC,CL A ORD SHS,name_unique
48123V102,ZD,ZIFF DAVIS INC,COM,name_unique
G7241B144,ZDAI,DIRECTBOOKING TECHNOLOGY CO,ORD SHS CL A,name_unique
98936T208,ZENA,ZENATECH INC,CMN,name_unique
98944F109,ZEO,ZEO ENERGY CORP,CL A,name_unique
98956A105,ZETA,ZETA GLOBAL HOLDINGS CORP CL A,Stock,name_unique
98980L101,ZM,ZOOM COMMUNICATIONS INC CL A,Stock,name_unique
G2287A142,ZNB,ZETA NETWORK GROUP,CL A ORD SHS NEW,name_unique
98943L107,ZNTL,ZENTALIS PHARMACEUTICALS INC,COMMON STOCK,name_unique
M2573A106,ZOOZ,ZOOZ STRATEGY LTD,SHARE,name_unique
M2573A197,ZOOZ,ZOOZ STRATEGY LTD,*W EXP 04/02/202,name_unique
M2573A239,ZOOZ,ZOOZ STRATEGY LTD,ORD SHS,name_unique
98980G102,ZS,ZSCALER INC COM,Stock,name_unique
98980W107,ZSPC,ZSPACE INC,Equity,name_unique
98980W206,ZSPC,ZSPACE INC COM,Common Stock,name_unique
98956L101,ZSTK,ZEROSTACK CORP,COM,name_unique
G98892105,ZTG,ZENTA GROUP CO LTD,ORD SHS CLASS A,name_unique
98978V103,ZTS,ZOETIS INC CL A,Stock,name_unique
989817101,ZUMZ,ZUMIEZ INC,COMMON STOCK,name_unique
G9TY5A101,ZURA,ZURA BIO LTD,COMMON STOCK,name_unique
98955K104,ZVIA,ZEVIA PBC,CL A,name_unique
488445206,ZVRA,ZEVRA THERAPEUTICS INC COM NEW,Stock,name_unique
98985Y108,ZYME,ZYMEWORKS INC,COM,name_unique
